2025-09-29 14:08:57,597 INFO  LogisticsApplication [StartupInfoLogger.java:53] Starting LogisticsApplication using Java 17.0.5 with PID 22780 (C:\Users\1\Desktop\LOGISTICS\logistics\target\classes started by 1 in C:\Users\1\Desktop\LOGISTICS\logistics)
2025-09-29 14:08:57,599 INFO  LogisticsApplication [SpringApplication.java:652] No active profile set, falling back to 1 default profile: "default"
2025-09-29 14:08:57,947 INFO  RepositoryConfigurationDelegate [RepositoryConfigurationDelegate.java:145] Bootstrapping Spring Data JPA repositories in DEFAULT mode.
2025-09-29 14:08:57,961 INFO  RepositoryConfigurationDelegate [RepositoryConfigurationDelegate.java:213] Finished Spring Data repository scanning in 9 ms. Found 0 JPA repository interfaces.
2025-09-29 14:08:58,212 INFO  TomcatWebServer [TomcatWebServer.java:111] Tomcat initialized with port 8080 (http)
2025-09-29 14:08:58,225 INFO  Http11NioProtocol [DirectJDKLog.java:168] Initializing ProtocolHandler ["http-nio-8080"]
2025-09-29 14:08:58,226 INFO  StandardService [DirectJDKLog.java:168] Starting service [Tomcat]
2025-09-29 14:08:58,226 INFO  StandardEngine [DirectJDKLog.java:168] Starting Servlet engine: [Apache Tomcat/10.1.46]
2025-09-29 14:08:58,260 INFO  [/] [DirectJDKLog.java:168] Initializing Spring embedded WebApplicationContext
2025-09-29 14:08:58,261 INFO  ServletWebServerApplicationContext [ServletWebServerApplicationContext.java:301] Root WebApplicationContext: initialization completed in 637 ms
2025-09-29 14:08:58,337 INFO  HikariDataSource [HikariDataSource.java:109] HikariPool-1 - Starting...
2025-09-29 14:08:58,422 INFO  HikariPool [HikariPool.java:580] HikariPool-1 - Added connection org.postgresql.jdbc.PgConnection@6002e944
2025-09-29 14:08:58,423 INFO  HikariDataSource [HikariDataSource.java:122] HikariPool-1 - Start completed.
2025-09-29 14:08:58,507 INFO  database [JavaLogger.java:37] Set default schema name to public
2025-09-29 14:08:58,568 INFO  command [JavaLogger.java:37] Command execution complete
2025-09-29 14:08:58,572 WARN  AnnotationConfigServletWebServerApplicationContext [AbstractApplicationContext.java:635] Exception encountered during context initialization - cancelling refresh attempt: org.springframework.beans.factory.BeanCreationException: Error creating bean with name 'entityManagerFactory' defined in class path resource [org/springframework/boot/autoconfigure/orm/jpa/HibernateJpaConfiguration.class]: Failed to initialize dependency 'liquibase' of LoadTimeWeaverAware bean 'entityManagerFactory': Error creating bean with name 'liquibase' defined in class path resource [org/springframework/boot/autoconfigure/liquibase/LiquibaseAutoConfiguration$LiquibaseConfiguration.class]: liquibase.exception.ChangeLogParseException: classpath:db/changelog/changelog-master.yaml does not exist
2025-09-29 14:08:58,572 INFO  HikariDataSource [HikariDataSource.java:349] HikariPool-1 - Shutdown initiated...
2025-09-29 14:08:58,588 INFO  HikariDataSource [HikariDataSource.java:351] HikariPool-1 - Shutdown completed.
2025-09-29 14:08:58,590 INFO  StandardService [DirectJDKLog.java:168] Stopping service [Tomcat]
2025-09-29 14:08:58,599 INFO  ConditionEvaluationReportLogger [ConditionEvaluationReportLogger.java:82] 

Error starting ApplicationContext. To display the condition evaluation report re-run your application with 'debug' enabled.
2025-09-29 14:08:58,611 ERROR LoggingFailureAnalysisReporter [LoggingFailureAnalysisReporter.java:40] 

***************************
APPLICATION FAILED TO START
***************************

Description:

Liquibase failed to start because no changelog could be found at 'classpath:db/changelog/changelog-master.yaml'.

Action:

Make sure a Liquibase changelog is present at the configured path.

2025-09-29 14:10:14,252 INFO  LogisticsApplication [StartupInfoLogger.java:53] Starting LogisticsApplication using Java 17.0.5 with PID 19020 (C:\Users\1\Desktop\LOGISTICS\logistics\target\classes started by 1 in C:\Users\1\Desktop\LOGISTICS\logistics)
2025-09-29 14:10:14,254 INFO  LogisticsApplication [SpringApplication.java:652] No active profile set, falling back to 1 default profile: "default"
2025-09-29 14:10:14,612 INFO  RepositoryConfigurationDelegate [RepositoryConfigurationDelegate.java:145] Bootstrapping Spring Data JPA repositories in DEFAULT mode.
2025-09-29 14:10:14,627 INFO  RepositoryConfigurationDelegate [RepositoryConfigurationDelegate.java:213] Finished Spring Data repository scanning in 9 ms. Found 0 JPA repository interfaces.
2025-09-29 14:10:14,878 INFO  TomcatWebServer [TomcatWebServer.java:111] Tomcat initialized with port 8080 (http)
2025-09-29 14:10:14,891 INFO  Http11NioProtocol [DirectJDKLog.java:168] Initializing ProtocolHandler ["http-nio-8080"]
2025-09-29 14:10:14,892 INFO  StandardService [DirectJDKLog.java:168] Starting service [Tomcat]
2025-09-29 14:10:14,892 INFO  StandardEngine [DirectJDKLog.java:168] Starting Servlet engine: [Apache Tomcat/10.1.46]
2025-09-29 14:10:14,929 INFO  [/] [DirectJDKLog.java:168] Initializing Spring embedded WebApplicationContext
2025-09-29 14:10:14,929 INFO  ServletWebServerApplicationContext [ServletWebServerApplicationContext.java:301] Root WebApplicationContext: initialization completed in 649 ms
2025-09-29 14:10:15,005 INFO  HikariDataSource [HikariDataSource.java:109] HikariPool-1 - Starting...
2025-09-29 14:10:15,093 INFO  HikariPool [HikariPool.java:580] HikariPool-1 - Added connection org.postgresql.jdbc.PgConnection@2b08772d
2025-09-29 14:10:15,094 INFO  HikariDataSource [HikariDataSource.java:122] HikariPool-1 - Start completed.
2025-09-29 14:10:15,177 INFO  database [JavaLogger.java:37] Set default schema name to public
2025-09-29 14:10:15,241 INFO  command [JavaLogger.java:37] Command execution complete
2025-09-29 14:10:15,244 WARN  AnnotationConfigServletWebServerApplicationContext [AbstractApplicationContext.java:635] Exception encountered during context initialization - cancelling refresh attempt: org.springframework.beans.factory.BeanCreationException: Error creating bean with name 'entityManagerFactory' defined in class path resource [org/springframework/boot/autoconfigure/orm/jpa/HibernateJpaConfiguration.class]: Failed to initialize dependency 'liquibase' of LoadTimeWeaverAware bean 'entityManagerFactory': Error creating bean with name 'liquibase' defined in class path resource [org/springframework/boot/autoconfigure/liquibase/LiquibaseAutoConfiguration$LiquibaseConfiguration.class]: liquibase.exception.ChangeLogParseException: classpath:db/changelog/changelog-master.yaml does not exist
2025-09-29 14:10:15,244 INFO  HikariDataSource [HikariDataSource.java:349] HikariPool-1 - Shutdown initiated...
2025-09-29 14:10:15,258 INFO  HikariDataSource [HikariDataSource.java:351] HikariPool-1 - Shutdown completed.
2025-09-29 14:10:15,259 INFO  StandardService [DirectJDKLog.java:168] Stopping service [Tomcat]
2025-09-29 14:10:15,268 INFO  ConditionEvaluationReportLogger [ConditionEvaluationReportLogger.java:82] 

Error starting ApplicationContext. To display the condition evaluation report re-run your application with 'debug' enabled.
2025-09-29 14:10:15,279 ERROR LoggingFailureAnalysisReporter [LoggingFailureAnalysisReporter.java:40] 

***************************
APPLICATION FAILED TO START
***************************

Description:

Liquibase failed to start because no changelog could be found at 'classpath:db/changelog/changelog-master.yaml'.

Action:

Make sure a Liquibase changelog is present at the configured path.

2025-09-29 14:15:23,271 INFO  LogisticsApplication [StartupInfoLogger.java:53] Starting LogisticsApplication using Java 17.0.5 with PID 2844 (C:\Users\1\Desktop\LOGISTICS\logistics\target\classes started by 1 in C:\Users\1\Desktop\LOGISTICS\logistics)
2025-09-29 14:15:23,272 INFO  LogisticsApplication [SpringApplication.java:652] No active profile set, falling back to 1 default profile: "default"
2025-09-29 14:18:18,366 INFO  LogisticsApplication [StartupInfoLogger.java:53] Starting LogisticsApplication using Java 17.0.5 with PID 28716 (C:\Users\1\Desktop\LOGISTICS\logistics\target\classes started by 1 in C:\Users\1\Desktop\LOGISTICS\logistics)
2025-09-29 14:18:18,367 INFO  LogisticsApplication [SpringApplication.java:652] No active profile set, falling back to 1 default profile: "default"
2025-09-29 14:18:18,726 INFO  RepositoryConfigurationDelegate [RepositoryConfigurationDelegate.java:145] Bootstrapping Spring Data JPA repositories in DEFAULT mode.
2025-09-29 14:18:18,739 INFO  RepositoryConfigurationDelegate [RepositoryConfigurationDelegate.java:213] Finished Spring Data repository scanning in 7 ms. Found 0 JPA repository interfaces.
2025-09-29 14:18:18,971 INFO  TomcatWebServer [TomcatWebServer.java:111] Tomcat initialized with port 8080 (http)
2025-09-29 14:18:18,979 INFO  Http11NioProtocol [DirectJDKLog.java:168] Initializing ProtocolHandler ["http-nio-8080"]
2025-09-29 14:18:18,980 INFO  StandardService [DirectJDKLog.java:168] Starting service [Tomcat]
2025-09-29 14:18:18,980 INFO  StandardEngine [DirectJDKLog.java:168] Starting Servlet engine: [Apache Tomcat/10.1.46]
2025-09-29 14:18:19,013 INFO  [/] [DirectJDKLog.java:168] Initializing Spring embedded WebApplicationContext
2025-09-29 14:18:19,013 INFO  ServletWebServerApplicationContext [ServletWebServerApplicationContext.java:301] Root WebApplicationContext: initialization completed in 621 ms
2025-09-29 14:18:19,098 INFO  HikariDataSource [HikariDataSource.java:109] HikariPool-1 - Starting...
2025-09-29 14:18:19,179 INFO  HikariPool [HikariPool.java:580] HikariPool-1 - Added connection org.postgresql.jdbc.PgConnection@750ed637
2025-09-29 14:18:19,180 INFO  HikariDataSource [HikariDataSource.java:122] HikariPool-1 - Start completed.
2025-09-29 14:18:19,256 INFO  database [JavaLogger.java:37] Set default schema name to public
2025-09-29 14:18:19,468 INFO  command [JavaLogger.java:37] Command execution complete
2025-09-29 14:18:19,471 WARN  AnnotationConfigServletWebServerApplicationContext [AbstractApplicationContext.java:635] Exception encountered during context initialization - cancelling refresh attempt: org.springframework.beans.factory.BeanCreationException: Error creating bean with name 'entityManagerFactory' defined in class path resource [org/springframework/boot/autoconfigure/orm/jpa/HibernateJpaConfiguration.class]: Failed to initialize dependency 'liquibase' of LoadTimeWeaverAware bean 'entityManagerFactory': Error creating bean with name 'liquibase' defined in class path resource [org/springframework/boot/autoconfigure/liquibase/LiquibaseAutoConfiguration$LiquibaseConfiguration.class]: liquibase.exception.ChangeLogParseException: Error parsing classpath:db/changelog/changelog-master.yaml : Error parsing db/changelog/010-tables.yaml : Unexpected node: 2)
2025-09-29 14:18:19,472 INFO  HikariDataSource [HikariDataSource.java:349] HikariPool-1 - Shutdown initiated...
2025-09-29 14:18:19,525 INFO  HikariDataSource [HikariDataSource.java:351] HikariPool-1 - Shutdown completed.
2025-09-29 14:18:19,526 INFO  StandardService [DirectJDKLog.java:168] Stopping service [Tomcat]
2025-09-29 14:18:19,535 INFO  ConditionEvaluationReportLogger [ConditionEvaluationReportLogger.java:82] 

Error starting ApplicationContext. To display the condition evaluation report re-run your application with 'debug' enabled.
2025-09-29 14:18:19,546 ERROR SpringApplication [SpringApplication.java:857] Application run failed
org.springframework.beans.factory.BeanCreationException: Error creating bean with name 'entityManagerFactory' defined in class path resource [org/springframework/boot/autoconfigure/orm/jpa/HibernateJpaConfiguration.class]: Failed to initialize dependency 'liquibase' of LoadTimeWeaverAware bean 'entityManagerFactory': Error creating bean with name 'liquibase' defined in class path resource [org/springframework/boot/autoconfigure/liquibase/LiquibaseAutoConfiguration$LiquibaseConfiguration.class]: liquibase.exception.ChangeLogParseException: Error parsing classpath:db/changelog/changelog-master.yaml : Error parsing db/changelog/010-tables.yaml : Unexpected node: 2)
	at org.springframework.beans.factory.support.AbstractBeanFactory.doGetBean(AbstractBeanFactory.java:328)
	at org.springframework.beans.factory.support.AbstractBeanFactory.getBean(AbstractBeanFactory.java:207)
	at org.springframework.context.support.AbstractApplicationContext.finishBeanFactoryInitialization(AbstractApplicationContext.java:970)
	at org.springframework.context.support.AbstractApplicationContext.refresh(AbstractApplicationContext.java:627)
	at org.springframework.boot.web.servlet.context.ServletWebServerApplicationContext.refresh(ServletWebServerApplicationContext.java:146)
	at org.springframework.boot.SpringApplication.refresh(SpringApplication.java:752)
	at org.springframework.boot.SpringApplication.refreshContext(SpringApplication.java:439)
	at org.springframework.boot.SpringApplication.run(SpringApplication.java:318)
	at org.springframework.boot.SpringApplication.run(SpringApplication.java:1361)
	at org.springframework.boot.SpringApplication.run(SpringApplication.java:1350)
	at com.example.logistics.LogisticsApplication.main(LogisticsApplication.java:10)
Caused by: org.springframework.beans.factory.BeanCreationException: Error creating bean with name 'liquibase' defined in class path resource [org/springframework/boot/autoconfigure/liquibase/LiquibaseAutoConfiguration$LiquibaseConfiguration.class]: liquibase.exception.ChangeLogParseException: Error parsing classpath:db/changelog/changelog-master.yaml : Error parsing db/changelog/010-tables.yaml : Unexpected node: 2)
	at org.springframework.beans.factory.support.AbstractAutowireCapableBeanFactory.initializeBean(AbstractAutowireCapableBeanFactory.java:1826)
	at org.springframework.beans.factory.support.AbstractAutowireCapableBeanFactory.doCreateBean(AbstractAutowireCapableBeanFactory.java:607)
	at org.springframework.beans.factory.support.AbstractAutowireCapableBeanFactory.createBean(AbstractAutowireCapableBeanFactory.java:529)
	at org.springframework.beans.factory.support.AbstractBeanFactory.lambda$doGetBean$0(AbstractBeanFactory.java:339)
	at org.springframework.beans.factory.support.DefaultSingletonBeanRegistry.getSingleton(DefaultSingletonBeanRegistry.java:373)
	at org.springframework.beans.factory.support.AbstractBeanFactory.doGetBean(AbstractBeanFactory.java:337)
	at org.springframework.beans.factory.support.AbstractBeanFactory.getBean(AbstractBeanFactory.java:202)
	at org.springframework.beans.factory.support.AbstractBeanFactory.doGetBean(AbstractBeanFactory.java:315)
	... 10 common frames omitted
Caused by: liquibase.exception.CommandExecutionException: liquibase.exception.ChangeLogParseException: Error parsing classpath:db/changelog/changelog-master.yaml : Error parsing db/changelog/010-tables.yaml : Unexpected node: 2)
	at liquibase.command.CommandScope.execute(CommandScope.java:236)
	at liquibase.Liquibase.lambda$update$0(Liquibase.java:223)
	at liquibase.Scope.lambda$child$0(Scope.java:197)
	at liquibase.Scope.child(Scope.java:206)
	at liquibase.Scope.child(Scope.java:196)
	at liquibase.Scope.child(Scope.java:175)
	at liquibase.Liquibase.runInScope(Liquibase.java:1361)
	at liquibase.Liquibase.update(Liquibase.java:215)
	at liquibase.Liquibase.update(Liquibase.java:197)
	at liquibase.integration.spring.SpringLiquibase.performUpdate(SpringLiquibase.java:329)
	at liquibase.integration.spring.SpringLiquibase.afterPropertiesSet(SpringLiquibase.java:284)
	at org.springframework.beans.factory.support.AbstractAutowireCapableBeanFactory.invokeInitMethods(AbstractAutowireCapableBeanFactory.java:1873)
	at org.springframework.beans.factory.support.AbstractAutowireCapableBeanFactory.initializeBean(AbstractAutowireCapableBeanFactory.java:1822)
	... 17 common frames omitted
Caused by: liquibase.exception.ChangeLogParseException: Error parsing classpath:db/changelog/changelog-master.yaml : Error parsing db/changelog/010-tables.yaml : Unexpected node: 2)
	at liquibase.parser.core.yaml.YamlChangeLogParser.parse(YamlChangeLogParser.java:94)
	at liquibase.command.core.helpers.DatabaseChangelogCommandStep.lambda$getDatabaseChangeLog$0(DatabaseChangelogCommandStep.java:115)
	at liquibase.Scope.child(Scope.java:206)
	at liquibase.Scope.child(Scope.java:182)
	at liquibase.command.core.helpers.DatabaseChangelogCommandStep.getDatabaseChangeLog(DatabaseChangelogCommandStep.java:114)
	at liquibase.command.core.helpers.DatabaseChangelogCommandStep.run(DatabaseChangelogCommandStep.java:93)
	at liquibase.command.CommandScope.execute(CommandScope.java:213)
	... 29 common frames omitted
Caused by: liquibase.exception.SetupException: Error parsing db/changelog/010-tables.yaml : Unexpected node: 2)
	at liquibase.changelog.DatabaseChangeLog.handleChildNode(DatabaseChangeLog.java:453)
	at liquibase.changelog.DatabaseChangeLog.load(DatabaseChangeLog.java:376)
	at liquibase.parser.core.yaml.YamlChangeLogParser.parse(YamlChangeLogParser.java:88)
	... 35 common frames omitted
Caused by: liquibase.exception.ChangeLogParseException: Error parsing db/changelog/010-tables.yaml : Unexpected node: 2)
	at liquibase.parser.core.yaml.YamlChangeLogParser.parse(YamlChangeLogParser.java:94)
	at liquibase.changelog.DatabaseChangeLog.include(DatabaseChangeLog.java:879)
	at liquibase.changelog.DatabaseChangeLog.handleChildNode(DatabaseChangeLog.java:443)
	... 37 common frames omitted
Caused by: liquibase.parser.core.ParsedNodeException: Unexpected node: 2)
	at liquibase.change.ColumnConfig.load(ColumnConfig.java:784)
	at liquibase.change.AbstractChange.load(AbstractChange.java:704)
	at liquibase.changelog.ChangeSet.toChange(ChangeSet.java:577)
	at liquibase.changelog.ChangeSet.handleChildNode(ChangeSet.java:500)
	at liquibase.changelog.ChangeSet.handleChildNode(ChangeSet.java:496)
	at liquibase.changelog.ChangeSet.load(ChangeSet.java:424)
	at liquibase.changelog.DatabaseChangeLog.createChangeSet(DatabaseChangeLog.java:931)
	at liquibase.changelog.DatabaseChangeLog.handleChildNode(DatabaseChangeLog.java:413)
	at liquibase.changelog.DatabaseChangeLog.load(DatabaseChangeLog.java:376)
	at liquibase.parser.core.yaml.YamlChangeLogParser.parse(YamlChangeLogParser.java:88)
	... 39 common frames omitted
2025-09-29 14:23:13,252 INFO  LogisticsApplication [StartupInfoLogger.java:53] Starting LogisticsApplication using Java 17.0.5 with PID 28952 (C:\Users\1\Desktop\LOGISTICS\logistics\target\classes started by 1 in C:\Users\1\Desktop\LOGISTICS\logistics)
2025-09-29 14:23:13,253 INFO  LogisticsApplication [SpringApplication.java:652] No active profile set, falling back to 1 default profile: "default"
2025-09-29 14:23:13,625 INFO  RepositoryConfigurationDelegate [RepositoryConfigurationDelegate.java:145] Bootstrapping Spring Data JPA repositories in DEFAULT mode.
2025-09-29 14:23:13,648 INFO  RepositoryConfigurationDelegate [RepositoryConfigurationDelegate.java:213] Finished Spring Data repository scanning in 7 ms. Found 0 JPA repository interfaces.
2025-09-29 14:23:13,888 INFO  TomcatWebServer [TomcatWebServer.java:111] Tomcat initialized with port 8080 (http)
2025-09-29 14:23:13,895 INFO  Http11NioProtocol [DirectJDKLog.java:168] Initializing ProtocolHandler ["http-nio-8080"]
2025-09-29 14:23:13,897 INFO  StandardService [DirectJDKLog.java:168] Starting service [Tomcat]
2025-09-29 14:23:13,897 INFO  StandardEngine [DirectJDKLog.java:168] Starting Servlet engine: [Apache Tomcat/10.1.46]
2025-09-29 14:23:13,930 INFO  [/] [DirectJDKLog.java:168] Initializing Spring embedded WebApplicationContext
2025-09-29 14:23:13,930 INFO  ServletWebServerApplicationContext [ServletWebServerApplicationContext.java:301] Root WebApplicationContext: initialization completed in 650 ms
2025-09-29 14:23:14,012 INFO  HikariDataSource [HikariDataSource.java:109] HikariPool-1 - Starting...
2025-09-29 14:23:14,095 INFO  HikariPool [HikariPool.java:580] HikariPool-1 - Added connection org.postgresql.jdbc.PgConnection@1bedc703
2025-09-29 14:23:14,096 INFO  HikariDataSource [HikariDataSource.java:122] HikariPool-1 - Start completed.
2025-09-29 14:23:14,175 INFO  database [JavaLogger.java:37] Set default schema name to public
2025-09-29 14:23:14,377 INFO  command [JavaLogger.java:37] Command execution complete
2025-09-29 14:23:14,381 WARN  AnnotationConfigServletWebServerApplicationContext [AbstractApplicationContext.java:635] Exception encountered during context initialization - cancelling refresh attempt: org.springframework.beans.factory.BeanCreationException: Error creating bean with name 'entityManagerFactory' defined in class path resource [org/springframework/boot/autoconfigure/orm/jpa/HibernateJpaConfiguration.class]: Failed to initialize dependency 'liquibase' of LoadTimeWeaverAware bean 'entityManagerFactory': Error creating bean with name 'liquibase' defined in class path resource [org/springframework/boot/autoconfigure/liquibase/LiquibaseAutoConfiguration$LiquibaseConfiguration.class]: liquibase.exception.ChangeLogParseException: Error parsing classpath:db/changelog/changelog-master.yaml : Error parsing db/changelog/010-tables.yaml : Unexpected node: 2)
2025-09-29 14:23:14,382 INFO  HikariDataSource [HikariDataSource.java:349] HikariPool-1 - Shutdown initiated...
2025-09-29 14:23:14,383 INFO  HikariDataSource [HikariDataSource.java:351] HikariPool-1 - Shutdown completed.
2025-09-29 14:23:14,386 INFO  StandardService [DirectJDKLog.java:168] Stopping service [Tomcat]
2025-09-29 14:23:14,394 INFO  ConditionEvaluationReportLogger [ConditionEvaluationReportLogger.java:82] 

Error starting ApplicationContext. To display the condition evaluation report re-run your application with 'debug' enabled.
2025-09-29 14:23:14,405 ERROR SpringApplication [SpringApplication.java:857] Application run failed
org.springframework.beans.factory.BeanCreationException: Error creating bean with name 'entityManagerFactory' defined in class path resource [org/springframework/boot/autoconfigure/orm/jpa/HibernateJpaConfiguration.class]: Failed to initialize dependency 'liquibase' of LoadTimeWeaverAware bean 'entityManagerFactory': Error creating bean with name 'liquibase' defined in class path resource [org/springframework/boot/autoconfigure/liquibase/LiquibaseAutoConfiguration$LiquibaseConfiguration.class]: liquibase.exception.ChangeLogParseException: Error parsing classpath:db/changelog/changelog-master.yaml : Error parsing db/changelog/010-tables.yaml : Unexpected node: 2)
	at org.springframework.beans.factory.support.AbstractBeanFactory.doGetBean(AbstractBeanFactory.java:328)
	at org.springframework.beans.factory.support.AbstractBeanFactory.getBean(AbstractBeanFactory.java:207)
	at org.springframework.context.support.AbstractApplicationContext.finishBeanFactoryInitialization(AbstractApplicationContext.java:970)
	at org.springframework.context.support.AbstractApplicationContext.refresh(AbstractApplicationContext.java:627)
	at org.springframework.boot.web.servlet.context.ServletWebServerApplicationContext.refresh(ServletWebServerApplicationContext.java:146)
	at org.springframework.boot.SpringApplication.refresh(SpringApplication.java:752)
	at org.springframework.boot.SpringApplication.refreshContext(SpringApplication.java:439)
	at org.springframework.boot.SpringApplication.run(SpringApplication.java:318)
	at org.springframework.boot.SpringApplication.run(SpringApplication.java:1361)
	at org.springframework.boot.SpringApplication.run(SpringApplication.java:1350)
	at com.example.logistics.LogisticsApplication.main(LogisticsApplication.java:10)
Caused by: org.springframework.beans.factory.BeanCreationException: Error creating bean with name 'liquibase' defined in class path resource [org/springframework/boot/autoconfigure/liquibase/LiquibaseAutoConfiguration$LiquibaseConfiguration.class]: liquibase.exception.ChangeLogParseException: Error parsing classpath:db/changelog/changelog-master.yaml : Error parsing db/changelog/010-tables.yaml : Unexpected node: 2)
	at org.springframework.beans.factory.support.AbstractAutowireCapableBeanFactory.initializeBean(AbstractAutowireCapableBeanFactory.java:1826)
	at org.springframework.beans.factory.support.AbstractAutowireCapableBeanFactory.doCreateBean(AbstractAutowireCapableBeanFactory.java:607)
	at org.springframework.beans.factory.support.AbstractAutowireCapableBeanFactory.createBean(AbstractAutowireCapableBeanFactory.java:529)
	at org.springframework.beans.factory.support.AbstractBeanFactory.lambda$doGetBean$0(AbstractBeanFactory.java:339)
	at org.springframework.beans.factory.support.DefaultSingletonBeanRegistry.getSingleton(DefaultSingletonBeanRegistry.java:373)
	at org.springframework.beans.factory.support.AbstractBeanFactory.doGetBean(AbstractBeanFactory.java:337)
	at org.springframework.beans.factory.support.AbstractBeanFactory.getBean(AbstractBeanFactory.java:202)
	at org.springframework.beans.factory.support.AbstractBeanFactory.doGetBean(AbstractBeanFactory.java:315)
	... 10 common frames omitted
Caused by: liquibase.exception.CommandExecutionException: liquibase.exception.ChangeLogParseException: Error parsing classpath:db/changelog/changelog-master.yaml : Error parsing db/changelog/010-tables.yaml : Unexpected node: 2)
	at liquibase.command.CommandScope.execute(CommandScope.java:236)
	at liquibase.Liquibase.lambda$update$0(Liquibase.java:223)
	at liquibase.Scope.lambda$child$0(Scope.java:197)
	at liquibase.Scope.child(Scope.java:206)
	at liquibase.Scope.child(Scope.java:196)
	at liquibase.Scope.child(Scope.java:175)
	at liquibase.Liquibase.runInScope(Liquibase.java:1361)
	at liquibase.Liquibase.update(Liquibase.java:215)
	at liquibase.Liquibase.update(Liquibase.java:197)
	at liquibase.integration.spring.SpringLiquibase.performUpdate(SpringLiquibase.java:329)
	at liquibase.integration.spring.SpringLiquibase.afterPropertiesSet(SpringLiquibase.java:284)
	at org.springframework.beans.factory.support.AbstractAutowireCapableBeanFactory.invokeInitMethods(AbstractAutowireCapableBeanFactory.java:1873)
	at org.springframework.beans.factory.support.AbstractAutowireCapableBeanFactory.initializeBean(AbstractAutowireCapableBeanFactory.java:1822)
	... 17 common frames omitted
Caused by: liquibase.exception.ChangeLogParseException: Error parsing classpath:db/changelog/changelog-master.yaml : Error parsing db/changelog/010-tables.yaml : Unexpected node: 2)
	at liquibase.parser.core.yaml.YamlChangeLogParser.parse(YamlChangeLogParser.java:94)
	at liquibase.command.core.helpers.DatabaseChangelogCommandStep.lambda$getDatabaseChangeLog$0(DatabaseChangelogCommandStep.java:115)
	at liquibase.Scope.child(Scope.java:206)
	at liquibase.Scope.child(Scope.java:182)
	at liquibase.command.core.helpers.DatabaseChangelogCommandStep.getDatabaseChangeLog(DatabaseChangelogCommandStep.java:114)
	at liquibase.command.core.helpers.DatabaseChangelogCommandStep.run(DatabaseChangelogCommandStep.java:93)
	at liquibase.command.CommandScope.execute(CommandScope.java:213)
	... 29 common frames omitted
Caused by: liquibase.exception.SetupException: Error parsing db/changelog/010-tables.yaml : Unexpected node: 2)
	at liquibase.changelog.DatabaseChangeLog.handleChildNode(DatabaseChangeLog.java:453)
	at liquibase.changelog.DatabaseChangeLog.load(DatabaseChangeLog.java:376)
	at liquibase.parser.core.yaml.YamlChangeLogParser.parse(YamlChangeLogParser.java:88)
	... 35 common frames omitted
Caused by: liquibase.exception.ChangeLogParseException: Error parsing db/changelog/010-tables.yaml : Unexpected node: 2)
	at liquibase.parser.core.yaml.YamlChangeLogParser.parse(YamlChangeLogParser.java:94)
	at liquibase.changelog.DatabaseChangeLog.include(DatabaseChangeLog.java:879)
	at liquibase.changelog.DatabaseChangeLog.handleChildNode(DatabaseChangeLog.java:443)
	... 37 common frames omitted
Caused by: liquibase.parser.core.ParsedNodeException: Unexpected node: 2)
	at liquibase.change.ColumnConfig.load(ColumnConfig.java:784)
	at liquibase.change.AbstractChange.load(AbstractChange.java:704)
	at liquibase.changelog.ChangeSet.toChange(ChangeSet.java:577)
	at liquibase.changelog.ChangeSet.handleChildNode(ChangeSet.java:500)
	at liquibase.changelog.ChangeSet.handleChildNode(ChangeSet.java:496)
	at liquibase.changelog.ChangeSet.load(ChangeSet.java:424)
	at liquibase.changelog.DatabaseChangeLog.createChangeSet(DatabaseChangeLog.java:931)
	at liquibase.changelog.DatabaseChangeLog.handleChildNode(DatabaseChangeLog.java:413)
	at liquibase.changelog.DatabaseChangeLog.load(DatabaseChangeLog.java:376)
	at liquibase.parser.core.yaml.YamlChangeLogParser.parse(YamlChangeLogParser.java:88)
	... 39 common frames omitted
2025-09-29 14:36:45,017 INFO  LogisticsApplication [StartupInfoLogger.java:53] Starting LogisticsApplication using Java 17.0.5 with PID 29220 (C:\Users\1\Desktop\LOGISTICS\logistics\target\classes started by 1 in C:\Users\1\Desktop\LOGISTICS\logistics)
2025-09-29 14:36:45,019 INFO  LogisticsApplication [SpringApplication.java:652] No active profile set, falling back to 1 default profile: "default"
2025-09-29 14:36:45,401 INFO  RepositoryConfigurationDelegate [RepositoryConfigurationDelegate.java:145] Bootstrapping Spring Data JPA repositories in DEFAULT mode.
2025-09-29 14:36:45,414 INFO  RepositoryConfigurationDelegate [RepositoryConfigurationDelegate.java:213] Finished Spring Data repository scanning in 7 ms. Found 0 JPA repository interfaces.
2025-09-29 14:36:45,671 INFO  TomcatWebServer [TomcatWebServer.java:111] Tomcat initialized with port 8080 (http)
2025-09-29 14:36:45,678 INFO  Http11NioProtocol [DirectJDKLog.java:168] Initializing ProtocolHandler ["http-nio-8080"]
2025-09-29 14:36:45,679 INFO  StandardService [DirectJDKLog.java:168] Starting service [Tomcat]
2025-09-29 14:36:45,680 INFO  StandardEngine [DirectJDKLog.java:168] Starting Servlet engine: [Apache Tomcat/10.1.46]
2025-09-29 14:36:45,715 INFO  [/] [DirectJDKLog.java:168] Initializing Spring embedded WebApplicationContext
2025-09-29 14:36:45,715 INFO  ServletWebServerApplicationContext [ServletWebServerApplicationContext.java:301] Root WebApplicationContext: initialization completed in 671 ms
2025-09-29 14:36:45,797 INFO  HikariDataSource [HikariDataSource.java:109] HikariPool-1 - Starting...
2025-09-29 14:36:45,878 INFO  HikariPool [HikariPool.java:580] HikariPool-1 - Added connection org.postgresql.jdbc.PgConnection@4998e74b
2025-09-29 14:36:45,879 INFO  HikariDataSource [HikariDataSource.java:122] HikariPool-1 - Start completed.
2025-09-29 14:36:45,956 INFO  database [JavaLogger.java:37] Set default schema name to public
2025-09-29 14:36:46,148 INFO  command [JavaLogger.java:37] Command execution complete
2025-09-29 14:36:46,152 WARN  AnnotationConfigServletWebServerApplicationContext [AbstractApplicationContext.java:635] Exception encountered during context initialization - cancelling refresh attempt: org.springframework.beans.factory.BeanCreationException: Error creating bean with name 'entityManagerFactory' defined in class path resource [org/springframework/boot/autoconfigure/orm/jpa/HibernateJpaConfiguration.class]: Failed to initialize dependency 'liquibase' of LoadTimeWeaverAware bean 'entityManagerFactory': Error creating bean with name 'liquibase' defined in class path resource [org/springframework/boot/autoconfigure/liquibase/LiquibaseAutoConfiguration$LiquibaseConfiguration.class]: liquibase.exception.ChangeLogParseException: Error parsing classpath:db/changelog/changelog-master.yaml : Error parsing db/changelog/010-tables.yaml : Unexpected node: 2)
2025-09-29 14:36:46,152 INFO  HikariDataSource [HikariDataSource.java:349] HikariPool-1 - Shutdown initiated...
2025-09-29 14:36:46,175 INFO  HikariDataSource [HikariDataSource.java:351] HikariPool-1 - Shutdown completed.
2025-09-29 14:36:46,177 INFO  StandardService [DirectJDKLog.java:168] Stopping service [Tomcat]
2025-09-29 14:36:46,184 INFO  ConditionEvaluationReportLogger [ConditionEvaluationReportLogger.java:82] 

Error starting ApplicationContext. To display the condition evaluation report re-run your application with 'debug' enabled.
2025-09-29 14:36:46,197 ERROR SpringApplication [SpringApplication.java:857] Application run failed
org.springframework.beans.factory.BeanCreationException: Error creating bean with name 'entityManagerFactory' defined in class path resource [org/springframework/boot/autoconfigure/orm/jpa/HibernateJpaConfiguration.class]: Failed to initialize dependency 'liquibase' of LoadTimeWeaverAware bean 'entityManagerFactory': Error creating bean with name 'liquibase' defined in class path resource [org/springframework/boot/autoconfigure/liquibase/LiquibaseAutoConfiguration$LiquibaseConfiguration.class]: liquibase.exception.ChangeLogParseException: Error parsing classpath:db/changelog/changelog-master.yaml : Error parsing db/changelog/010-tables.yaml : Unexpected node: 2)
	at org.springframework.beans.factory.support.AbstractBeanFactory.doGetBean(AbstractBeanFactory.java:328)
	at org.springframework.beans.factory.support.AbstractBeanFactory.getBean(AbstractBeanFactory.java:207)
	at org.springframework.context.support.AbstractApplicationContext.finishBeanFactoryInitialization(AbstractApplicationContext.java:970)
	at org.springframework.context.support.AbstractApplicationContext.refresh(AbstractApplicationContext.java:627)
	at org.springframework.boot.web.servlet.context.ServletWebServerApplicationContext.refresh(ServletWebServerApplicationContext.java:146)
	at org.springframework.boot.SpringApplication.refresh(SpringApplication.java:752)
	at org.springframework.boot.SpringApplication.refreshContext(SpringApplication.java:439)
	at org.springframework.boot.SpringApplication.run(SpringApplication.java:318)
	at org.springframework.boot.SpringApplication.run(SpringApplication.java:1361)
	at org.springframework.boot.SpringApplication.run(SpringApplication.java:1350)
	at com.example.logistics.LogisticsApplication.main(LogisticsApplication.java:10)
Caused by: org.springframework.beans.factory.BeanCreationException: Error creating bean with name 'liquibase' defined in class path resource [org/springframework/boot/autoconfigure/liquibase/LiquibaseAutoConfiguration$LiquibaseConfiguration.class]: liquibase.exception.ChangeLogParseException: Error parsing classpath:db/changelog/changelog-master.yaml : Error parsing db/changelog/010-tables.yaml : Unexpected node: 2)
	at org.springframework.beans.factory.support.AbstractAutowireCapableBeanFactory.initializeBean(AbstractAutowireCapableBeanFactory.java:1826)
	at org.springframework.beans.factory.support.AbstractAutowireCapableBeanFactory.doCreateBean(AbstractAutowireCapableBeanFactory.java:607)
	at org.springframework.beans.factory.support.AbstractAutowireCapableBeanFactory.createBean(AbstractAutowireCapableBeanFactory.java:529)
	at org.springframework.beans.factory.support.AbstractBeanFactory.lambda$doGetBean$0(AbstractBeanFactory.java:339)
	at org.springframework.beans.factory.support.DefaultSingletonBeanRegistry.getSingleton(DefaultSingletonBeanRegistry.java:373)
	at org.springframework.beans.factory.support.AbstractBeanFactory.doGetBean(AbstractBeanFactory.java:337)
	at org.springframework.beans.factory.support.AbstractBeanFactory.getBean(AbstractBeanFactory.java:202)
	at org.springframework.beans.factory.support.AbstractBeanFactory.doGetBean(AbstractBeanFactory.java:315)
	... 10 common frames omitted
Caused by: liquibase.exception.CommandExecutionException: liquibase.exception.ChangeLogParseException: Error parsing classpath:db/changelog/changelog-master.yaml : Error parsing db/changelog/010-tables.yaml : Unexpected node: 2)
	at liquibase.command.CommandScope.execute(CommandScope.java:236)
	at liquibase.Liquibase.lambda$update$0(Liquibase.java:223)
	at liquibase.Scope.lambda$child$0(Scope.java:197)
	at liquibase.Scope.child(Scope.java:206)
	at liquibase.Scope.child(Scope.java:196)
	at liquibase.Scope.child(Scope.java:175)
	at liquibase.Liquibase.runInScope(Liquibase.java:1361)
	at liquibase.Liquibase.update(Liquibase.java:215)
	at liquibase.Liquibase.update(Liquibase.java:197)
	at liquibase.integration.spring.SpringLiquibase.performUpdate(SpringLiquibase.java:329)
	at liquibase.integration.spring.SpringLiquibase.afterPropertiesSet(SpringLiquibase.java:284)
	at org.springframework.beans.factory.support.AbstractAutowireCapableBeanFactory.invokeInitMethods(AbstractAutowireCapableBeanFactory.java:1873)
	at org.springframework.beans.factory.support.AbstractAutowireCapableBeanFactory.initializeBean(AbstractAutowireCapableBeanFactory.java:1822)
	... 17 common frames omitted
Caused by: liquibase.exception.ChangeLogParseException: Error parsing classpath:db/changelog/changelog-master.yaml : Error parsing db/changelog/010-tables.yaml : Unexpected node: 2)
	at liquibase.parser.core.yaml.YamlChangeLogParser.parse(YamlChangeLogParser.java:94)
	at liquibase.command.core.helpers.DatabaseChangelogCommandStep.lambda$getDatabaseChangeLog$0(DatabaseChangelogCommandStep.java:115)
	at liquibase.Scope.child(Scope.java:206)
	at liquibase.Scope.child(Scope.java:182)
	at liquibase.command.core.helpers.DatabaseChangelogCommandStep.getDatabaseChangeLog(DatabaseChangelogCommandStep.java:114)
	at liquibase.command.core.helpers.DatabaseChangelogCommandStep.run(DatabaseChangelogCommandStep.java:93)
	at liquibase.command.CommandScope.execute(CommandScope.java:213)
	... 29 common frames omitted
Caused by: liquibase.exception.SetupException: Error parsing db/changelog/010-tables.yaml : Unexpected node: 2)
	at liquibase.changelog.DatabaseChangeLog.handleChildNode(DatabaseChangeLog.java:453)
	at liquibase.changelog.DatabaseChangeLog.load(DatabaseChangeLog.java:376)
	at liquibase.parser.core.yaml.YamlChangeLogParser.parse(YamlChangeLogParser.java:88)
	... 35 common frames omitted
Caused by: liquibase.exception.ChangeLogParseException: Error parsing db/changelog/010-tables.yaml : Unexpected node: 2)
	at liquibase.parser.core.yaml.YamlChangeLogParser.parse(YamlChangeLogParser.java:94)
	at liquibase.changelog.DatabaseChangeLog.include(DatabaseChangeLog.java:879)
	at liquibase.changelog.DatabaseChangeLog.handleChildNode(DatabaseChangeLog.java:443)
	... 37 common frames omitted
Caused by: liquibase.parser.core.ParsedNodeException: Unexpected node: 2)
	at liquibase.change.ColumnConfig.load(ColumnConfig.java:784)
	at liquibase.change.AbstractChange.load(AbstractChange.java:704)
	at liquibase.changelog.ChangeSet.toChange(ChangeSet.java:577)
	at liquibase.changelog.ChangeSet.handleChildNode(ChangeSet.java:500)
	at liquibase.changelog.ChangeSet.handleChildNode(ChangeSet.java:496)
	at liquibase.changelog.ChangeSet.load(ChangeSet.java:424)
	at liquibase.changelog.DatabaseChangeLog.createChangeSet(DatabaseChangeLog.java:931)
	at liquibase.changelog.DatabaseChangeLog.handleChildNode(DatabaseChangeLog.java:413)
	at liquibase.changelog.DatabaseChangeLog.load(DatabaseChangeLog.java:376)
	at liquibase.parser.core.yaml.YamlChangeLogParser.parse(YamlChangeLogParser.java:88)
	... 39 common frames omitted
2025-09-29 14:39:30,733 INFO  LogisticsApplication [StartupInfoLogger.java:53] Starting LogisticsApplication using Java 17.0.5 with PID 29184 (C:\Users\1\Desktop\LOGISTICS\logistics\target\classes started by 1 in C:\Users\1\Desktop\LOGISTICS\logistics)
2025-09-29 14:39:30,735 INFO  LogisticsApplication [SpringApplication.java:652] No active profile set, falling back to 1 default profile: "default"
2025-09-29 14:39:31,092 INFO  RepositoryConfigurationDelegate [RepositoryConfigurationDelegate.java:145] Bootstrapping Spring Data JPA repositories in DEFAULT mode.
2025-09-29 14:39:31,103 INFO  RepositoryConfigurationDelegate [RepositoryConfigurationDelegate.java:213] Finished Spring Data repository scanning in 6 ms. Found 0 JPA repository interfaces.
2025-09-29 14:39:31,335 INFO  TomcatWebServer [TomcatWebServer.java:111] Tomcat initialized with port 8080 (http)
2025-09-29 14:39:31,342 INFO  Http11NioProtocol [DirectJDKLog.java:168] Initializing ProtocolHandler ["http-nio-8080"]
2025-09-29 14:39:31,343 INFO  StandardService [DirectJDKLog.java:168] Starting service [Tomcat]
2025-09-29 14:39:31,343 INFO  StandardEngine [DirectJDKLog.java:168] Starting Servlet engine: [Apache Tomcat/10.1.46]
2025-09-29 14:39:31,377 INFO  [/] [DirectJDKLog.java:168] Initializing Spring embedded WebApplicationContext
2025-09-29 14:39:31,377 INFO  ServletWebServerApplicationContext [ServletWebServerApplicationContext.java:301] Root WebApplicationContext: initialization completed in 617 ms
2025-09-29 14:39:31,461 INFO  HikariDataSource [HikariDataSource.java:109] HikariPool-1 - Starting...
2025-09-29 14:39:31,541 INFO  HikariPool [HikariPool.java:580] HikariPool-1 - Added connection org.postgresql.jdbc.PgConnection@2921a36a
2025-09-29 14:39:31,542 INFO  HikariDataSource [HikariDataSource.java:122] HikariPool-1 - Start completed.
2025-09-29 14:39:31,619 INFO  database [JavaLogger.java:37] Set default schema name to public
2025-09-29 14:39:31,837 INFO  changelog [JavaLogger.java:37] Creating database history table with name: public.databasechangelog
2025-09-29 14:39:31,864 INFO  changelog [JavaLogger.java:37] Reading from public.databasechangelog
2025-09-29 14:39:31,941 INFO  lockservice [JavaLogger.java:37] Successfully acquired change log lock
2025-09-29 14:39:31,958 INFO  command [JavaLogger.java:37] Using deploymentId: 9145971958
2025-09-29 14:39:31,960 INFO  changelog [JavaLogger.java:37] Reading from public.databasechangelog
2025-09-29 14:39:31,994 INFO  changelog [JavaLogger.java:37] Table client created
2025-09-29 14:39:31,997 INFO  changelog [JavaLogger.java:37] ChangeSet db/changelog/010-tables.yaml::010-client::you ran successfully in 16ms
2025-09-29 14:39:32,016 INFO  changelog [JavaLogger.java:37] Table carrier created
2025-09-29 14:39:32,018 INFO  changelog [JavaLogger.java:37] ChangeSet db/changelog/010-tables.yaml::011-carrier::you ran successfully in 14ms
2025-09-29 14:39:32,034 INFO  changelog [JavaLogger.java:37] Table driver created
2025-09-29 14:39:32,037 INFO  changelog [JavaLogger.java:37] ChangeSet db/changelog/010-tables.yaml::012-driver::you ran successfully in 15ms
2025-09-29 14:39:32,046 ERROR changelog [JavaLogger.java:37] ChangeSet db/changelog/020-indexes.yaml::020-indexes::pogodin encountered an exception.
2025-09-29 14:39:32,049 INFO  command [JavaLogger.java:37] Update command encountered an exception.
2025-09-29 14:39:32,055 INFO  lockservice [JavaLogger.java:37] Successfully released change log lock
2025-09-29 14:39:32,056 INFO  command [JavaLogger.java:37] Command execution complete
2025-09-29 14:39:32,060 WARN  AnnotationConfigServletWebServerApplicationContext [AbstractApplicationContext.java:635] Exception encountered during context initialization - cancelling refresh attempt: org.springframework.beans.factory.BeanCreationException: Error creating bean with name 'entityManagerFactory' defined in class path resource [org/springframework/boot/autoconfigure/orm/jpa/HibernateJpaConfiguration.class]: Failed to initialize dependency 'liquibase' of LoadTimeWeaverAware bean 'entityManagerFactory': Error creating bean with name 'liquibase' defined in class path resource [org/springframework/boot/autoconfigure/liquibase/LiquibaseAutoConfiguration$LiquibaseConfiguration.class]: liquibase.exception.LiquibaseException: liquibase.exception.MigrationFailedException: Migration failed for changeset db/changelog/020-indexes.yaml::020-indexes::pogodin:
     Reason: liquibase.exception.DatabaseException: ERROR: relation "public.shipment" does not exist [Failed SQL: (0) CREATE INDEX idx_shipment_client ON public.shipment(client_id)]
2025-09-29 14:39:32,060 INFO  HikariDataSource [HikariDataSource.java:349] HikariPool-1 - Shutdown initiated...
2025-09-29 14:39:32,082 INFO  HikariDataSource [HikariDataSource.java:351] HikariPool-1 - Shutdown completed.
2025-09-29 14:39:32,084 INFO  StandardService [DirectJDKLog.java:168] Stopping service [Tomcat]
2025-09-29 14:39:32,092 INFO  ConditionEvaluationReportLogger [ConditionEvaluationReportLogger.java:82] 

Error starting ApplicationContext. To display the condition evaluation report re-run your application with 'debug' enabled.
2025-09-29 14:39:32,104 ERROR SpringApplication [SpringApplication.java:857] Application run failed
org.springframework.beans.factory.BeanCreationException: Error creating bean with name 'entityManagerFactory' defined in class path resource [org/springframework/boot/autoconfigure/orm/jpa/HibernateJpaConfiguration.class]: Failed to initialize dependency 'liquibase' of LoadTimeWeaverAware bean 'entityManagerFactory': Error creating bean with name 'liquibase' defined in class path resource [org/springframework/boot/autoconfigure/liquibase/LiquibaseAutoConfiguration$LiquibaseConfiguration.class]: liquibase.exception.LiquibaseException: liquibase.exception.MigrationFailedException: Migration failed for changeset db/changelog/020-indexes.yaml::020-indexes::pogodin:
     Reason: liquibase.exception.DatabaseException: ERROR: relation "public.shipment" does not exist [Failed SQL: (0) CREATE INDEX idx_shipment_client ON public.shipment(client_id)]
	at org.springframework.beans.factory.support.AbstractBeanFactory.doGetBean(AbstractBeanFactory.java:328)
	at org.springframework.beans.factory.support.AbstractBeanFactory.getBean(AbstractBeanFactory.java:207)
	at org.springframework.context.support.AbstractApplicationContext.finishBeanFactoryInitialization(AbstractApplicationContext.java:970)
	at org.springframework.context.support.AbstractApplicationContext.refresh(AbstractApplicationContext.java:627)
	at org.springframework.boot.web.servlet.context.ServletWebServerApplicationContext.refresh(ServletWebServerApplicationContext.java:146)
	at org.springframework.boot.SpringApplication.refresh(SpringApplication.java:752)
	at org.springframework.boot.SpringApplication.refreshContext(SpringApplication.java:439)
	at org.springframework.boot.SpringApplication.run(SpringApplication.java:318)
	at org.springframework.boot.SpringApplication.run(SpringApplication.java:1361)
	at org.springframework.boot.SpringApplication.run(SpringApplication.java:1350)
	at com.example.logistics.LogisticsApplication.main(LogisticsApplication.java:10)
Caused by: org.springframework.beans.factory.BeanCreationException: Error creating bean with name 'liquibase' defined in class path resource [org/springframework/boot/autoconfigure/liquibase/LiquibaseAutoConfiguration$LiquibaseConfiguration.class]: liquibase.exception.LiquibaseException: liquibase.exception.MigrationFailedException: Migration failed for changeset db/changelog/020-indexes.yaml::020-indexes::pogodin:
     Reason: liquibase.exception.DatabaseException: ERROR: relation "public.shipment" does not exist [Failed SQL: (0) CREATE INDEX idx_shipment_client ON public.shipment(client_id)]
	at org.springframework.beans.factory.support.AbstractAutowireCapableBeanFactory.initializeBean(AbstractAutowireCapableBeanFactory.java:1826)
	at org.springframework.beans.factory.support.AbstractAutowireCapableBeanFactory.doCreateBean(AbstractAutowireCapableBeanFactory.java:607)
	at org.springframework.beans.factory.support.AbstractAutowireCapableBeanFactory.createBean(AbstractAutowireCapableBeanFactory.java:529)
	at org.springframework.beans.factory.support.AbstractBeanFactory.lambda$doGetBean$0(AbstractBeanFactory.java:339)
	at org.springframework.beans.factory.support.DefaultSingletonBeanRegistry.getSingleton(DefaultSingletonBeanRegistry.java:373)
	at org.springframework.beans.factory.support.AbstractBeanFactory.doGetBean(AbstractBeanFactory.java:337)
	at org.springframework.beans.factory.support.AbstractBeanFactory.getBean(AbstractBeanFactory.java:202)
	at org.springframework.beans.factory.support.AbstractBeanFactory.doGetBean(AbstractBeanFactory.java:315)
	... 10 common frames omitted
Caused by: liquibase.exception.CommandExecutionException: liquibase.exception.LiquibaseException: liquibase.exception.MigrationFailedException: Migration failed for changeset db/changelog/020-indexes.yaml::020-indexes::pogodin:
     Reason: liquibase.exception.DatabaseException: ERROR: relation "public.shipment" does not exist [Failed SQL: (0) CREATE INDEX idx_shipment_client ON public.shipment(client_id)]
	at liquibase.command.CommandScope.execute(CommandScope.java:236)
	at liquibase.Liquibase.lambda$update$0(Liquibase.java:223)
	at liquibase.Scope.lambda$child$0(Scope.java:197)
	at liquibase.Scope.child(Scope.java:206)
	at liquibase.Scope.child(Scope.java:196)
	at liquibase.Scope.child(Scope.java:175)
	at liquibase.Liquibase.runInScope(Liquibase.java:1361)
	at liquibase.Liquibase.update(Liquibase.java:215)
	at liquibase.Liquibase.update(Liquibase.java:197)
	at liquibase.integration.spring.SpringLiquibase.performUpdate(SpringLiquibase.java:329)
	at liquibase.integration.spring.SpringLiquibase.afterPropertiesSet(SpringLiquibase.java:284)
	at org.springframework.beans.factory.support.AbstractAutowireCapableBeanFactory.invokeInitMethods(AbstractAutowireCapableBeanFactory.java:1873)
	at org.springframework.beans.factory.support.AbstractAutowireCapableBeanFactory.initializeBean(AbstractAutowireCapableBeanFactory.java:1822)
	... 17 common frames omitted
Caused by: liquibase.exception.LiquibaseException: liquibase.exception.MigrationFailedException: Migration failed for changeset db/changelog/020-indexes.yaml::020-indexes::pogodin:
     Reason: liquibase.exception.DatabaseException: ERROR: relation "public.shipment" does not exist [Failed SQL: (0) CREATE INDEX idx_shipment_client ON public.shipment(client_id)]
	at liquibase.changelog.ChangeLogIterator.run(ChangeLogIterator.java:122)
	at liquibase.command.core.AbstractUpdateCommandStep.lambda$run$0(AbstractUpdateCommandStep.java:87)
	at liquibase.Scope.lambda$child$0(Scope.java:197)
	at liquibase.Scope.child(Scope.java:206)
	at liquibase.Scope.child(Scope.java:196)
	at liquibase.Scope.child(Scope.java:175)
	at liquibase.command.core.AbstractUpdateCommandStep.run(AbstractUpdateCommandStep.java:86)
	at liquibase.command.core.UpdateCommandStep.run(UpdateCommandStep.java:102)
	at liquibase.command.CommandScope.execute(CommandScope.java:213)
	... 29 common frames omitted
Caused by: liquibase.exception.MigrationFailedException: Migration failed for changeset db/changelog/020-indexes.yaml::020-indexes::pogodin:
     Reason: liquibase.exception.DatabaseException: ERROR: relation "public.shipment" does not exist [Failed SQL: (0) CREATE INDEX idx_shipment_client ON public.shipment(client_id)]
	at liquibase.changelog.ChangeSet.execute(ChangeSet.java:768)
	at liquibase.changelog.visitor.UpdateVisitor.executeAcceptedChange(UpdateVisitor.java:120)
	at liquibase.changelog.visitor.UpdateVisitor.visit(UpdateVisitor.java:70)
	at liquibase.changelog.ChangeLogIterator$2.lambda$run$0(ChangeLogIterator.java:110)
	at liquibase.Scope.lambda$child$0(Scope.java:197)
	at liquibase.Scope.child(Scope.java:206)
	at liquibase.Scope.child(Scope.java:196)
	at liquibase.Scope.child(Scope.java:175)
	at liquibase.Scope.child(Scope.java:263)
	at liquibase.changelog.ChangeLogIterator$2.run(ChangeLogIterator.java:100)
	at liquibase.Scope.lambda$child$0(Scope.java:197)
	at liquibase.Scope.child(Scope.java:206)
	at liquibase.Scope.child(Scope.java:196)
	at liquibase.Scope.child(Scope.java:175)
	at liquibase.Scope.child(Scope.java:263)
	at liquibase.Scope.child(Scope.java:267)
	at liquibase.changelog.ChangeLogIterator.run(ChangeLogIterator.java:74)
	... 37 common frames omitted
Caused by: liquibase.exception.DatabaseException: ERROR: relation "public.shipment" does not exist [Failed SQL: (0) CREATE INDEX idx_shipment_client ON public.shipment(client_id)]
	at liquibase.executor.jvm.JdbcExecutor$ExecuteStatementCallback.doInStatement(JdbcExecutor.java:467)
	at liquibase.executor.jvm.JdbcExecutor.execute(JdbcExecutor.java:77)
	at liquibase.executor.jvm.JdbcExecutor.execute(JdbcExecutor.java:180)
	at liquibase.database.AbstractJdbcDatabase.execute(AbstractJdbcDatabase.java:1291)
	at liquibase.database.AbstractJdbcDatabase.executeStatements(AbstractJdbcDatabase.java:1273)
	at liquibase.changelog.ChangeSet.execute(ChangeSet.java:728)
	... 53 common frames omitted
Caused by: org.postgresql.util.PSQLException: ERROR: relation "public.shipment" does not exist
	at org.postgresql.core.v3.QueryExecutorImpl.receiveErrorResponse(QueryExecutorImpl.java:2734)
	at org.postgresql.core.v3.QueryExecutorImpl.processResults(QueryExecutorImpl.java:2421)
	at org.postgresql.core.v3.QueryExecutorImpl.execute(QueryExecutorImpl.java:372)
	at org.postgresql.jdbc.PgStatement.executeInternal(PgStatement.java:518)
	at org.postgresql.jdbc.PgStatement.execute(PgStatement.java:435)
	at org.postgresql.jdbc.PgStatement.executeWithFlags(PgStatement.java:357)
	at org.postgresql.jdbc.PgStatement.executeCachedSql(PgStatement.java:342)
	at org.postgresql.jdbc.PgStatement.executeWithFlags(PgStatement.java:318)
	at org.postgresql.jdbc.PgStatement.execute(PgStatement.java:313)
	at com.zaxxer.hikari.pool.ProxyStatement.execute(ProxyStatement.java:95)
	at com.zaxxer.hikari.pool.HikariProxyStatement.execute(HikariProxyStatement.java)
	at liquibase.executor.jvm.JdbcExecutor$ExecuteStatementCallback.doInStatement(JdbcExecutor.java:461)
	... 58 common frames omitted
2025-09-29 14:42:06,313 INFO  LogisticsApplication [StartupInfoLogger.java:53] Starting LogisticsApplication using Java 17.0.5 with PID 29612 (C:\Users\1\Desktop\LOGISTICS\logistics\target\classes started by 1 in C:\Users\1\Desktop\LOGISTICS\logistics)
2025-09-29 14:42:06,314 INFO  LogisticsApplication [SpringApplication.java:652] No active profile set, falling back to 1 default profile: "default"
2025-09-29 14:42:06,671 INFO  RepositoryConfigurationDelegate [RepositoryConfigurationDelegate.java:145] Bootstrapping Spring Data JPA repositories in DEFAULT mode.
2025-09-29 14:42:06,682 INFO  RepositoryConfigurationDelegate [RepositoryConfigurationDelegate.java:213] Finished Spring Data repository scanning in 6 ms. Found 0 JPA repository interfaces.
2025-09-29 14:42:06,909 INFO  TomcatWebServer [TomcatWebServer.java:111] Tomcat initialized with port 8080 (http)
2025-09-29 14:42:06,915 INFO  Http11NioProtocol [DirectJDKLog.java:168] Initializing ProtocolHandler ["http-nio-8080"]
2025-09-29 14:42:06,916 INFO  StandardService [DirectJDKLog.java:168] Starting service [Tomcat]
2025-09-29 14:42:06,916 INFO  StandardEngine [DirectJDKLog.java:168] Starting Servlet engine: [Apache Tomcat/10.1.46]
2025-09-29 14:42:06,947 INFO  [/] [DirectJDKLog.java:168] Initializing Spring embedded WebApplicationContext
2025-09-29 14:42:06,948 INFO  ServletWebServerApplicationContext [ServletWebServerApplicationContext.java:301] Root WebApplicationContext: initialization completed in 609 ms
2025-09-29 14:42:07,029 INFO  HikariDataSource [HikariDataSource.java:109] HikariPool-1 - Starting...
2025-09-29 14:42:07,114 INFO  HikariPool [HikariPool.java:580] HikariPool-1 - Added connection org.postgresql.jdbc.PgConnection@1f992a3a
2025-09-29 14:42:07,115 INFO  HikariDataSource [HikariDataSource.java:122] HikariPool-1 - Start completed.
2025-09-29 14:42:07,194 INFO  database [JavaLogger.java:37] Set default schema name to public
2025-09-29 14:42:07,401 INFO  command [JavaLogger.java:37] Command execution complete
2025-09-29 14:42:07,405 WARN  AnnotationConfigServletWebServerApplicationContext [AbstractApplicationContext.java:635] Exception encountered during context initialization - cancelling refresh attempt: org.springframework.beans.factory.BeanCreationException: Error creating bean with name 'entityManagerFactory' defined in class path resource [org/springframework/boot/autoconfigure/orm/jpa/HibernateJpaConfiguration.class]: Failed to initialize dependency 'liquibase' of LoadTimeWeaverAware bean 'entityManagerFactory': Error creating bean with name 'liquibase' defined in class path resource [org/springframework/boot/autoconfigure/liquibase/LiquibaseAutoConfiguration$LiquibaseConfiguration.class]: liquibase.exception.ChangeLogParseException: Error parsing classpath:db/changelog/changelog-master.yaml : Error parsing db/changelog/010-tables.yaml : Error parsing db/changelog/010-tables.yaml: Unknown change type 'addCheckConstraint'. Check for spelling or capitalization errors and missing extensions such as liquibase-commercial.
2025-09-29 14:42:07,405 INFO  HikariDataSource [HikariDataSource.java:349] HikariPool-1 - Shutdown initiated...
2025-09-29 14:42:07,464 INFO  HikariDataSource [HikariDataSource.java:351] HikariPool-1 - Shutdown completed.
2025-09-29 14:42:07,466 INFO  StandardService [DirectJDKLog.java:168] Stopping service [Tomcat]
2025-09-29 14:42:07,474 INFO  ConditionEvaluationReportLogger [ConditionEvaluationReportLogger.java:82] 

Error starting ApplicationContext. To display the condition evaluation report re-run your application with 'debug' enabled.
2025-09-29 14:42:07,486 ERROR SpringApplication [SpringApplication.java:857] Application run failed
org.springframework.beans.factory.BeanCreationException: Error creating bean with name 'entityManagerFactory' defined in class path resource [org/springframework/boot/autoconfigure/orm/jpa/HibernateJpaConfiguration.class]: Failed to initialize dependency 'liquibase' of LoadTimeWeaverAware bean 'entityManagerFactory': Error creating bean with name 'liquibase' defined in class path resource [org/springframework/boot/autoconfigure/liquibase/LiquibaseAutoConfiguration$LiquibaseConfiguration.class]: liquibase.exception.ChangeLogParseException: Error parsing classpath:db/changelog/changelog-master.yaml : Error parsing db/changelog/010-tables.yaml : Error parsing db/changelog/010-tables.yaml: Unknown change type 'addCheckConstraint'. Check for spelling or capitalization errors and missing extensions such as liquibase-commercial.
	at org.springframework.beans.factory.support.AbstractBeanFactory.doGetBean(AbstractBeanFactory.java:328)
	at org.springframework.beans.factory.support.AbstractBeanFactory.getBean(AbstractBeanFactory.java:207)
	at org.springframework.context.support.AbstractApplicationContext.finishBeanFactoryInitialization(AbstractApplicationContext.java:970)
	at org.springframework.context.support.AbstractApplicationContext.refresh(AbstractApplicationContext.java:627)
	at org.springframework.boot.web.servlet.context.ServletWebServerApplicationContext.refresh(ServletWebServerApplicationContext.java:146)
	at org.springframework.boot.SpringApplication.refresh(SpringApplication.java:752)
	at org.springframework.boot.SpringApplication.refreshContext(SpringApplication.java:439)
	at org.springframework.boot.SpringApplication.run(SpringApplication.java:318)
	at org.springframework.boot.SpringApplication.run(SpringApplication.java:1361)
	at org.springframework.boot.SpringApplication.run(SpringApplication.java:1350)
	at com.example.logistics.LogisticsApplication.main(LogisticsApplication.java:10)
Caused by: org.springframework.beans.factory.BeanCreationException: Error creating bean with name 'liquibase' defined in class path resource [org/springframework/boot/autoconfigure/liquibase/LiquibaseAutoConfiguration$LiquibaseConfiguration.class]: liquibase.exception.ChangeLogParseException: Error parsing classpath:db/changelog/changelog-master.yaml : Error parsing db/changelog/010-tables.yaml : Error parsing db/changelog/010-tables.yaml: Unknown change type 'addCheckConstraint'. Check for spelling or capitalization errors and missing extensions such as liquibase-commercial.
	at org.springframework.beans.factory.support.AbstractAutowireCapableBeanFactory.initializeBean(AbstractAutowireCapableBeanFactory.java:1826)
	at org.springframework.beans.factory.support.AbstractAutowireCapableBeanFactory.doCreateBean(AbstractAutowireCapableBeanFactory.java:607)
	at org.springframework.beans.factory.support.AbstractAutowireCapableBeanFactory.createBean(AbstractAutowireCapableBeanFactory.java:529)
	at org.springframework.beans.factory.support.AbstractBeanFactory.lambda$doGetBean$0(AbstractBeanFactory.java:339)
	at org.springframework.beans.factory.support.DefaultSingletonBeanRegistry.getSingleton(DefaultSingletonBeanRegistry.java:373)
	at org.springframework.beans.factory.support.AbstractBeanFactory.doGetBean(AbstractBeanFactory.java:337)
	at org.springframework.beans.factory.support.AbstractBeanFactory.getBean(AbstractBeanFactory.java:202)
	at org.springframework.beans.factory.support.AbstractBeanFactory.doGetBean(AbstractBeanFactory.java:315)
	... 10 common frames omitted
Caused by: liquibase.exception.CommandExecutionException: liquibase.exception.ChangeLogParseException: Error parsing classpath:db/changelog/changelog-master.yaml : Error parsing db/changelog/010-tables.yaml : Error parsing db/changelog/010-tables.yaml: Unknown change type 'addCheckConstraint'. Check for spelling or capitalization errors and missing extensions such as liquibase-commercial.
	at liquibase.command.CommandScope.execute(CommandScope.java:236)
	at liquibase.Liquibase.lambda$update$0(Liquibase.java:223)
	at liquibase.Scope.lambda$child$0(Scope.java:197)
	at liquibase.Scope.child(Scope.java:206)
	at liquibase.Scope.child(Scope.java:196)
	at liquibase.Scope.child(Scope.java:175)
	at liquibase.Liquibase.runInScope(Liquibase.java:1361)
	at liquibase.Liquibase.update(Liquibase.java:215)
	at liquibase.Liquibase.update(Liquibase.java:197)
	at liquibase.integration.spring.SpringLiquibase.performUpdate(SpringLiquibase.java:329)
	at liquibase.integration.spring.SpringLiquibase.afterPropertiesSet(SpringLiquibase.java:284)
	at org.springframework.beans.factory.support.AbstractAutowireCapableBeanFactory.invokeInitMethods(AbstractAutowireCapableBeanFactory.java:1873)
	at org.springframework.beans.factory.support.AbstractAutowireCapableBeanFactory.initializeBean(AbstractAutowireCapableBeanFactory.java:1822)
	... 17 common frames omitted
Caused by: liquibase.exception.ChangeLogParseException: Error parsing classpath:db/changelog/changelog-master.yaml : Error parsing db/changelog/010-tables.yaml : Error parsing db/changelog/010-tables.yaml: Unknown change type 'addCheckConstraint'. Check for spelling or capitalization errors and missing extensions such as liquibase-commercial.
	at liquibase.parser.core.yaml.YamlChangeLogParser.parse(YamlChangeLogParser.java:94)
	at liquibase.command.core.helpers.DatabaseChangelogCommandStep.lambda$getDatabaseChangeLog$0(DatabaseChangelogCommandStep.java:115)
	at liquibase.Scope.child(Scope.java:206)
	at liquibase.Scope.child(Scope.java:182)
	at liquibase.command.core.helpers.DatabaseChangelogCommandStep.getDatabaseChangeLog(DatabaseChangelogCommandStep.java:114)
	at liquibase.command.core.helpers.DatabaseChangelogCommandStep.run(DatabaseChangelogCommandStep.java:93)
	at liquibase.command.CommandScope.execute(CommandScope.java:213)
	... 29 common frames omitted
Caused by: liquibase.exception.SetupException: Error parsing db/changelog/010-tables.yaml : Error parsing db/changelog/010-tables.yaml: Unknown change type 'addCheckConstraint'. Check for spelling or capitalization errors and missing extensions such as liquibase-commercial.
	at liquibase.changelog.DatabaseChangeLog.handleChildNode(DatabaseChangeLog.java:453)
	at liquibase.changelog.DatabaseChangeLog.load(DatabaseChangeLog.java:376)
	at liquibase.parser.core.yaml.YamlChangeLogParser.parse(YamlChangeLogParser.java:88)
	... 35 common frames omitted
Caused by: liquibase.exception.ChangeLogParseException: Error parsing db/changelog/010-tables.yaml : Error parsing db/changelog/010-tables.yaml: Unknown change type 'addCheckConstraint'. Check for spelling or capitalization errors and missing extensions such as liquibase-commercial.
	at liquibase.parser.core.yaml.YamlChangeLogParser.parse(YamlChangeLogParser.java:94)
	at liquibase.changelog.DatabaseChangeLog.include(DatabaseChangeLog.java:879)
	at liquibase.changelog.DatabaseChangeLog.handleChildNode(DatabaseChangeLog.java:443)
	... 37 common frames omitted
Caused by: liquibase.parser.core.ParsedNodeException: Error parsing db/changelog/010-tables.yaml: Unknown change type 'addCheckConstraint'. Check for spelling or capitalization errors and missing extensions such as liquibase-commercial.
	at liquibase.changelog.ChangeSet.toChange(ChangeSet.java:573)
	at liquibase.changelog.ChangeSet.handleChildNode(ChangeSet.java:500)
	at liquibase.changelog.ChangeSet.handleChildNode(ChangeSet.java:496)
	at liquibase.changelog.ChangeSet.load(ChangeSet.java:424)
	at liquibase.changelog.DatabaseChangeLog.createChangeSet(DatabaseChangeLog.java:931)
	at liquibase.changelog.DatabaseChangeLog.handleChildNode(DatabaseChangeLog.java:413)
	at liquibase.changelog.DatabaseChangeLog.load(DatabaseChangeLog.java:376)
	at liquibase.parser.core.yaml.YamlChangeLogParser.parse(YamlChangeLogParser.java:88)
	... 39 common frames omitted
2025-09-29 14:42:38,775 INFO  LogisticsApplication [StartupInfoLogger.java:53] Starting LogisticsApplication using Java 17.0.5 with PID 22240 (C:\Users\1\Desktop\LOGISTICS\logistics\target\classes started by 1 in C:\Users\1\Desktop\LOGISTICS\logistics)
2025-09-29 14:42:38,777 INFO  LogisticsApplication [SpringApplication.java:652] No active profile set, falling back to 1 default profile: "default"
2025-09-29 14:42:39,124 INFO  RepositoryConfigurationDelegate [RepositoryConfigurationDelegate.java:145] Bootstrapping Spring Data JPA repositories in DEFAULT mode.
2025-09-29 14:42:39,135 INFO  RepositoryConfigurationDelegate [RepositoryConfigurationDelegate.java:213] Finished Spring Data repository scanning in 6 ms. Found 0 JPA repository interfaces.
2025-09-29 14:42:39,354 INFO  TomcatWebServer [TomcatWebServer.java:111] Tomcat initialized with port 8080 (http)
2025-09-29 14:42:39,361 INFO  Http11NioProtocol [DirectJDKLog.java:168] Initializing ProtocolHandler ["http-nio-8080"]
2025-09-29 14:42:39,362 INFO  StandardService [DirectJDKLog.java:168] Starting service [Tomcat]
2025-09-29 14:42:39,362 INFO  StandardEngine [DirectJDKLog.java:168] Starting Servlet engine: [Apache Tomcat/10.1.46]
2025-09-29 14:42:39,394 INFO  [/] [DirectJDKLog.java:168] Initializing Spring embedded WebApplicationContext
2025-09-29 14:42:39,395 INFO  ServletWebServerApplicationContext [ServletWebServerApplicationContext.java:301] Root WebApplicationContext: initialization completed in 593 ms
2025-09-29 14:42:39,477 INFO  HikariDataSource [HikariDataSource.java:109] HikariPool-1 - Starting...
2025-09-29 14:42:39,560 INFO  HikariPool [HikariPool.java:580] HikariPool-1 - Added connection org.postgresql.jdbc.PgConnection@18d11527
2025-09-29 14:42:39,561 INFO  HikariDataSource [HikariDataSource.java:122] HikariPool-1 - Start completed.
2025-09-29 14:42:39,637 INFO  database [JavaLogger.java:37] Set default schema name to public
2025-09-29 14:42:39,824 INFO  command [JavaLogger.java:37] Command execution complete
2025-09-29 14:42:39,828 WARN  AnnotationConfigServletWebServerApplicationContext [AbstractApplicationContext.java:635] Exception encountered during context initialization - cancelling refresh attempt: org.springframework.beans.factory.BeanCreationException: Error creating bean with name 'entityManagerFactory' defined in class path resource [org/springframework/boot/autoconfigure/orm/jpa/HibernateJpaConfiguration.class]: Failed to initialize dependency 'liquibase' of LoadTimeWeaverAware bean 'entityManagerFactory': Error creating bean with name 'liquibase' defined in class path resource [org/springframework/boot/autoconfigure/liquibase/LiquibaseAutoConfiguration$LiquibaseConfiguration.class]: liquibase.exception.ChangeLogParseException: Error parsing classpath:db/changelog/changelog-master.yaml : Error parsing db/changelog/010-tables.yaml : Error parsing db/changelog/010-tables.yaml: Unknown change type 'addCheckConstraint'. Check for spelling or capitalization errors and missing extensions such as liquibase-commercial.
2025-09-29 14:42:39,829 INFO  HikariDataSource [HikariDataSource.java:349] HikariPool-1 - Shutdown initiated...
2025-09-29 14:42:39,853 INFO  HikariDataSource [HikariDataSource.java:351] HikariPool-1 - Shutdown completed.
2025-09-29 14:42:39,854 INFO  StandardService [DirectJDKLog.java:168] Stopping service [Tomcat]
2025-09-29 14:42:39,862 INFO  ConditionEvaluationReportLogger [ConditionEvaluationReportLogger.java:82] 

Error starting ApplicationContext. To display the condition evaluation report re-run your application with 'debug' enabled.
2025-09-29 14:42:39,873 ERROR SpringApplication [SpringApplication.java:857] Application run failed
org.springframework.beans.factory.BeanCreationException: Error creating bean with name 'entityManagerFactory' defined in class path resource [org/springframework/boot/autoconfigure/orm/jpa/HibernateJpaConfiguration.class]: Failed to initialize dependency 'liquibase' of LoadTimeWeaverAware bean 'entityManagerFactory': Error creating bean with name 'liquibase' defined in class path resource [org/springframework/boot/autoconfigure/liquibase/LiquibaseAutoConfiguration$LiquibaseConfiguration.class]: liquibase.exception.ChangeLogParseException: Error parsing classpath:db/changelog/changelog-master.yaml : Error parsing db/changelog/010-tables.yaml : Error parsing db/changelog/010-tables.yaml: Unknown change type 'addCheckConstraint'. Check for spelling or capitalization errors and missing extensions such as liquibase-commercial.
	at org.springframework.beans.factory.support.AbstractBeanFactory.doGetBean(AbstractBeanFactory.java:328)
	at org.springframework.beans.factory.support.AbstractBeanFactory.getBean(AbstractBeanFactory.java:207)
	at org.springframework.context.support.AbstractApplicationContext.finishBeanFactoryInitialization(AbstractApplicationContext.java:970)
	at org.springframework.context.support.AbstractApplicationContext.refresh(AbstractApplicationContext.java:627)
	at org.springframework.boot.web.servlet.context.ServletWebServerApplicationContext.refresh(ServletWebServerApplicationContext.java:146)
	at org.springframework.boot.SpringApplication.refresh(SpringApplication.java:752)
	at org.springframework.boot.SpringApplication.refreshContext(SpringApplication.java:439)
	at org.springframework.boot.SpringApplication.run(SpringApplication.java:318)
	at org.springframework.boot.SpringApplication.run(SpringApplication.java:1361)
	at org.springframework.boot.SpringApplication.run(SpringApplication.java:1350)
	at com.example.logistics.LogisticsApplication.main(LogisticsApplication.java:10)
Caused by: org.springframework.beans.factory.BeanCreationException: Error creating bean with name 'liquibase' defined in class path resource [org/springframework/boot/autoconfigure/liquibase/LiquibaseAutoConfiguration$LiquibaseConfiguration.class]: liquibase.exception.ChangeLogParseException: Error parsing classpath:db/changelog/changelog-master.yaml : Error parsing db/changelog/010-tables.yaml : Error parsing db/changelog/010-tables.yaml: Unknown change type 'addCheckConstraint'. Check for spelling or capitalization errors and missing extensions such as liquibase-commercial.
	at org.springframework.beans.factory.support.AbstractAutowireCapableBeanFactory.initializeBean(AbstractAutowireCapableBeanFactory.java:1826)
	at org.springframework.beans.factory.support.AbstractAutowireCapableBeanFactory.doCreateBean(AbstractAutowireCapableBeanFactory.java:607)
	at org.springframework.beans.factory.support.AbstractAutowireCapableBeanFactory.createBean(AbstractAutowireCapableBeanFactory.java:529)
	at org.springframework.beans.factory.support.AbstractBeanFactory.lambda$doGetBean$0(AbstractBeanFactory.java:339)
	at org.springframework.beans.factory.support.DefaultSingletonBeanRegistry.getSingleton(DefaultSingletonBeanRegistry.java:373)
	at org.springframework.beans.factory.support.AbstractBeanFactory.doGetBean(AbstractBeanFactory.java:337)
	at org.springframework.beans.factory.support.AbstractBeanFactory.getBean(AbstractBeanFactory.java:202)
	at org.springframework.beans.factory.support.AbstractBeanFactory.doGetBean(AbstractBeanFactory.java:315)
	... 10 common frames omitted
Caused by: liquibase.exception.CommandExecutionException: liquibase.exception.ChangeLogParseException: Error parsing classpath:db/changelog/changelog-master.yaml : Error parsing db/changelog/010-tables.yaml : Error parsing db/changelog/010-tables.yaml: Unknown change type 'addCheckConstraint'. Check for spelling or capitalization errors and missing extensions such as liquibase-commercial.
	at liquibase.command.CommandScope.execute(CommandScope.java:236)
	at liquibase.Liquibase.lambda$update$0(Liquibase.java:223)
	at liquibase.Scope.lambda$child$0(Scope.java:197)
	at liquibase.Scope.child(Scope.java:206)
	at liquibase.Scope.child(Scope.java:196)
	at liquibase.Scope.child(Scope.java:175)
	at liquibase.Liquibase.runInScope(Liquibase.java:1361)
	at liquibase.Liquibase.update(Liquibase.java:215)
	at liquibase.Liquibase.update(Liquibase.java:197)
	at liquibase.integration.spring.SpringLiquibase.performUpdate(SpringLiquibase.java:329)
	at liquibase.integration.spring.SpringLiquibase.afterPropertiesSet(SpringLiquibase.java:284)
	at org.springframework.beans.factory.support.AbstractAutowireCapableBeanFactory.invokeInitMethods(AbstractAutowireCapableBeanFactory.java:1873)
	at org.springframework.beans.factory.support.AbstractAutowireCapableBeanFactory.initializeBean(AbstractAutowireCapableBeanFactory.java:1822)
	... 17 common frames omitted
Caused by: liquibase.exception.ChangeLogParseException: Error parsing classpath:db/changelog/changelog-master.yaml : Error parsing db/changelog/010-tables.yaml : Error parsing db/changelog/010-tables.yaml: Unknown change type 'addCheckConstraint'. Check for spelling or capitalization errors and missing extensions such as liquibase-commercial.
	at liquibase.parser.core.yaml.YamlChangeLogParser.parse(YamlChangeLogParser.java:94)
	at liquibase.command.core.helpers.DatabaseChangelogCommandStep.lambda$getDatabaseChangeLog$0(DatabaseChangelogCommandStep.java:115)
	at liquibase.Scope.child(Scope.java:206)
	at liquibase.Scope.child(Scope.java:182)
	at liquibase.command.core.helpers.DatabaseChangelogCommandStep.getDatabaseChangeLog(DatabaseChangelogCommandStep.java:114)
	at liquibase.command.core.helpers.DatabaseChangelogCommandStep.run(DatabaseChangelogCommandStep.java:93)
	at liquibase.command.CommandScope.execute(CommandScope.java:213)
	... 29 common frames omitted
Caused by: liquibase.exception.SetupException: Error parsing db/changelog/010-tables.yaml : Error parsing db/changelog/010-tables.yaml: Unknown change type 'addCheckConstraint'. Check for spelling or capitalization errors and missing extensions such as liquibase-commercial.
	at liquibase.changelog.DatabaseChangeLog.handleChildNode(DatabaseChangeLog.java:453)
	at liquibase.changelog.DatabaseChangeLog.load(DatabaseChangeLog.java:376)
	at liquibase.parser.core.yaml.YamlChangeLogParser.parse(YamlChangeLogParser.java:88)
	... 35 common frames omitted
Caused by: liquibase.exception.ChangeLogParseException: Error parsing db/changelog/010-tables.yaml : Error parsing db/changelog/010-tables.yaml: Unknown change type 'addCheckConstraint'. Check for spelling or capitalization errors and missing extensions such as liquibase-commercial.
	at liquibase.parser.core.yaml.YamlChangeLogParser.parse(YamlChangeLogParser.java:94)
	at liquibase.changelog.DatabaseChangeLog.include(DatabaseChangeLog.java:879)
	at liquibase.changelog.DatabaseChangeLog.handleChildNode(DatabaseChangeLog.java:443)
	... 37 common frames omitted
Caused by: liquibase.parser.core.ParsedNodeException: Error parsing db/changelog/010-tables.yaml: Unknown change type 'addCheckConstraint'. Check for spelling or capitalization errors and missing extensions such as liquibase-commercial.
	at liquibase.changelog.ChangeSet.toChange(ChangeSet.java:573)
	at liquibase.changelog.ChangeSet.handleChildNode(ChangeSet.java:500)
	at liquibase.changelog.ChangeSet.handleChildNode(ChangeSet.java:496)
	at liquibase.changelog.ChangeSet.load(ChangeSet.java:424)
	at liquibase.changelog.DatabaseChangeLog.createChangeSet(DatabaseChangeLog.java:931)
	at liquibase.changelog.DatabaseChangeLog.handleChildNode(DatabaseChangeLog.java:413)
	at liquibase.changelog.DatabaseChangeLog.load(DatabaseChangeLog.java:376)
	at liquibase.parser.core.yaml.YamlChangeLogParser.parse(YamlChangeLogParser.java:88)
	... 39 common frames omitted
2025-09-29 14:44:36,820 INFO  LogisticsApplication [StartupInfoLogger.java:53] Starting LogisticsApplication using Java 17.0.5 with PID 19284 (C:\Users\1\Desktop\LOGISTICS\logistics\target\classes started by 1 in C:\Users\1\Desktop\LOGISTICS\logistics)
2025-09-29 14:44:36,822 INFO  LogisticsApplication [SpringApplication.java:652] No active profile set, falling back to 1 default profile: "default"
2025-09-29 14:44:37,174 INFO  RepositoryConfigurationDelegate [RepositoryConfigurationDelegate.java:145] Bootstrapping Spring Data JPA repositories in DEFAULT mode.
2025-09-29 14:44:37,185 INFO  RepositoryConfigurationDelegate [RepositoryConfigurationDelegate.java:213] Finished Spring Data repository scanning in 6 ms. Found 0 JPA repository interfaces.
2025-09-29 14:44:37,408 INFO  TomcatWebServer [TomcatWebServer.java:111] Tomcat initialized with port 8080 (http)
2025-09-29 14:44:37,415 INFO  Http11NioProtocol [DirectJDKLog.java:168] Initializing ProtocolHandler ["http-nio-8080"]
2025-09-29 14:44:37,416 INFO  StandardService [DirectJDKLog.java:168] Starting service [Tomcat]
2025-09-29 14:44:37,416 INFO  StandardEngine [DirectJDKLog.java:168] Starting Servlet engine: [Apache Tomcat/10.1.46]
2025-09-29 14:44:37,460 INFO  [/] [DirectJDKLog.java:168] Initializing Spring embedded WebApplicationContext
2025-09-29 14:44:37,460 INFO  ServletWebServerApplicationContext [ServletWebServerApplicationContext.java:301] Root WebApplicationContext: initialization completed in 614 ms
2025-09-29 14:44:37,530 INFO  HikariDataSource [HikariDataSource.java:109] HikariPool-1 - Starting...
2025-09-29 14:44:37,612 INFO  HikariPool [HikariPool.java:580] HikariPool-1 - Added connection org.postgresql.jdbc.PgConnection@5190010f
2025-09-29 14:44:37,613 INFO  HikariDataSource [HikariDataSource.java:122] HikariPool-1 - Start completed.
2025-09-29 14:44:37,688 INFO  database [JavaLogger.java:37] Set default schema name to public
2025-09-29 14:44:37,881 INFO  command [JavaLogger.java:37] Command execution complete
2025-09-29 14:44:37,884 WARN  AnnotationConfigServletWebServerApplicationContext [AbstractApplicationContext.java:635] Exception encountered during context initialization - cancelling refresh attempt: org.springframework.beans.factory.BeanCreationException: Error creating bean with name 'entityManagerFactory' defined in class path resource [org/springframework/boot/autoconfigure/orm/jpa/HibernateJpaConfiguration.class]: Failed to initialize dependency 'liquibase' of LoadTimeWeaverAware bean 'entityManagerFactory': Error creating bean with name 'liquibase' defined in class path resource [org/springframework/boot/autoconfigure/liquibase/LiquibaseAutoConfiguration$LiquibaseConfiguration.class]: liquibase.exception.ChangeLogParseException: Error parsing classpath:db/changelog/changelog-master.yaml : Error parsing db/changelog/010-tables.yaml : Error parsing db/changelog/010-tables.yaml: Unknown change type 'addCheckConstraint'. Check for spelling or capitalization errors and missing extensions such as liquibase-commercial.
2025-09-29 14:44:37,885 INFO  HikariDataSource [HikariDataSource.java:349] HikariPool-1 - Shutdown initiated...
2025-09-29 14:44:37,900 INFO  HikariDataSource [HikariDataSource.java:351] HikariPool-1 - Shutdown completed.
2025-09-29 14:44:37,902 INFO  StandardService [DirectJDKLog.java:168] Stopping service [Tomcat]
2025-09-29 14:44:37,911 INFO  ConditionEvaluationReportLogger [ConditionEvaluationReportLogger.java:82] 

Error starting ApplicationContext. To display the condition evaluation report re-run your application with 'debug' enabled.
2025-09-29 14:44:37,923 ERROR SpringApplication [SpringApplication.java:857] Application run failed
org.springframework.beans.factory.BeanCreationException: Error creating bean with name 'entityManagerFactory' defined in class path resource [org/springframework/boot/autoconfigure/orm/jpa/HibernateJpaConfiguration.class]: Failed to initialize dependency 'liquibase' of LoadTimeWeaverAware bean 'entityManagerFactory': Error creating bean with name 'liquibase' defined in class path resource [org/springframework/boot/autoconfigure/liquibase/LiquibaseAutoConfiguration$LiquibaseConfiguration.class]: liquibase.exception.ChangeLogParseException: Error parsing classpath:db/changelog/changelog-master.yaml : Error parsing db/changelog/010-tables.yaml : Error parsing db/changelog/010-tables.yaml: Unknown change type 'addCheckConstraint'. Check for spelling or capitalization errors and missing extensions such as liquibase-commercial.
	at org.springframework.beans.factory.support.AbstractBeanFactory.doGetBean(AbstractBeanFactory.java:328)
	at org.springframework.beans.factory.support.AbstractBeanFactory.getBean(AbstractBeanFactory.java:207)
	at org.springframework.context.support.AbstractApplicationContext.finishBeanFactoryInitialization(AbstractApplicationContext.java:970)
	at org.springframework.context.support.AbstractApplicationContext.refresh(AbstractApplicationContext.java:627)
	at org.springframework.boot.web.servlet.context.ServletWebServerApplicationContext.refresh(ServletWebServerApplicationContext.java:146)
	at org.springframework.boot.SpringApplication.refresh(SpringApplication.java:752)
	at org.springframework.boot.SpringApplication.refreshContext(SpringApplication.java:439)
	at org.springframework.boot.SpringApplication.run(SpringApplication.java:318)
	at org.springframework.boot.SpringApplication.run(SpringApplication.java:1361)
	at org.springframework.boot.SpringApplication.run(SpringApplication.java:1350)
	at com.example.logistics.LogisticsApplication.main(LogisticsApplication.java:10)
Caused by: org.springframework.beans.factory.BeanCreationException: Error creating bean with name 'liquibase' defined in class path resource [org/springframework/boot/autoconfigure/liquibase/LiquibaseAutoConfiguration$LiquibaseConfiguration.class]: liquibase.exception.ChangeLogParseException: Error parsing classpath:db/changelog/changelog-master.yaml : Error parsing db/changelog/010-tables.yaml : Error parsing db/changelog/010-tables.yaml: Unknown change type 'addCheckConstraint'. Check for spelling or capitalization errors and missing extensions such as liquibase-commercial.
	at org.springframework.beans.factory.support.AbstractAutowireCapableBeanFactory.initializeBean(AbstractAutowireCapableBeanFactory.java:1826)
	at org.springframework.beans.factory.support.AbstractAutowireCapableBeanFactory.doCreateBean(AbstractAutowireCapableBeanFactory.java:607)
	at org.springframework.beans.factory.support.AbstractAutowireCapableBeanFactory.createBean(AbstractAutowireCapableBeanFactory.java:529)
	at org.springframework.beans.factory.support.AbstractBeanFactory.lambda$doGetBean$0(AbstractBeanFactory.java:339)
	at org.springframework.beans.factory.support.DefaultSingletonBeanRegistry.getSingleton(DefaultSingletonBeanRegistry.java:373)
	at org.springframework.beans.factory.support.AbstractBeanFactory.doGetBean(AbstractBeanFactory.java:337)
	at org.springframework.beans.factory.support.AbstractBeanFactory.getBean(AbstractBeanFactory.java:202)
	at org.springframework.beans.factory.support.AbstractBeanFactory.doGetBean(AbstractBeanFactory.java:315)
	... 10 common frames omitted
Caused by: liquibase.exception.CommandExecutionException: liquibase.exception.ChangeLogParseException: Error parsing classpath:db/changelog/changelog-master.yaml : Error parsing db/changelog/010-tables.yaml : Error parsing db/changelog/010-tables.yaml: Unknown change type 'addCheckConstraint'. Check for spelling or capitalization errors and missing extensions such as liquibase-commercial.
	at liquibase.command.CommandScope.execute(CommandScope.java:236)
	at liquibase.Liquibase.lambda$update$0(Liquibase.java:223)
	at liquibase.Scope.lambda$child$0(Scope.java:197)
	at liquibase.Scope.child(Scope.java:206)
	at liquibase.Scope.child(Scope.java:196)
	at liquibase.Scope.child(Scope.java:175)
	at liquibase.Liquibase.runInScope(Liquibase.java:1361)
	at liquibase.Liquibase.update(Liquibase.java:215)
	at liquibase.Liquibase.update(Liquibase.java:197)
	at liquibase.integration.spring.SpringLiquibase.performUpdate(SpringLiquibase.java:329)
	at liquibase.integration.spring.SpringLiquibase.afterPropertiesSet(SpringLiquibase.java:284)
	at org.springframework.beans.factory.support.AbstractAutowireCapableBeanFactory.invokeInitMethods(AbstractAutowireCapableBeanFactory.java:1873)
	at org.springframework.beans.factory.support.AbstractAutowireCapableBeanFactory.initializeBean(AbstractAutowireCapableBeanFactory.java:1822)
	... 17 common frames omitted
Caused by: liquibase.exception.ChangeLogParseException: Error parsing classpath:db/changelog/changelog-master.yaml : Error parsing db/changelog/010-tables.yaml : Error parsing db/changelog/010-tables.yaml: Unknown change type 'addCheckConstraint'. Check for spelling or capitalization errors and missing extensions such as liquibase-commercial.
	at liquibase.parser.core.yaml.YamlChangeLogParser.parse(YamlChangeLogParser.java:94)
	at liquibase.command.core.helpers.DatabaseChangelogCommandStep.lambda$getDatabaseChangeLog$0(DatabaseChangelogCommandStep.java:115)
	at liquibase.Scope.child(Scope.java:206)
	at liquibase.Scope.child(Scope.java:182)
	at liquibase.command.core.helpers.DatabaseChangelogCommandStep.getDatabaseChangeLog(DatabaseChangelogCommandStep.java:114)
	at liquibase.command.core.helpers.DatabaseChangelogCommandStep.run(DatabaseChangelogCommandStep.java:93)
	at liquibase.command.CommandScope.execute(CommandScope.java:213)
	... 29 common frames omitted
Caused by: liquibase.exception.SetupException: Error parsing db/changelog/010-tables.yaml : Error parsing db/changelog/010-tables.yaml: Unknown change type 'addCheckConstraint'. Check for spelling or capitalization errors and missing extensions such as liquibase-commercial.
	at liquibase.changelog.DatabaseChangeLog.handleChildNode(DatabaseChangeLog.java:453)
	at liquibase.changelog.DatabaseChangeLog.load(DatabaseChangeLog.java:376)
	at liquibase.parser.core.yaml.YamlChangeLogParser.parse(YamlChangeLogParser.java:88)
	... 35 common frames omitted
Caused by: liquibase.exception.ChangeLogParseException: Error parsing db/changelog/010-tables.yaml : Error parsing db/changelog/010-tables.yaml: Unknown change type 'addCheckConstraint'. Check for spelling or capitalization errors and missing extensions such as liquibase-commercial.
	at liquibase.parser.core.yaml.YamlChangeLogParser.parse(YamlChangeLogParser.java:94)
	at liquibase.changelog.DatabaseChangeLog.include(DatabaseChangeLog.java:879)
	at liquibase.changelog.DatabaseChangeLog.handleChildNode(DatabaseChangeLog.java:443)
	... 37 common frames omitted
Caused by: liquibase.parser.core.ParsedNodeException: Error parsing db/changelog/010-tables.yaml: Unknown change type 'addCheckConstraint'. Check for spelling or capitalization errors and missing extensions such as liquibase-commercial.
	at liquibase.changelog.ChangeSet.toChange(ChangeSet.java:573)
	at liquibase.changelog.ChangeSet.handleChildNode(ChangeSet.java:500)
	at liquibase.changelog.ChangeSet.handleChildNode(ChangeSet.java:496)
	at liquibase.changelog.ChangeSet.load(ChangeSet.java:424)
	at liquibase.changelog.DatabaseChangeLog.createChangeSet(DatabaseChangeLog.java:931)
	at liquibase.changelog.DatabaseChangeLog.handleChildNode(DatabaseChangeLog.java:413)
	at liquibase.changelog.DatabaseChangeLog.load(DatabaseChangeLog.java:376)
	at liquibase.parser.core.yaml.YamlChangeLogParser.parse(YamlChangeLogParser.java:88)
	... 39 common frames omitted
2025-09-29 14:47:19,743 INFO  LogisticsApplication [StartupInfoLogger.java:53] Starting LogisticsApplication using Java 17.0.5 with PID 25248 (C:\Users\1\Desktop\LOGISTICS\logistics\target\classes started by 1 in C:\Users\1\Desktop\LOGISTICS\logistics)
2025-09-29 14:47:19,745 INFO  LogisticsApplication [SpringApplication.java:652] No active profile set, falling back to 1 default profile: "default"
2025-09-29 14:47:20,096 INFO  RepositoryConfigurationDelegate [RepositoryConfigurationDelegate.java:145] Bootstrapping Spring Data JPA repositories in DEFAULT mode.
2025-09-29 14:47:20,108 INFO  RepositoryConfigurationDelegate [RepositoryConfigurationDelegate.java:213] Finished Spring Data repository scanning in 6 ms. Found 0 JPA repository interfaces.
2025-09-29 14:47:20,327 INFO  TomcatWebServer [TomcatWebServer.java:111] Tomcat initialized with port 8080 (http)
2025-09-29 14:47:20,333 INFO  Http11NioProtocol [DirectJDKLog.java:168] Initializing ProtocolHandler ["http-nio-8080"]
2025-09-29 14:47:20,335 INFO  StandardService [DirectJDKLog.java:168] Starting service [Tomcat]
2025-09-29 14:47:20,335 INFO  StandardEngine [DirectJDKLog.java:168] Starting Servlet engine: [Apache Tomcat/10.1.46]
2025-09-29 14:47:20,367 INFO  [/] [DirectJDKLog.java:168] Initializing Spring embedded WebApplicationContext
2025-09-29 14:47:20,367 INFO  ServletWebServerApplicationContext [ServletWebServerApplicationContext.java:301] Root WebApplicationContext: initialization completed in 595 ms
2025-09-29 14:47:20,448 INFO  HikariDataSource [HikariDataSource.java:109] HikariPool-1 - Starting...
2025-09-29 14:47:20,530 INFO  HikariPool [HikariPool.java:580] HikariPool-1 - Added connection org.postgresql.jdbc.PgConnection@5f0bab7e
2025-09-29 14:47:20,531 INFO  HikariDataSource [HikariDataSource.java:122] HikariPool-1 - Start completed.
2025-09-29 14:47:20,606 INFO  database [JavaLogger.java:37] Set default schema name to public
2025-09-29 14:47:20,863 INFO  changelog [JavaLogger.java:37] Creating database history table with name: public.databasechangelog
2025-09-29 14:47:20,887 INFO  changelog [JavaLogger.java:37] Reading from public.databasechangelog
2025-09-29 14:47:20,964 INFO  lockservice [JavaLogger.java:37] Successfully acquired change log lock
2025-09-29 14:47:20,981 INFO  command [JavaLogger.java:37] Using deploymentId: 9146440981
2025-09-29 14:47:20,983 INFO  changelog [JavaLogger.java:37] Reading from public.databasechangelog
2025-09-29 14:47:21,030 INFO  changelog [JavaLogger.java:37] Table client created
2025-09-29 14:47:21,033 INFO  changelog [JavaLogger.java:37] ChangeSet db/changelog/010-tables.yaml::010-client::you ran successfully in 21ms
2025-09-29 14:47:21,050 INFO  changelog [JavaLogger.java:37] Table carrier created
2025-09-29 14:47:21,052 INFO  changelog [JavaLogger.java:37] ChangeSet db/changelog/010-tables.yaml::011-carrier::you ran successfully in 12ms
2025-09-29 14:47:21,069 INFO  changelog [JavaLogger.java:37] Table driver created
2025-09-29 14:47:21,072 INFO  changelog [JavaLogger.java:37] ChangeSet db/changelog/010-tables.yaml::012-driver::you ran successfully in 15ms
2025-09-29 14:47:21,092 INFO  changelog [JavaLogger.java:37] Table vehicle created
2025-09-29 14:47:21,102 INFO  changelog [JavaLogger.java:37] Custom SQL executed
2025-09-29 14:47:21,105 INFO  changelog [JavaLogger.java:37] ChangeSet db/changelog/010-tables.yaml::013-vehicle::you ran successfully in 27ms
2025-09-29 14:47:21,122 INFO  changelog [JavaLogger.java:37] Table app_user created
2025-09-29 14:47:21,124 INFO  changelog [JavaLogger.java:37] ChangeSet db/changelog/010-tables.yaml::014-app_user::you ran successfully in 15ms
2025-09-29 14:47:21,141 INFO  changelog [JavaLogger.java:37] Table shipment created
2025-09-29 14:47:21,144 INFO  changelog [JavaLogger.java:37] Custom SQL executed
2025-09-29 14:47:21,147 INFO  changelog [JavaLogger.java:37] ChangeSet db/changelog/010-tables.yaml::015-shipment::you ran successfully in 16ms
2025-09-29 14:47:21,162 INFO  changelog [JavaLogger.java:37] Table shipment_status_history created
2025-09-29 14:47:21,165 INFO  changelog [JavaLogger.java:37] ChangeSet db/changelog/010-tables.yaml::016-shipment-status-history::you ran successfully in 12ms
2025-09-29 14:47:21,177 INFO  changelog [JavaLogger.java:37] Index idx_shipment_client created
2025-09-29 14:47:21,181 INFO  changelog [JavaLogger.java:37] Index idx_shipment_carrier created
2025-09-29 14:47:21,186 INFO  changelog [JavaLogger.java:37] Index idx_shipment_status created
2025-09-29 14:47:21,190 INFO  changelog [JavaLogger.java:37] Index idx_hist_shipment_changed_at_desc created
2025-09-29 14:47:21,192 INFO  changelog [JavaLogger.java:37] ChangeSet db/changelog/020-indexes.yaml::020-indexes::pogodin ran successfully in 21ms
2025-09-29 14:47:21,198 INFO  util [JavaLogger.java:37] UPDATE SUMMARY
2025-09-29 14:47:21,198 INFO  util [JavaLogger.java:37] Run:                          8
2025-09-29 14:47:21,198 INFO  util [JavaLogger.java:37] Previously run:               0
2025-09-29 14:47:21,198 INFO  util [JavaLogger.java:37] Filtered out:                 0
2025-09-29 14:47:21,198 INFO  util [JavaLogger.java:37] -------------------------------
2025-09-29 14:47:21,198 INFO  util [JavaLogger.java:37] Total change sets:            8

2025-09-29 14:47:21,199 INFO  util [JavaLogger.java:37] Update summary generated
2025-09-29 14:47:21,199 INFO  command [JavaLogger.java:37] Update command completed successfully.
2025-09-29 14:47:21,204 INFO  lockservice [JavaLogger.java:37] Successfully released change log lock
2025-09-29 14:47:21,205 INFO  command [JavaLogger.java:37] Command execution complete
2025-09-29 14:47:21,245 INFO  LogHelper [LogHelper.java:31] HHH000204: Processing PersistenceUnitInfo [name: default]
2025-09-29 14:47:21,272 INFO  Version [Version.java:44] HHH000412: Hibernate ORM core version 6.6.29.Final
2025-09-29 14:47:21,293 INFO  RegionFactoryInitiator [RegionFactoryInitiator.java:50] HHH000026: Second-level cache disabled
2025-09-29 14:47:21,444 INFO  SpringPersistenceUnitInfo [SpringPersistenceUnitInfo.java:87] No LoadTimeWeaver setup: ignoring JPA class transformer
2025-09-29 14:47:21,468 WARN  deprecation [DialectFactoryImpl.java:153] HHH90000025: PostgreSQLDialect does not need to be specified explicitly using 'hibernate.dialect' (remove the property setting and it will be selected by default)
2025-09-29 14:47:21,479 INFO  pooling [JdbcEnvironmentInitiator.java:163] HHH10001005: Database info:
	Database JDBC URL [Connecting through datasource 'HikariDataSource (HikariPool-1)']
	Database driver: undefined/unknown
	Database version: 14.5
	Autocommit mode: undefined/unknown
	Isolation level: undefined/unknown
	Minimum pool size: undefined/unknown
	Maximum pool size: undefined/unknown
2025-09-29 14:47:21,615 INFO  JtaPlatformInitiator [JtaPlatformInitiator.java:59] HHH000489: No JTA platform available (set 'hibernate.transaction.jta.platform' to enable JTA platform integration)
2025-09-29 14:47:21,618 INFO  LocalContainerEntityManagerFactoryBean [AbstractEntityManagerFactoryBean.java:447] Initialized JPA EntityManagerFactory for persistence unit 'default'
2025-09-29 14:47:21,641 WARN  JpaBaseConfiguration$JpaWebConfiguration [JpaBaseConfiguration.java:258] spring.jpa.open-in-view is enabled by default. Therefore, database queries may be performed during view rendering. Explicitly configure spring.jpa.open-in-view to disable this warning
2025-09-29 14:47:21,862 INFO  Http11NioProtocol [DirectJDKLog.java:168] Starting ProtocolHandler ["http-nio-8080"]
2025-09-29 14:47:21,873 INFO  TomcatWebServer [TomcatWebServer.java:243] Tomcat started on port 8080 (http) with context path '/'
2025-09-29 14:47:21,880 INFO  LogisticsApplication [StartupInfoLogger.java:59] Started LogisticsApplication in 2.36 seconds (process running for 2.775)
2025-09-29 14:49:04,609 INFO  Http11Processor [DirectJDKLog.java:170] Error parsing HTTP request header
 Note: further occurrences of HTTP request parsing errors will be logged at DEBUG level.
java.lang.IllegalArgumentException: Invalid character found in method name [0x160x030x010x060xa00x010x000x060x9c0x030x03$0x880xad0xad0x060xf0Ic0xb70xa0?\0xcc~>0xb80xeaj0xc77V0x80Ta0x800x9c0x940x930x85#0xe8J ]. HTTP method names must be tokens
	at org.apache.coyote.http11.Http11InputBuffer.parseRequestLine(Http11InputBuffer.java:403)
	at org.apache.coyote.http11.Http11Processor.service(Http11Processor.java:271)
	at org.apache.coyote.AbstractProcessorLight.process(AbstractProcessorLight.java:63)
	at org.apache.coyote.AbstractProtocol$ConnectionHandler.process(AbstractProtocol.java:903)
	at org.apache.tomcat.util.net.NioEndpoint$SocketProcessor.doRun(NioEndpoint.java:1776)
	at org.apache.tomcat.util.net.SocketProcessorBase.run(SocketProcessorBase.java:52)
	at org.apache.tomcat.util.threads.ThreadPoolExecutor.runWorker(ThreadPoolExecutor.java:975)
	at org.apache.tomcat.util.threads.ThreadPoolExecutor$Worker.run(ThreadPoolExecutor.java:493)
	at org.apache.tomcat.util.threads.TaskThread$WrappingRunnable.run(TaskThread.java:63)
	at java.base/java.lang.Thread.run(Thread.java:833)
2025-09-29 14:49:47,356 INFO  GracefulShutdown [GracefulShutdown.java:54] Commencing graceful shutdown. Waiting for active requests to complete
2025-09-29 14:49:47,385 INFO  GracefulShutdown [GracefulShutdown.java:76] Graceful shutdown complete
2025-09-29 14:49:47,387 INFO  LocalContainerEntityManagerFactoryBean [AbstractEntityManagerFactoryBean.java:660] Closing JPA EntityManagerFactory for persistence unit 'default'
2025-09-29 14:49:47,388 INFO  HikariDataSource [HikariDataSource.java:349] HikariPool-1 - Shutdown initiated...
2025-09-29 14:49:47,390 INFO  HikariDataSource [HikariDataSource.java:351] HikariPool-1 - Shutdown completed.
2025-09-29 14:49:50,938 INFO  LogisticsApplication [StartupInfoLogger.java:53] Starting LogisticsApplication using Java 17.0.5 with PID 4780 (C:\Users\1\Desktop\LOGISTICS\logistics\target\classes started by 1 in C:\Users\1\Desktop\LOGISTICS\logistics)
2025-09-29 14:49:50,940 INFO  LogisticsApplication [SpringApplication.java:652] No active profile set, falling back to 1 default profile: "default"
2025-09-29 14:49:51,300 INFO  RepositoryConfigurationDelegate [RepositoryConfigurationDelegate.java:145] Bootstrapping Spring Data JPA repositories in DEFAULT mode.
2025-09-29 14:49:51,312 INFO  RepositoryConfigurationDelegate [RepositoryConfigurationDelegate.java:213] Finished Spring Data repository scanning in 6 ms. Found 0 JPA repository interfaces.
2025-09-29 14:49:51,538 INFO  TomcatWebServer [TomcatWebServer.java:111] Tomcat initialized with port 8080 (http)
2025-09-29 14:49:51,544 INFO  Http11NioProtocol [DirectJDKLog.java:168] Initializing ProtocolHandler ["http-nio-8080"]
2025-09-29 14:49:51,545 INFO  StandardService [DirectJDKLog.java:168] Starting service [Tomcat]
2025-09-29 14:49:51,546 INFO  StandardEngine [DirectJDKLog.java:168] Starting Servlet engine: [Apache Tomcat/10.1.46]
2025-09-29 14:49:51,578 INFO  [/] [DirectJDKLog.java:168] Initializing Spring embedded WebApplicationContext
2025-09-29 14:49:51,578 INFO  ServletWebServerApplicationContext [ServletWebServerApplicationContext.java:301] Root WebApplicationContext: initialization completed in 615 ms
2025-09-29 14:49:51,658 INFO  HikariDataSource [HikariDataSource.java:109] HikariPool-1 - Starting...
2025-09-29 14:49:51,740 INFO  HikariPool [HikariPool.java:580] HikariPool-1 - Added connection org.postgresql.jdbc.PgConnection@5d878b25
2025-09-29 14:49:51,741 INFO  HikariDataSource [HikariDataSource.java:122] HikariPool-1 - Start completed.
2025-09-29 14:49:51,817 INFO  database [JavaLogger.java:37] Set default schema name to public
2025-09-29 14:49:52,118 INFO  changelog [JavaLogger.java:37] Reading from public.databasechangelog
2025-09-29 14:49:52,183 INFO  lockservice [JavaLogger.java:37] Successfully acquired change log lock
2025-09-29 14:49:52,192 INFO  command [JavaLogger.java:37] Using deploymentId: 9146592192
2025-09-29 14:49:52,193 INFO  changelog [JavaLogger.java:37] Reading from public.databasechangelog
2025-09-29 14:49:52,217 INFO  changelog [JavaLogger.java:37] Custom SQL executed
2025-09-29 14:49:52,219 INFO  changelog [JavaLogger.java:37] ChangeSet db/changelog/030-triggers.yaml::030-func-set-updated-at::pogodin ran successfully in 17ms
2025-09-29 14:49:52,229 WARN  executor [JavaLogger.java:37] trigger "set_updated_at" for relation "shipment" does not exist, skipping
2025-09-29 14:49:52,231 INFO  changelog [JavaLogger.java:37] Custom SQL executed
2025-09-29 14:49:52,233 INFO  changelog [JavaLogger.java:37] ChangeSet db/changelog/030-triggers.yaml::031-trigger-set-updated-at::pogodin ran successfully in 7ms
2025-09-29 14:49:52,243 INFO  changelog [JavaLogger.java:37] Custom SQL executed
2025-09-29 14:49:52,245 INFO  changelog [JavaLogger.java:37] ChangeSet db/changelog/030-triggers.yaml::032-func-validate-shipment::pogodin ran successfully in 8ms
2025-09-29 14:49:52,253 WARN  executor [JavaLogger.java:37] trigger "validate_shipment_assignment_ins" for relation "shipment" does not exist, skipping
2025-09-29 14:49:52,254 WARN  executor [JavaLogger.java:37] trigger "validate_shipment_assignment_upd" for relation "shipment" does not exist, skipping
2025-09-29 14:49:52,256 INFO  changelog [JavaLogger.java:37] Custom SQL executed
2025-09-29 14:49:52,258 INFO  changelog [JavaLogger.java:37] ChangeSet db/changelog/030-triggers.yaml::033-triggers-validate-shipment::pogodin ran successfully in 9ms
2025-09-29 14:49:52,264 INFO  changelog [JavaLogger.java:37] Custom SQL executed
2025-09-29 14:49:52,266 INFO  changelog [JavaLogger.java:37] ChangeSet db/changelog/030-triggers.yaml::034-func-log-status-change::pogodin ran successfully in 5ms
2025-09-29 14:49:52,273 WARN  executor [JavaLogger.java:37] trigger "log_status_change_ins" for relation "shipment" does not exist, skipping
2025-09-29 14:49:52,274 WARN  executor [JavaLogger.java:37] trigger "log_status_change_upd" for relation "shipment" does not exist, skipping
2025-09-29 14:49:52,276 INFO  changelog [JavaLogger.java:37] Custom SQL executed
2025-09-29 14:49:52,278 INFO  changelog [JavaLogger.java:37] ChangeSet db/changelog/030-triggers.yaml::035-triggers-log-status-change::pogodin ran successfully in 7ms
2025-09-29 14:49:52,282 INFO  util [JavaLogger.java:37] UPDATE SUMMARY
2025-09-29 14:49:52,283 INFO  util [JavaLogger.java:37] Run:                          6
2025-09-29 14:49:52,283 INFO  util [JavaLogger.java:37] Previously run:               8
2025-09-29 14:49:52,283 INFO  util [JavaLogger.java:37] Filtered out:                 0
2025-09-29 14:49:52,283 INFO  util [JavaLogger.java:37] -------------------------------
2025-09-29 14:49:52,283 INFO  util [JavaLogger.java:37] Total change sets:           14

2025-09-29 14:49:52,284 INFO  util [JavaLogger.java:37] Update summary generated
2025-09-29 14:49:52,284 INFO  command [JavaLogger.java:37] Update command completed successfully.
2025-09-29 14:49:52,288 INFO  lockservice [JavaLogger.java:37] Successfully released change log lock
2025-09-29 14:49:52,289 INFO  command [JavaLogger.java:37] Command execution complete
2025-09-29 14:49:52,330 INFO  LogHelper [LogHelper.java:31] HHH000204: Processing PersistenceUnitInfo [name: default]
2025-09-29 14:49:52,360 INFO  Version [Version.java:44] HHH000412: Hibernate ORM core version 6.6.29.Final
2025-09-29 14:49:52,382 INFO  RegionFactoryInitiator [RegionFactoryInitiator.java:50] HHH000026: Second-level cache disabled
2025-09-29 14:49:52,532 INFO  SpringPersistenceUnitInfo [SpringPersistenceUnitInfo.java:87] No LoadTimeWeaver setup: ignoring JPA class transformer
2025-09-29 14:49:52,556 WARN  deprecation [DialectFactoryImpl.java:153] HHH90000025: PostgreSQLDialect does not need to be specified explicitly using 'hibernate.dialect' (remove the property setting and it will be selected by default)
2025-09-29 14:49:52,569 INFO  pooling [JdbcEnvironmentInitiator.java:163] HHH10001005: Database info:
	Database JDBC URL [Connecting through datasource 'HikariDataSource (HikariPool-1)']
	Database driver: undefined/unknown
	Database version: 14.5
	Autocommit mode: undefined/unknown
	Isolation level: undefined/unknown
	Minimum pool size: undefined/unknown
	Maximum pool size: undefined/unknown
2025-09-29 14:49:52,707 INFO  JtaPlatformInitiator [JtaPlatformInitiator.java:59] HHH000489: No JTA platform available (set 'hibernate.transaction.jta.platform' to enable JTA platform integration)
2025-09-29 14:49:52,710 INFO  LocalContainerEntityManagerFactoryBean [AbstractEntityManagerFactoryBean.java:447] Initialized JPA EntityManagerFactory for persistence unit 'default'
2025-09-29 14:49:52,731 WARN  JpaBaseConfiguration$JpaWebConfiguration [JpaBaseConfiguration.java:258] spring.jpa.open-in-view is enabled by default. Therefore, database queries may be performed during view rendering. Explicitly configure spring.jpa.open-in-view to disable this warning
2025-09-29 14:49:52,940 INFO  Http11NioProtocol [DirectJDKLog.java:168] Starting ProtocolHandler ["http-nio-8080"]
2025-09-29 14:49:52,950 INFO  TomcatWebServer [TomcatWebServer.java:243] Tomcat started on port 8080 (http) with context path '/'
2025-09-29 14:49:52,957 INFO  LogisticsApplication [StartupInfoLogger.java:59] Started LogisticsApplication in 2.246 seconds (process running for 2.653)
2025-09-29 14:50:40,965 INFO  GracefulShutdown [GracefulShutdown.java:54] Commencing graceful shutdown. Waiting for active requests to complete
2025-09-29 14:50:40,993 INFO  GracefulShutdown [GracefulShutdown.java:76] Graceful shutdown complete
2025-09-29 14:50:40,996 INFO  LocalContainerEntityManagerFactoryBean [AbstractEntityManagerFactoryBean.java:660] Closing JPA EntityManagerFactory for persistence unit 'default'
2025-09-29 14:50:40,997 INFO  HikariDataSource [HikariDataSource.java:349] HikariPool-1 - Shutdown initiated...
2025-09-29 14:50:40,999 INFO  HikariDataSource [HikariDataSource.java:351] HikariPool-1 - Shutdown completed.
2025-09-29 14:50:47,605 INFO  LogisticsApplication [StartupInfoLogger.java:53] Starting LogisticsApplication using Java 17.0.5 with PID 13524 (C:\Users\1\Desktop\LOGISTICS\logistics\target\classes started by 1 in C:\Users\1\Desktop\LOGISTICS\logistics)
2025-09-29 14:50:47,606 INFO  LogisticsApplication [SpringApplication.java:652] No active profile set, falling back to 1 default profile: "default"
2025-09-29 14:50:47,965 INFO  RepositoryConfigurationDelegate [RepositoryConfigurationDelegate.java:145] Bootstrapping Spring Data JPA repositories in DEFAULT mode.
2025-09-29 14:50:47,977 INFO  RepositoryConfigurationDelegate [RepositoryConfigurationDelegate.java:213] Finished Spring Data repository scanning in 6 ms. Found 0 JPA repository interfaces.
2025-09-29 14:50:48,202 INFO  TomcatWebServer [TomcatWebServer.java:111] Tomcat initialized with port 8080 (http)
2025-09-29 14:50:48,210 INFO  Http11NioProtocol [DirectJDKLog.java:168] Initializing ProtocolHandler ["http-nio-8080"]
2025-09-29 14:50:48,211 INFO  StandardService [DirectJDKLog.java:168] Starting service [Tomcat]
2025-09-29 14:50:48,211 INFO  StandardEngine [DirectJDKLog.java:168] Starting Servlet engine: [Apache Tomcat/10.1.46]
2025-09-29 14:50:48,244 INFO  [/] [DirectJDKLog.java:168] Initializing Spring embedded WebApplicationContext
2025-09-29 14:50:48,244 INFO  ServletWebServerApplicationContext [ServletWebServerApplicationContext.java:301] Root WebApplicationContext: initialization completed in 611 ms
2025-09-29 14:50:48,327 INFO  HikariDataSource [HikariDataSource.java:109] HikariPool-1 - Starting...
2025-09-29 14:50:48,408 INFO  HikariPool [HikariPool.java:580] HikariPool-1 - Added connection org.postgresql.jdbc.PgConnection@4998e74b
2025-09-29 14:50:48,409 INFO  HikariDataSource [HikariDataSource.java:122] HikariPool-1 - Start completed.
2025-09-29 14:50:48,484 INFO  database [JavaLogger.java:37] Set default schema name to public
2025-09-29 14:50:48,794 INFO  changelog [JavaLogger.java:37] Reading from public.databasechangelog
2025-09-29 14:50:48,860 INFO  lockservice [JavaLogger.java:37] Successfully acquired change log lock
2025-09-29 14:50:48,869 INFO  command [JavaLogger.java:37] Using deploymentId: 9146648869
2025-09-29 14:50:48,871 INFO  changelog [JavaLogger.java:37] Reading from public.databasechangelog
2025-09-29 14:50:48,891 INFO  changelog [JavaLogger.java:37] Custom SQL executed
2025-09-29 14:50:48,894 INFO  changelog [JavaLogger.java:37] ChangeSet db/changelog/040-procedures.yaml::040-proc-assign-vehicle-driver::pogodin ran successfully in 13ms
2025-09-29 14:50:48,909 ERROR changelog [JavaLogger.java:37] ChangeSet db/changelog/040-procedures.yaml::041-proc-advance-status::pogodin encountered an exception.
2025-09-29 14:50:48,912 INFO  command [JavaLogger.java:37] Update command encountered an exception.
2025-09-29 14:50:48,917 INFO  lockservice [JavaLogger.java:37] Successfully released change log lock
2025-09-29 14:50:48,919 INFO  command [JavaLogger.java:37] Command execution complete
2025-09-29 14:50:48,922 WARN  AnnotationConfigServletWebServerApplicationContext [AbstractApplicationContext.java:635] Exception encountered during context initialization - cancelling refresh attempt: org.springframework.beans.factory.BeanCreationException: Error creating bean with name 'entityManagerFactory' defined in class path resource [org/springframework/boot/autoconfigure/orm/jpa/HibernateJpaConfiguration.class]: Failed to initialize dependency 'liquibase' of LoadTimeWeaverAware bean 'entityManagerFactory': Error creating bean with name 'liquibase' defined in class path resource [org/springframework/boot/autoconfigure/liquibase/LiquibaseAutoConfiguration$LiquibaseConfiguration.class]: liquibase.exception.LiquibaseException: liquibase.exception.MigrationFailedException: Migration failed for changeset db/changelog/040-procedures.yaml::041-proc-advance-status::pogodin:
     Reason: liquibase.exception.DatabaseException: ERROR: type shipment_status does not exist [Failed SQL: (0) CREATE OR REPLACE PROCEDURE advance_shipment_status(
    p_shipment_id BIGINT,
    p_new_status  shipment_status,
    p_note        TEXT DEFAULT NULL,
    p_user_id     BIGINT DEFAULT NULL
)
LANGUAGE plpgsql
AS $$
DECLARE
    v_old_status shipment_status;
BEGIN
    SELECT status INTO v_old_status FROM shipment WHERE id = p_shipment_id FOR UPDATE;
    IF v_old_status IS NULL THEN
        RAISE EXCEPTION 'Shipment % not found', p_shipment_id;
    END IF;

    IF v_old_status = 'NEW'        AND p_new_status NOT IN ('ASSIGNED','CANCELLED') THEN
        RAISE EXCEPTION 'Invalid transition: % -> %', v_old_status, p_new_status;
    ELSIF v_old_status = 'ASSIGNED' AND p_new_status NOT IN ('PICKED_UP','CANCELLED') THEN
        RAISE EXCEPTION 'Invalid transition: % -> %', v_old_status, p_new_status;
    ELSIF v_old_status = 'PICKED_UP' AND p_new_status NOT IN ('IN_TRANSIT','CANCELLED') THEN
        RAISE EXCEPTION 'Invalid transition: % -> %', v_old_status, p_new_status;
    ELSIF v_old_status = 'IN_TRANSIT' AND p_new_status NOT IN ('DELIVERED','CANCELLED') THEN
        RAISE EXCEPTION 'Invalid transition: % -> %', v_old_status, p_new_status;
    ELSIF v_old_status IN ('DELIVERED','CANCELLED') THEN
        RAISE EXCEPTION 'Shipment already in terminal status: %', v_old_status;
    END IF;

    UPDATE shipment SET status = p_new_status WHERE id = p_shipment_id;

    INSERT INTO shipment_status_history (shipment_id, status, note, changed_by)
    VALUES (p_shipment_id, p_new_status, COALESCE(p_note, 'Advanced via procedure'), p_user_id);
END$$]
2025-09-29 14:50:48,922 INFO  HikariDataSource [HikariDataSource.java:349] HikariPool-1 - Shutdown initiated...
2025-09-29 14:50:48,934 INFO  HikariDataSource [HikariDataSource.java:351] HikariPool-1 - Shutdown completed.
2025-09-29 14:50:48,936 INFO  StandardService [DirectJDKLog.java:168] Stopping service [Tomcat]
2025-09-29 14:50:48,943 INFO  ConditionEvaluationReportLogger [ConditionEvaluationReportLogger.java:82] 

Error starting ApplicationContext. To display the condition evaluation report re-run your application with 'debug' enabled.
2025-09-29 14:50:48,955 ERROR SpringApplication [SpringApplication.java:857] Application run failed
org.springframework.beans.factory.BeanCreationException: Error creating bean with name 'entityManagerFactory' defined in class path resource [org/springframework/boot/autoconfigure/orm/jpa/HibernateJpaConfiguration.class]: Failed to initialize dependency 'liquibase' of LoadTimeWeaverAware bean 'entityManagerFactory': Error creating bean with name 'liquibase' defined in class path resource [org/springframework/boot/autoconfigure/liquibase/LiquibaseAutoConfiguration$LiquibaseConfiguration.class]: liquibase.exception.LiquibaseException: liquibase.exception.MigrationFailedException: Migration failed for changeset db/changelog/040-procedures.yaml::041-proc-advance-status::pogodin:
     Reason: liquibase.exception.DatabaseException: ERROR: type shipment_status does not exist [Failed SQL: (0) CREATE OR REPLACE PROCEDURE advance_shipment_status(
    p_shipment_id BIGINT,
    p_new_status  shipment_status,
    p_note        TEXT DEFAULT NULL,
    p_user_id     BIGINT DEFAULT NULL
)
LANGUAGE plpgsql
AS $$
DECLARE
    v_old_status shipment_status;
BEGIN
    SELECT status INTO v_old_status FROM shipment WHERE id = p_shipment_id FOR UPDATE;
    IF v_old_status IS NULL THEN
        RAISE EXCEPTION 'Shipment % not found', p_shipment_id;
    END IF;

    IF v_old_status = 'NEW'        AND p_new_status NOT IN ('ASSIGNED','CANCELLED') THEN
        RAISE EXCEPTION 'Invalid transition: % -> %', v_old_status, p_new_status;
    ELSIF v_old_status = 'ASSIGNED' AND p_new_status NOT IN ('PICKED_UP','CANCELLED') THEN
        RAISE EXCEPTION 'Invalid transition: % -> %', v_old_status, p_new_status;
    ELSIF v_old_status = 'PICKED_UP' AND p_new_status NOT IN ('IN_TRANSIT','CANCELLED') THEN
        RAISE EXCEPTION 'Invalid transition: % -> %', v_old_status, p_new_status;
    ELSIF v_old_status = 'IN_TRANSIT' AND p_new_status NOT IN ('DELIVERED','CANCELLED') THEN
        RAISE EXCEPTION 'Invalid transition: % -> %', v_old_status, p_new_status;
    ELSIF v_old_status IN ('DELIVERED','CANCELLED') THEN
        RAISE EXCEPTION 'Shipment already in terminal status: %', v_old_status;
    END IF;

    UPDATE shipment SET status = p_new_status WHERE id = p_shipment_id;

    INSERT INTO shipment_status_history (shipment_id, status, note, changed_by)
    VALUES (p_shipment_id, p_new_status, COALESCE(p_note, 'Advanced via procedure'), p_user_id);
END$$]
	at org.springframework.beans.factory.support.AbstractBeanFactory.doGetBean(AbstractBeanFactory.java:328)
	at org.springframework.beans.factory.support.AbstractBeanFactory.getBean(AbstractBeanFactory.java:207)
	at org.springframework.context.support.AbstractApplicationContext.finishBeanFactoryInitialization(AbstractApplicationContext.java:970)
	at org.springframework.context.support.AbstractApplicationContext.refresh(AbstractApplicationContext.java:627)
	at org.springframework.boot.web.servlet.context.ServletWebServerApplicationContext.refresh(ServletWebServerApplicationContext.java:146)
	at org.springframework.boot.SpringApplication.refresh(SpringApplication.java:752)
	at org.springframework.boot.SpringApplication.refreshContext(SpringApplication.java:439)
	at org.springframework.boot.SpringApplication.run(SpringApplication.java:318)
	at org.springframework.boot.SpringApplication.run(SpringApplication.java:1361)
	at org.springframework.boot.SpringApplication.run(SpringApplication.java:1350)
	at com.example.logistics.LogisticsApplication.main(LogisticsApplication.java:10)
Caused by: org.springframework.beans.factory.BeanCreationException: Error creating bean with name 'liquibase' defined in class path resource [org/springframework/boot/autoconfigure/liquibase/LiquibaseAutoConfiguration$LiquibaseConfiguration.class]: liquibase.exception.LiquibaseException: liquibase.exception.MigrationFailedException: Migration failed for changeset db/changelog/040-procedures.yaml::041-proc-advance-status::pogodin:
     Reason: liquibase.exception.DatabaseException: ERROR: type shipment_status does not exist [Failed SQL: (0) CREATE OR REPLACE PROCEDURE advance_shipment_status(
    p_shipment_id BIGINT,
    p_new_status  shipment_status,
    p_note        TEXT DEFAULT NULL,
    p_user_id     BIGINT DEFAULT NULL
)
LANGUAGE plpgsql
AS $$
DECLARE
    v_old_status shipment_status;
BEGIN
    SELECT status INTO v_old_status FROM shipment WHERE id = p_shipment_id FOR UPDATE;
    IF v_old_status IS NULL THEN
        RAISE EXCEPTION 'Shipment % not found', p_shipment_id;
    END IF;

    IF v_old_status = 'NEW'        AND p_new_status NOT IN ('ASSIGNED','CANCELLED') THEN
        RAISE EXCEPTION 'Invalid transition: % -> %', v_old_status, p_new_status;
    ELSIF v_old_status = 'ASSIGNED' AND p_new_status NOT IN ('PICKED_UP','CANCELLED') THEN
        RAISE EXCEPTION 'Invalid transition: % -> %', v_old_status, p_new_status;
    ELSIF v_old_status = 'PICKED_UP' AND p_new_status NOT IN ('IN_TRANSIT','CANCELLED') THEN
        RAISE EXCEPTION 'Invalid transition: % -> %', v_old_status, p_new_status;
    ELSIF v_old_status = 'IN_TRANSIT' AND p_new_status NOT IN ('DELIVERED','CANCELLED') THEN
        RAISE EXCEPTION 'Invalid transition: % -> %', v_old_status, p_new_status;
    ELSIF v_old_status IN ('DELIVERED','CANCELLED') THEN
        RAISE EXCEPTION 'Shipment already in terminal status: %', v_old_status;
    END IF;

    UPDATE shipment SET status = p_new_status WHERE id = p_shipment_id;

    INSERT INTO shipment_status_history (shipment_id, status, note, changed_by)
    VALUES (p_shipment_id, p_new_status, COALESCE(p_note, 'Advanced via procedure'), p_user_id);
END$$]
	at org.springframework.beans.factory.support.AbstractAutowireCapableBeanFactory.initializeBean(AbstractAutowireCapableBeanFactory.java:1826)
	at org.springframework.beans.factory.support.AbstractAutowireCapableBeanFactory.doCreateBean(AbstractAutowireCapableBeanFactory.java:607)
	at org.springframework.beans.factory.support.AbstractAutowireCapableBeanFactory.createBean(AbstractAutowireCapableBeanFactory.java:529)
	at org.springframework.beans.factory.support.AbstractBeanFactory.lambda$doGetBean$0(AbstractBeanFactory.java:339)
	at org.springframework.beans.factory.support.DefaultSingletonBeanRegistry.getSingleton(DefaultSingletonBeanRegistry.java:373)
	at org.springframework.beans.factory.support.AbstractBeanFactory.doGetBean(AbstractBeanFactory.java:337)
	at org.springframework.beans.factory.support.AbstractBeanFactory.getBean(AbstractBeanFactory.java:202)
	at org.springframework.beans.factory.support.AbstractBeanFactory.doGetBean(AbstractBeanFactory.java:315)
	... 10 common frames omitted
Caused by: liquibase.exception.CommandExecutionException: liquibase.exception.LiquibaseException: liquibase.exception.MigrationFailedException: Migration failed for changeset db/changelog/040-procedures.yaml::041-proc-advance-status::pogodin:
     Reason: liquibase.exception.DatabaseException: ERROR: type shipment_status does not exist [Failed SQL: (0) CREATE OR REPLACE PROCEDURE advance_shipment_status(
    p_shipment_id BIGINT,
    p_new_status  shipment_status,
    p_note        TEXT DEFAULT NULL,
    p_user_id     BIGINT DEFAULT NULL
)
LANGUAGE plpgsql
AS $$
DECLARE
    v_old_status shipment_status;
BEGIN
    SELECT status INTO v_old_status FROM shipment WHERE id = p_shipment_id FOR UPDATE;
    IF v_old_status IS NULL THEN
        RAISE EXCEPTION 'Shipment % not found', p_shipment_id;
    END IF;

    IF v_old_status = 'NEW'        AND p_new_status NOT IN ('ASSIGNED','CANCELLED') THEN
        RAISE EXCEPTION 'Invalid transition: % -> %', v_old_status, p_new_status;
    ELSIF v_old_status = 'ASSIGNED' AND p_new_status NOT IN ('PICKED_UP','CANCELLED') THEN
        RAISE EXCEPTION 'Invalid transition: % -> %', v_old_status, p_new_status;
    ELSIF v_old_status = 'PICKED_UP' AND p_new_status NOT IN ('IN_TRANSIT','CANCELLED') THEN
        RAISE EXCEPTION 'Invalid transition: % -> %', v_old_status, p_new_status;
    ELSIF v_old_status = 'IN_TRANSIT' AND p_new_status NOT IN ('DELIVERED','CANCELLED') THEN
        RAISE EXCEPTION 'Invalid transition: % -> %', v_old_status, p_new_status;
    ELSIF v_old_status IN ('DELIVERED','CANCELLED') THEN
        RAISE EXCEPTION 'Shipment already in terminal status: %', v_old_status;
    END IF;

    UPDATE shipment SET status = p_new_status WHERE id = p_shipment_id;

    INSERT INTO shipment_status_history (shipment_id, status, note, changed_by)
    VALUES (p_shipment_id, p_new_status, COALESCE(p_note, 'Advanced via procedure'), p_user_id);
END$$]
	at liquibase.command.CommandScope.execute(CommandScope.java:236)
	at liquibase.Liquibase.lambda$update$0(Liquibase.java:223)
	at liquibase.Scope.lambda$child$0(Scope.java:197)
	at liquibase.Scope.child(Scope.java:206)
	at liquibase.Scope.child(Scope.java:196)
	at liquibase.Scope.child(Scope.java:175)
	at liquibase.Liquibase.runInScope(Liquibase.java:1361)
	at liquibase.Liquibase.update(Liquibase.java:215)
	at liquibase.Liquibase.update(Liquibase.java:197)
	at liquibase.integration.spring.SpringLiquibase.performUpdate(SpringLiquibase.java:329)
	at liquibase.integration.spring.SpringLiquibase.afterPropertiesSet(SpringLiquibase.java:284)
	at org.springframework.beans.factory.support.AbstractAutowireCapableBeanFactory.invokeInitMethods(AbstractAutowireCapableBeanFactory.java:1873)
	at org.springframework.beans.factory.support.AbstractAutowireCapableBeanFactory.initializeBean(AbstractAutowireCapableBeanFactory.java:1822)
	... 17 common frames omitted
Caused by: liquibase.exception.LiquibaseException: liquibase.exception.MigrationFailedException: Migration failed for changeset db/changelog/040-procedures.yaml::041-proc-advance-status::pogodin:
     Reason: liquibase.exception.DatabaseException: ERROR: type shipment_status does not exist [Failed SQL: (0) CREATE OR REPLACE PROCEDURE advance_shipment_status(
    p_shipment_id BIGINT,
    p_new_status  shipment_status,
    p_note        TEXT DEFAULT NULL,
    p_user_id     BIGINT DEFAULT NULL
)
LANGUAGE plpgsql
AS $$
DECLARE
    v_old_status shipment_status;
BEGIN
    SELECT status INTO v_old_status FROM shipment WHERE id = p_shipment_id FOR UPDATE;
    IF v_old_status IS NULL THEN
        RAISE EXCEPTION 'Shipment % not found', p_shipment_id;
    END IF;

    IF v_old_status = 'NEW'        AND p_new_status NOT IN ('ASSIGNED','CANCELLED') THEN
        RAISE EXCEPTION 'Invalid transition: % -> %', v_old_status, p_new_status;
    ELSIF v_old_status = 'ASSIGNED' AND p_new_status NOT IN ('PICKED_UP','CANCELLED') THEN
        RAISE EXCEPTION 'Invalid transition: % -> %', v_old_status, p_new_status;
    ELSIF v_old_status = 'PICKED_UP' AND p_new_status NOT IN ('IN_TRANSIT','CANCELLED') THEN
        RAISE EXCEPTION 'Invalid transition: % -> %', v_old_status, p_new_status;
    ELSIF v_old_status = 'IN_TRANSIT' AND p_new_status NOT IN ('DELIVERED','CANCELLED') THEN
        RAISE EXCEPTION 'Invalid transition: % -> %', v_old_status, p_new_status;
    ELSIF v_old_status IN ('DELIVERED','CANCELLED') THEN
        RAISE EXCEPTION 'Shipment already in terminal status: %', v_old_status;
    END IF;

    UPDATE shipment SET status = p_new_status WHERE id = p_shipment_id;

    INSERT INTO shipment_status_history (shipment_id, status, note, changed_by)
    VALUES (p_shipment_id, p_new_status, COALESCE(p_note, 'Advanced via procedure'), p_user_id);
END$$]
	at liquibase.changelog.ChangeLogIterator.run(ChangeLogIterator.java:122)
	at liquibase.command.core.AbstractUpdateCommandStep.lambda$run$0(AbstractUpdateCommandStep.java:87)
	at liquibase.Scope.lambda$child$0(Scope.java:197)
	at liquibase.Scope.child(Scope.java:206)
	at liquibase.Scope.child(Scope.java:196)
	at liquibase.Scope.child(Scope.java:175)
	at liquibase.command.core.AbstractUpdateCommandStep.run(AbstractUpdateCommandStep.java:86)
	at liquibase.command.core.UpdateCommandStep.run(UpdateCommandStep.java:102)
	at liquibase.command.CommandScope.execute(CommandScope.java:213)
	... 29 common frames omitted
Caused by: liquibase.exception.MigrationFailedException: Migration failed for changeset db/changelog/040-procedures.yaml::041-proc-advance-status::pogodin:
     Reason: liquibase.exception.DatabaseException: ERROR: type shipment_status does not exist [Failed SQL: (0) CREATE OR REPLACE PROCEDURE advance_shipment_status(
    p_shipment_id BIGINT,
    p_new_status  shipment_status,
    p_note        TEXT DEFAULT NULL,
    p_user_id     BIGINT DEFAULT NULL
)
LANGUAGE plpgsql
AS $$
DECLARE
    v_old_status shipment_status;
BEGIN
    SELECT status INTO v_old_status FROM shipment WHERE id = p_shipment_id FOR UPDATE;
    IF v_old_status IS NULL THEN
        RAISE EXCEPTION 'Shipment % not found', p_shipment_id;
    END IF;

    IF v_old_status = 'NEW'        AND p_new_status NOT IN ('ASSIGNED','CANCELLED') THEN
        RAISE EXCEPTION 'Invalid transition: % -> %', v_old_status, p_new_status;
    ELSIF v_old_status = 'ASSIGNED' AND p_new_status NOT IN ('PICKED_UP','CANCELLED') THEN
        RAISE EXCEPTION 'Invalid transition: % -> %', v_old_status, p_new_status;
    ELSIF v_old_status = 'PICKED_UP' AND p_new_status NOT IN ('IN_TRANSIT','CANCELLED') THEN
        RAISE EXCEPTION 'Invalid transition: % -> %', v_old_status, p_new_status;
    ELSIF v_old_status = 'IN_TRANSIT' AND p_new_status NOT IN ('DELIVERED','CANCELLED') THEN
        RAISE EXCEPTION 'Invalid transition: % -> %', v_old_status, p_new_status;
    ELSIF v_old_status IN ('DELIVERED','CANCELLED') THEN
        RAISE EXCEPTION 'Shipment already in terminal status: %', v_old_status;
    END IF;

    UPDATE shipment SET status = p_new_status WHERE id = p_shipment_id;

    INSERT INTO shipment_status_history (shipment_id, status, note, changed_by)
    VALUES (p_shipment_id, p_new_status, COALESCE(p_note, 'Advanced via procedure'), p_user_id);
END$$]
	at liquibase.changelog.ChangeSet.execute(ChangeSet.java:768)
	at liquibase.changelog.visitor.UpdateVisitor.executeAcceptedChange(UpdateVisitor.java:120)
	at liquibase.changelog.visitor.UpdateVisitor.visit(UpdateVisitor.java:70)
	at liquibase.changelog.ChangeLogIterator$2.lambda$run$0(ChangeLogIterator.java:110)
	at liquibase.Scope.lambda$child$0(Scope.java:197)
	at liquibase.Scope.child(Scope.java:206)
	at liquibase.Scope.child(Scope.java:196)
	at liquibase.Scope.child(Scope.java:175)
	at liquibase.Scope.child(Scope.java:263)
	at liquibase.changelog.ChangeLogIterator$2.run(ChangeLogIterator.java:100)
	at liquibase.Scope.lambda$child$0(Scope.java:197)
	at liquibase.Scope.child(Scope.java:206)
	at liquibase.Scope.child(Scope.java:196)
	at liquibase.Scope.child(Scope.java:175)
	at liquibase.Scope.child(Scope.java:263)
	at liquibase.Scope.child(Scope.java:267)
	at liquibase.changelog.ChangeLogIterator.run(ChangeLogIterator.java:74)
	... 37 common frames omitted
Caused by: liquibase.exception.DatabaseException: ERROR: type shipment_status does not exist [Failed SQL: (0) CREATE OR REPLACE PROCEDURE advance_shipment_status(
    p_shipment_id BIGINT,
    p_new_status  shipment_status,
    p_note        TEXT DEFAULT NULL,
    p_user_id     BIGINT DEFAULT NULL
)
LANGUAGE plpgsql
AS $$
DECLARE
    v_old_status shipment_status;
BEGIN
    SELECT status INTO v_old_status FROM shipment WHERE id = p_shipment_id FOR UPDATE;
    IF v_old_status IS NULL THEN
        RAISE EXCEPTION 'Shipment % not found', p_shipment_id;
    END IF;

    IF v_old_status = 'NEW'        AND p_new_status NOT IN ('ASSIGNED','CANCELLED') THEN
        RAISE EXCEPTION 'Invalid transition: % -> %', v_old_status, p_new_status;
    ELSIF v_old_status = 'ASSIGNED' AND p_new_status NOT IN ('PICKED_UP','CANCELLED') THEN
        RAISE EXCEPTION 'Invalid transition: % -> %', v_old_status, p_new_status;
    ELSIF v_old_status = 'PICKED_UP' AND p_new_status NOT IN ('IN_TRANSIT','CANCELLED') THEN
        RAISE EXCEPTION 'Invalid transition: % -> %', v_old_status, p_new_status;
    ELSIF v_old_status = 'IN_TRANSIT' AND p_new_status NOT IN ('DELIVERED','CANCELLED') THEN
        RAISE EXCEPTION 'Invalid transition: % -> %', v_old_status, p_new_status;
    ELSIF v_old_status IN ('DELIVERED','CANCELLED') THEN
        RAISE EXCEPTION 'Shipment already in terminal status: %', v_old_status;
    END IF;

    UPDATE shipment SET status = p_new_status WHERE id = p_shipment_id;

    INSERT INTO shipment_status_history (shipment_id, status, note, changed_by)
    VALUES (p_shipment_id, p_new_status, COALESCE(p_note, 'Advanced via procedure'), p_user_id);
END$$]
	at liquibase.executor.jvm.JdbcExecutor$ExecuteStatementCallback.doInStatement(JdbcExecutor.java:467)
	at liquibase.executor.jvm.JdbcExecutor.execute(JdbcExecutor.java:77)
	at liquibase.executor.jvm.JdbcExecutor.execute(JdbcExecutor.java:180)
	at liquibase.database.AbstractJdbcDatabase.execute(AbstractJdbcDatabase.java:1291)
	at liquibase.database.AbstractJdbcDatabase.executeStatements(AbstractJdbcDatabase.java:1273)
	at liquibase.changelog.ChangeSet.execute(ChangeSet.java:728)
	... 53 common frames omitted
Caused by: org.postgresql.util.PSQLException: ERROR: type shipment_status does not exist
	at org.postgresql.core.v3.QueryExecutorImpl.receiveErrorResponse(QueryExecutorImpl.java:2734)
	at org.postgresql.core.v3.QueryExecutorImpl.processResults(QueryExecutorImpl.java:2421)
	at org.postgresql.core.v3.QueryExecutorImpl.execute(QueryExecutorImpl.java:372)
	at org.postgresql.jdbc.PgStatement.executeInternal(PgStatement.java:518)
	at org.postgresql.jdbc.PgStatement.execute(PgStatement.java:435)
	at org.postgresql.jdbc.PgStatement.executeWithFlags(PgStatement.java:357)
	at org.postgresql.jdbc.PgStatement.executeCachedSql(PgStatement.java:342)
	at org.postgresql.jdbc.PgStatement.executeWithFlags(PgStatement.java:318)
	at org.postgresql.jdbc.PgStatement.execute(PgStatement.java:313)
	at com.zaxxer.hikari.pool.ProxyStatement.execute(ProxyStatement.java:95)
	at com.zaxxer.hikari.pool.HikariProxyStatement.execute(HikariProxyStatement.java)
	at liquibase.executor.jvm.JdbcExecutor$ExecuteStatementCallback.doInStatement(JdbcExecutor.java:461)
	... 58 common frames omitted
2025-09-29 14:51:23,287 INFO  LogisticsApplication [StartupInfoLogger.java:53] Starting LogisticsApplication using Java 17.0.5 with PID 18376 (C:\Users\1\Desktop\LOGISTICS\logistics\target\classes started by 1 in C:\Users\1\Desktop\LOGISTICS\logistics)
2025-09-29 14:51:23,289 INFO  LogisticsApplication [SpringApplication.java:652] No active profile set, falling back to 1 default profile: "default"
2025-09-29 14:51:23,642 INFO  RepositoryConfigurationDelegate [RepositoryConfigurationDelegate.java:145] Bootstrapping Spring Data JPA repositories in DEFAULT mode.
2025-09-29 14:51:23,654 INFO  RepositoryConfigurationDelegate [RepositoryConfigurationDelegate.java:213] Finished Spring Data repository scanning in 6 ms. Found 0 JPA repository interfaces.
2025-09-29 14:51:23,878 INFO  TomcatWebServer [TomcatWebServer.java:111] Tomcat initialized with port 8080 (http)
2025-09-29 14:51:23,885 INFO  Http11NioProtocol [DirectJDKLog.java:168] Initializing ProtocolHandler ["http-nio-8080"]
2025-09-29 14:51:23,885 INFO  StandardService [DirectJDKLog.java:168] Starting service [Tomcat]
2025-09-29 14:51:23,885 INFO  StandardEngine [DirectJDKLog.java:168] Starting Servlet engine: [Apache Tomcat/10.1.46]
2025-09-29 14:51:23,917 INFO  [/] [DirectJDKLog.java:168] Initializing Spring embedded WebApplicationContext
2025-09-29 14:51:23,917 INFO  ServletWebServerApplicationContext [ServletWebServerApplicationContext.java:301] Root WebApplicationContext: initialization completed in 604 ms
2025-09-29 14:51:24,000 INFO  HikariDataSource [HikariDataSource.java:109] HikariPool-1 - Starting...
2025-09-29 14:51:24,080 INFO  HikariPool [HikariPool.java:580] HikariPool-1 - Added connection org.postgresql.jdbc.PgConnection@7f4596d0
2025-09-29 14:51:24,082 INFO  HikariDataSource [HikariDataSource.java:122] HikariPool-1 - Start completed.
2025-09-29 14:51:24,157 INFO  database [JavaLogger.java:37] Set default schema name to public
2025-09-29 14:51:24,483 INFO  changelog [JavaLogger.java:37] Reading from public.databasechangelog
2025-09-29 14:51:24,556 INFO  lockservice [JavaLogger.java:37] Successfully acquired change log lock
2025-09-29 14:51:24,566 INFO  command [JavaLogger.java:37] Using deploymentId: 9146684565
2025-09-29 14:51:24,568 INFO  changelog [JavaLogger.java:37] Reading from public.databasechangelog
2025-09-29 14:51:24,587 INFO  changelog [JavaLogger.java:37] Custom SQL executed
2025-09-29 14:51:24,590 INFO  changelog [JavaLogger.java:37] ChangeSet db/changelog/040-procedures.yaml::proc_get_shipments_by_client::you ran successfully in 12ms
2025-09-29 14:51:24,601 INFO  changelog [JavaLogger.java:37] Custom SQL executed
2025-09-29 14:51:24,603 INFO  changelog [JavaLogger.java:37] ChangeSet db/changelog/040-procedures.yaml::proc_update_vehicle_status::you ran successfully in 6ms
2025-09-29 14:51:24,611 INFO  changelog [JavaLogger.java:37] Custom SQL executed
2025-09-29 14:51:24,613 INFO  changelog [JavaLogger.java:37] ChangeSet db/changelog/040-procedures.yaml::proc_delete_client::you ran successfully in 4ms
2025-09-29 14:51:24,618 INFO  util [JavaLogger.java:37] UPDATE SUMMARY
2025-09-29 14:51:24,618 INFO  util [JavaLogger.java:37] Run:                          3
2025-09-29 14:51:24,618 INFO  util [JavaLogger.java:37] Previously run:              14
2025-09-29 14:51:24,618 INFO  util [JavaLogger.java:37] Filtered out:                 0
2025-09-29 14:51:24,618 INFO  util [JavaLogger.java:37] -------------------------------
2025-09-29 14:51:24,618 INFO  util [JavaLogger.java:37] Total change sets:           17

2025-09-29 14:51:24,619 INFO  util [JavaLogger.java:37] Update summary generated
2025-09-29 14:51:24,619 INFO  command [JavaLogger.java:37] Update command completed successfully.
2025-09-29 14:51:24,624 INFO  lockservice [JavaLogger.java:37] Successfully released change log lock
2025-09-29 14:51:24,625 INFO  command [JavaLogger.java:37] Command execution complete
2025-09-29 14:51:24,665 INFO  LogHelper [LogHelper.java:31] HHH000204: Processing PersistenceUnitInfo [name: default]
2025-09-29 14:51:24,697 INFO  Version [Version.java:44] HHH000412: Hibernate ORM core version 6.6.29.Final
2025-09-29 14:51:24,719 INFO  RegionFactoryInitiator [RegionFactoryInitiator.java:50] HHH000026: Second-level cache disabled
2025-09-29 14:51:24,863 INFO  SpringPersistenceUnitInfo [SpringPersistenceUnitInfo.java:87] No LoadTimeWeaver setup: ignoring JPA class transformer
2025-09-29 14:51:24,887 WARN  deprecation [DialectFactoryImpl.java:153] HHH90000025: PostgreSQLDialect does not need to be specified explicitly using 'hibernate.dialect' (remove the property setting and it will be selected by default)
2025-09-29 14:51:24,898 INFO  pooling [JdbcEnvironmentInitiator.java:163] HHH10001005: Database info:
	Database JDBC URL [Connecting through datasource 'HikariDataSource (HikariPool-1)']
	Database driver: undefined/unknown
	Database version: 14.5
	Autocommit mode: undefined/unknown
	Isolation level: undefined/unknown
	Minimum pool size: undefined/unknown
	Maximum pool size: undefined/unknown
2025-09-29 14:51:25,041 INFO  JtaPlatformInitiator [JtaPlatformInitiator.java:59] HHH000489: No JTA platform available (set 'hibernate.transaction.jta.platform' to enable JTA platform integration)
2025-09-29 14:51:25,044 INFO  LocalContainerEntityManagerFactoryBean [AbstractEntityManagerFactoryBean.java:447] Initialized JPA EntityManagerFactory for persistence unit 'default'
2025-09-29 14:51:25,065 WARN  JpaBaseConfiguration$JpaWebConfiguration [JpaBaseConfiguration.java:258] spring.jpa.open-in-view is enabled by default. Therefore, database queries may be performed during view rendering. Explicitly configure spring.jpa.open-in-view to disable this warning
2025-09-29 14:51:25,279 INFO  Http11NioProtocol [DirectJDKLog.java:168] Starting ProtocolHandler ["http-nio-8080"]
2025-09-29 14:51:25,291 INFO  TomcatWebServer [TomcatWebServer.java:243] Tomcat started on port 8080 (http) with context path '/'
2025-09-29 14:51:25,298 INFO  LogisticsApplication [StartupInfoLogger.java:59] Started LogisticsApplication in 2.241 seconds (process running for 2.649)
2025-09-29 14:52:04,526 INFO  Http11Processor [DirectJDKLog.java:170] Error parsing HTTP request header
 Note: further occurrences of HTTP request parsing errors will be logged at DEBUG level.
java.lang.IllegalArgumentException: Invalid character found in method name [0x160x030x010x060xa00x010x000x060x9c0x030x03B0xb80x000x14~T0x1fU060x830xa10x8660xf20x8e0x970x8f.0xdb0xd90xf00x9d0xcei;0x836Ca80x04 ]. HTTP method names must be tokens
	at org.apache.coyote.http11.Http11InputBuffer.parseRequestLine(Http11InputBuffer.java:403)
	at org.apache.coyote.http11.Http11Processor.service(Http11Processor.java:271)
	at org.apache.coyote.AbstractProcessorLight.process(AbstractProcessorLight.java:63)
	at org.apache.coyote.AbstractProtocol$ConnectionHandler.process(AbstractProtocol.java:903)
	at org.apache.tomcat.util.net.NioEndpoint$SocketProcessor.doRun(NioEndpoint.java:1776)
	at org.apache.tomcat.util.net.SocketProcessorBase.run(SocketProcessorBase.java:52)
	at org.apache.tomcat.util.threads.ThreadPoolExecutor.runWorker(ThreadPoolExecutor.java:975)
	at org.apache.tomcat.util.threads.ThreadPoolExecutor$Worker.run(ThreadPoolExecutor.java:493)
	at org.apache.tomcat.util.threads.TaskThread$WrappingRunnable.run(TaskThread.java:63)
	at java.base/java.lang.Thread.run(Thread.java:833)
2025-09-29 14:52:54,128 INFO  GracefulShutdown [GracefulShutdown.java:54] Commencing graceful shutdown. Waiting for active requests to complete
2025-09-29 14:52:54,156 INFO  GracefulShutdown [GracefulShutdown.java:76] Graceful shutdown complete
2025-09-29 14:52:54,158 INFO  LocalContainerEntityManagerFactoryBean [AbstractEntityManagerFactoryBean.java:660] Closing JPA EntityManagerFactory for persistence unit 'default'
2025-09-29 14:52:54,159 INFO  HikariDataSource [HikariDataSource.java:349] HikariPool-1 - Shutdown initiated...
2025-09-29 14:52:54,161 INFO  HikariDataSource [HikariDataSource.java:351] HikariPool-1 - Shutdown completed.
2025-09-29 14:52:57,327 INFO  LogisticsApplication [StartupInfoLogger.java:53] Starting LogisticsApplication using Java 17.0.5 with PID 27628 (C:\Users\1\Desktop\LOGISTICS\logistics\target\classes started by 1 in C:\Users\1\Desktop\LOGISTICS\logistics)
2025-09-29 14:52:57,328 INFO  LogisticsApplication [SpringApplication.java:652] No active profile set, falling back to 1 default profile: "default"
2025-09-29 14:52:57,689 INFO  RepositoryConfigurationDelegate [RepositoryConfigurationDelegate.java:145] Bootstrapping Spring Data JPA repositories in DEFAULT mode.
2025-09-29 14:52:57,702 INFO  RepositoryConfigurationDelegate [RepositoryConfigurationDelegate.java:213] Finished Spring Data repository scanning in 7 ms. Found 0 JPA repository interfaces.
2025-09-29 14:52:57,944 INFO  TomcatWebServer [TomcatWebServer.java:111] Tomcat initialized with port 8080 (http)
2025-09-29 14:52:57,951 INFO  Http11NioProtocol [DirectJDKLog.java:168] Initializing ProtocolHandler ["http-nio-8080"]
2025-09-29 14:52:57,952 INFO  StandardService [DirectJDKLog.java:168] Starting service [Tomcat]
2025-09-29 14:52:57,952 INFO  StandardEngine [DirectJDKLog.java:168] Starting Servlet engine: [Apache Tomcat/10.1.46]
2025-09-29 14:52:58,005 INFO  [/] [DirectJDKLog.java:168] Initializing Spring embedded WebApplicationContext
2025-09-29 14:52:58,005 INFO  ServletWebServerApplicationContext [ServletWebServerApplicationContext.java:301] Root WebApplicationContext: initialization completed in 652 ms
2025-09-29 14:52:58,086 INFO  HikariDataSource [HikariDataSource.java:109] HikariPool-1 - Starting...
2025-09-29 14:52:58,169 INFO  HikariPool [HikariPool.java:580] HikariPool-1 - Added connection org.postgresql.jdbc.PgConnection@390037e7
2025-09-29 14:52:58,171 INFO  HikariDataSource [HikariDataSource.java:122] HikariPool-1 - Start completed.
2025-09-29 14:52:58,244 INFO  database [JavaLogger.java:37] Set default schema name to public
2025-09-29 14:52:58,577 INFO  changelog [JavaLogger.java:37] Reading from public.databasechangelog
2025-09-29 14:52:58,635 INFO  changelog [JavaLogger.java:37] Change failed validation!
2025-09-29 14:52:58,637 INFO  command [JavaLogger.java:37] Command execution complete
2025-09-29 14:52:58,641 WARN  AnnotationConfigServletWebServerApplicationContext [AbstractApplicationContext.java:635] Exception encountered during context initialization - cancelling refresh attempt: org.springframework.beans.factory.BeanCreationException: Error creating bean with name 'entityManagerFactory' defined in class path resource [org/springframework/boot/autoconfigure/orm/jpa/HibernateJpaConfiguration.class]: Failed to initialize dependency 'liquibase' of LoadTimeWeaverAware bean 'entityManagerFactory': Error creating bean with name 'liquibase' defined in class path resource [org/springframework/boot/autoconfigure/liquibase/LiquibaseAutoConfiguration$LiquibaseConfiguration.class]: liquibase.exception.ValidationFailedException: Validation Failed:
     1 changes have validation failures
          For a createView change, you must specify either 'path' or a nested view definition in createView, db/changelog/050-views.yaml::050-view-shipment-full::pogodin

2025-09-29 14:52:58,641 INFO  HikariDataSource [HikariDataSource.java:349] HikariPool-1 - Shutdown initiated...
2025-09-29 14:52:58,645 INFO  HikariDataSource [HikariDataSource.java:351] HikariPool-1 - Shutdown completed.
2025-09-29 14:52:58,647 INFO  StandardService [DirectJDKLog.java:168] Stopping service [Tomcat]
2025-09-29 14:52:58,655 INFO  ConditionEvaluationReportLogger [ConditionEvaluationReportLogger.java:82] 

Error starting ApplicationContext. To display the condition evaluation report re-run your application with 'debug' enabled.
2025-09-29 14:52:58,668 ERROR SpringApplication [SpringApplication.java:857] Application run failed
org.springframework.beans.factory.BeanCreationException: Error creating bean with name 'entityManagerFactory' defined in class path resource [org/springframework/boot/autoconfigure/orm/jpa/HibernateJpaConfiguration.class]: Failed to initialize dependency 'liquibase' of LoadTimeWeaverAware bean 'entityManagerFactory': Error creating bean with name 'liquibase' defined in class path resource [org/springframework/boot/autoconfigure/liquibase/LiquibaseAutoConfiguration$LiquibaseConfiguration.class]: liquibase.exception.ValidationFailedException: Validation Failed:
     1 changes have validation failures
          For a createView change, you must specify either 'path' or a nested view definition in createView, db/changelog/050-views.yaml::050-view-shipment-full::pogodin

	at org.springframework.beans.factory.support.AbstractBeanFactory.doGetBean(AbstractBeanFactory.java:328)
	at org.springframework.beans.factory.support.AbstractBeanFactory.getBean(AbstractBeanFactory.java:207)
	at org.springframework.context.support.AbstractApplicationContext.finishBeanFactoryInitialization(AbstractApplicationContext.java:970)
	at org.springframework.context.support.AbstractApplicationContext.refresh(AbstractApplicationContext.java:627)
	at org.springframework.boot.web.servlet.context.ServletWebServerApplicationContext.refresh(ServletWebServerApplicationContext.java:146)
	at org.springframework.boot.SpringApplication.refresh(SpringApplication.java:752)
	at org.springframework.boot.SpringApplication.refreshContext(SpringApplication.java:439)
	at org.springframework.boot.SpringApplication.run(SpringApplication.java:318)
	at org.springframework.boot.SpringApplication.run(SpringApplication.java:1361)
	at org.springframework.boot.SpringApplication.run(SpringApplication.java:1350)
	at com.example.logistics.LogisticsApplication.main(LogisticsApplication.java:10)
Caused by: org.springframework.beans.factory.BeanCreationException: Error creating bean with name 'liquibase' defined in class path resource [org/springframework/boot/autoconfigure/liquibase/LiquibaseAutoConfiguration$LiquibaseConfiguration.class]: liquibase.exception.ValidationFailedException: Validation Failed:
     1 changes have validation failures
          For a createView change, you must specify either 'path' or a nested view definition in createView, db/changelog/050-views.yaml::050-view-shipment-full::pogodin

	at org.springframework.beans.factory.support.AbstractAutowireCapableBeanFactory.initializeBean(AbstractAutowireCapableBeanFactory.java:1826)
	at org.springframework.beans.factory.support.AbstractAutowireCapableBeanFactory.doCreateBean(AbstractAutowireCapableBeanFactory.java:607)
	at org.springframework.beans.factory.support.AbstractAutowireCapableBeanFactory.createBean(AbstractAutowireCapableBeanFactory.java:529)
	at org.springframework.beans.factory.support.AbstractBeanFactory.lambda$doGetBean$0(AbstractBeanFactory.java:339)
	at org.springframework.beans.factory.support.DefaultSingletonBeanRegistry.getSingleton(DefaultSingletonBeanRegistry.java:373)
	at org.springframework.beans.factory.support.AbstractBeanFactory.doGetBean(AbstractBeanFactory.java:337)
	at org.springframework.beans.factory.support.AbstractBeanFactory.getBean(AbstractBeanFactory.java:202)
	at org.springframework.beans.factory.support.AbstractBeanFactory.doGetBean(AbstractBeanFactory.java:315)
	... 10 common frames omitted
Caused by: liquibase.exception.CommandExecutionException: liquibase.exception.ValidationFailedException: Validation Failed:
     1 changes have validation failures
          For a createView change, you must specify either 'path' or a nested view definition in createView, db/changelog/050-views.yaml::050-view-shipment-full::pogodin

	at liquibase.command.CommandScope.execute(CommandScope.java:236)
	at liquibase.Liquibase.lambda$update$0(Liquibase.java:223)
	at liquibase.Scope.lambda$child$0(Scope.java:197)
	at liquibase.Scope.child(Scope.java:206)
	at liquibase.Scope.child(Scope.java:196)
	at liquibase.Scope.child(Scope.java:175)
	at liquibase.Liquibase.runInScope(Liquibase.java:1361)
	at liquibase.Liquibase.update(Liquibase.java:215)
	at liquibase.Liquibase.update(Liquibase.java:197)
	at liquibase.integration.spring.SpringLiquibase.performUpdate(SpringLiquibase.java:329)
	at liquibase.integration.spring.SpringLiquibase.afterPropertiesSet(SpringLiquibase.java:284)
	at org.springframework.beans.factory.support.AbstractAutowireCapableBeanFactory.invokeInitMethods(AbstractAutowireCapableBeanFactory.java:1873)
	at org.springframework.beans.factory.support.AbstractAutowireCapableBeanFactory.initializeBean(AbstractAutowireCapableBeanFactory.java:1822)
	... 17 common frames omitted
Caused by: liquibase.exception.ValidationFailedException: Validation Failed:
     1 changes have validation failures
          For a createView change, you must specify either 'path' or a nested view definition in createView, db/changelog/050-views.yaml::050-view-shipment-full::pogodin

	at liquibase.changelog.DatabaseChangeLog.validate(DatabaseChangeLog.java:344)
	at liquibase.command.core.helpers.DatabaseChangelogCommandStep.run(DatabaseChangelogCommandStep.java:95)
	at liquibase.command.CommandScope.execute(CommandScope.java:213)
	... 29 common frames omitted
2025-09-29 14:53:54,694 INFO  LogisticsApplication [StartupInfoLogger.java:53] Starting LogisticsApplication using Java 17.0.5 with PID 29336 (C:\Users\1\Desktop\LOGISTICS\logistics\target\classes started by 1 in C:\Users\1\Desktop\LOGISTICS\logistics)
2025-09-29 14:53:54,695 INFO  LogisticsApplication [SpringApplication.java:652] No active profile set, falling back to 1 default profile: "default"
2025-09-29 14:53:55,045 INFO  RepositoryConfigurationDelegate [RepositoryConfigurationDelegate.java:145] Bootstrapping Spring Data JPA repositories in DEFAULT mode.
2025-09-29 14:53:55,056 INFO  RepositoryConfigurationDelegate [RepositoryConfigurationDelegate.java:213] Finished Spring Data repository scanning in 6 ms. Found 0 JPA repository interfaces.
2025-09-29 14:53:55,277 INFO  TomcatWebServer [TomcatWebServer.java:111] Tomcat initialized with port 8080 (http)
2025-09-29 14:53:55,284 INFO  Http11NioProtocol [DirectJDKLog.java:168] Initializing ProtocolHandler ["http-nio-8080"]
2025-09-29 14:53:55,285 INFO  StandardService [DirectJDKLog.java:168] Starting service [Tomcat]
2025-09-29 14:53:55,285 INFO  StandardEngine [DirectJDKLog.java:168] Starting Servlet engine: [Apache Tomcat/10.1.46]
2025-09-29 14:53:55,319 INFO  [/] [DirectJDKLog.java:168] Initializing Spring embedded WebApplicationContext
2025-09-29 14:53:55,319 INFO  ServletWebServerApplicationContext [ServletWebServerApplicationContext.java:301] Root WebApplicationContext: initialization completed in 599 ms
2025-09-29 14:53:55,403 INFO  HikariDataSource [HikariDataSource.java:109] HikariPool-1 - Starting...
2025-09-29 14:53:55,492 INFO  HikariPool [HikariPool.java:580] HikariPool-1 - Added connection org.postgresql.jdbc.PgConnection@7f4596d0
2025-09-29 14:53:55,493 INFO  HikariDataSource [HikariDataSource.java:122] HikariPool-1 - Start completed.
2025-09-29 14:53:55,570 INFO  database [JavaLogger.java:37] Set default schema name to public
2025-09-29 14:53:55,930 INFO  changelog [JavaLogger.java:37] Reading from public.databasechangelog
2025-09-29 14:53:55,998 INFO  lockservice [JavaLogger.java:37] Successfully acquired change log lock
2025-09-29 14:53:56,008 INFO  command [JavaLogger.java:37] Using deploymentId: 9146836007
2025-09-29 14:53:56,009 INFO  changelog [JavaLogger.java:37] Reading from public.databasechangelog
2025-09-29 14:53:56,033 INFO  changelog [JavaLogger.java:37] Custom SQL executed
2025-09-29 14:53:56,035 INFO  changelog [JavaLogger.java:37] ChangeSet db/changelog/050-views.yaml::050-v-shipment-overview::you ran successfully in 15ms
2025-09-29 14:53:56,047 INFO  changelog [JavaLogger.java:37] Custom SQL executed
2025-09-29 14:53:56,049 INFO  changelog [JavaLogger.java:37] ChangeSet db/changelog/050-views.yaml::051-v-shipment-last-status::you ran successfully in 6ms
2025-09-29 14:53:56,058 INFO  changelog [JavaLogger.java:37] Custom SQL executed
2025-09-29 14:53:56,060 INFO  changelog [JavaLogger.java:37] ChangeSet db/changelog/050-views.yaml::052-v-carrier-summary::you ran successfully in 7ms
2025-09-29 14:53:56,070 INFO  changelog [JavaLogger.java:37] Custom SQL executed
2025-09-29 14:53:56,072 INFO  changelog [JavaLogger.java:37] ChangeSet db/changelog/050-views.yaml::053-v-client-stats::you ran successfully in 8ms
2025-09-29 14:53:56,077 INFO  util [JavaLogger.java:37] UPDATE SUMMARY
2025-09-29 14:53:56,078 INFO  util [JavaLogger.java:37] Run:                          4
2025-09-29 14:53:56,078 INFO  util [JavaLogger.java:37] Previously run:              17
2025-09-29 14:53:56,078 INFO  util [JavaLogger.java:37] Filtered out:                 0
2025-09-29 14:53:56,078 INFO  util [JavaLogger.java:37] -------------------------------
2025-09-29 14:53:56,078 INFO  util [JavaLogger.java:37] Total change sets:           21

2025-09-29 14:53:56,079 INFO  util [JavaLogger.java:37] Update summary generated
2025-09-29 14:53:56,079 INFO  command [JavaLogger.java:37] Update command completed successfully.
2025-09-29 14:53:56,084 INFO  lockservice [JavaLogger.java:37] Successfully released change log lock
2025-09-29 14:53:56,085 INFO  command [JavaLogger.java:37] Command execution complete
2025-09-29 14:53:56,125 INFO  LogHelper [LogHelper.java:31] HHH000204: Processing PersistenceUnitInfo [name: default]
2025-09-29 14:53:56,152 INFO  Version [Version.java:44] HHH000412: Hibernate ORM core version 6.6.29.Final
2025-09-29 14:53:56,173 INFO  RegionFactoryInitiator [RegionFactoryInitiator.java:50] HHH000026: Second-level cache disabled
2025-09-29 14:53:56,324 INFO  SpringPersistenceUnitInfo [SpringPersistenceUnitInfo.java:87] No LoadTimeWeaver setup: ignoring JPA class transformer
2025-09-29 14:53:56,348 WARN  deprecation [DialectFactoryImpl.java:153] HHH90000025: PostgreSQLDialect does not need to be specified explicitly using 'hibernate.dialect' (remove the property setting and it will be selected by default)
2025-09-29 14:53:56,359 INFO  pooling [JdbcEnvironmentInitiator.java:163] HHH10001005: Database info:
	Database JDBC URL [Connecting through datasource 'HikariDataSource (HikariPool-1)']
	Database driver: undefined/unknown
	Database version: 14.5
	Autocommit mode: undefined/unknown
	Isolation level: undefined/unknown
	Minimum pool size: undefined/unknown
	Maximum pool size: undefined/unknown
2025-09-29 14:53:56,496 INFO  JtaPlatformInitiator [JtaPlatformInitiator.java:59] HHH000489: No JTA platform available (set 'hibernate.transaction.jta.platform' to enable JTA platform integration)
2025-09-29 14:53:56,499 INFO  LocalContainerEntityManagerFactoryBean [AbstractEntityManagerFactoryBean.java:447] Initialized JPA EntityManagerFactory for persistence unit 'default'
2025-09-29 14:53:56,520 WARN  JpaBaseConfiguration$JpaWebConfiguration [JpaBaseConfiguration.java:258] spring.jpa.open-in-view is enabled by default. Therefore, database queries may be performed during view rendering. Explicitly configure spring.jpa.open-in-view to disable this warning
2025-09-29 14:53:56,730 INFO  Http11NioProtocol [DirectJDKLog.java:168] Starting ProtocolHandler ["http-nio-8080"]
2025-09-29 14:53:56,741 INFO  TomcatWebServer [TomcatWebServer.java:243] Tomcat started on port 8080 (http) with context path '/'
2025-09-29 14:53:56,748 INFO  LogisticsApplication [StartupInfoLogger.java:59] Started LogisticsApplication in 2.277 seconds (process running for 2.687)
2025-09-29 14:59:04,532 INFO  Http11Processor [DirectJDKLog.java:170] Error parsing HTTP request header
 Note: further occurrences of HTTP request parsing errors will be logged at DEBUG level.
java.lang.IllegalArgumentException: Invalid character found in method name [0x160x030x010x070x000x010x000x060xfc0x030x030xb0}Z0xca@0x9f0xcd0xd50x1a0xac0x1a0xf7*0xd80xdf0xb70x9a3T0xc2gT0x100x180x0d0x9fJ0xe4`!0x090x02 ]. HTTP method names must be tokens
	at org.apache.coyote.http11.Http11InputBuffer.parseRequestLine(Http11InputBuffer.java:403)
	at org.apache.coyote.http11.Http11Processor.service(Http11Processor.java:271)
	at org.apache.coyote.AbstractProcessorLight.process(AbstractProcessorLight.java:63)
	at org.apache.coyote.AbstractProtocol$ConnectionHandler.process(AbstractProtocol.java:903)
	at org.apache.tomcat.util.net.NioEndpoint$SocketProcessor.doRun(NioEndpoint.java:1776)
	at org.apache.tomcat.util.net.SocketProcessorBase.run(SocketProcessorBase.java:52)
	at org.apache.tomcat.util.threads.ThreadPoolExecutor.runWorker(ThreadPoolExecutor.java:975)
	at org.apache.tomcat.util.threads.ThreadPoolExecutor$Worker.run(ThreadPoolExecutor.java:493)
	at org.apache.tomcat.util.threads.TaskThread$WrappingRunnable.run(TaskThread.java:63)
	at java.base/java.lang.Thread.run(Thread.java:833)
2025-09-29 14:59:38,771 INFO  GracefulShutdown [GracefulShutdown.java:54] Commencing graceful shutdown. Waiting for active requests to complete
2025-09-29 14:59:38,798 INFO  GracefulShutdown [GracefulShutdown.java:76] Graceful shutdown complete
2025-09-29 14:59:38,800 INFO  LocalContainerEntityManagerFactoryBean [AbstractEntityManagerFactoryBean.java:660] Closing JPA EntityManagerFactory for persistence unit 'default'
2025-09-29 14:59:38,802 INFO  HikariDataSource [HikariDataSource.java:349] HikariPool-1 - Shutdown initiated...
2025-09-29 14:59:38,804 INFO  HikariDataSource [HikariDataSource.java:351] HikariPool-1 - Shutdown completed.
2025-09-29 14:59:41,651 INFO  LogisticsApplication [StartupInfoLogger.java:53] Starting LogisticsApplication using Java 17.0.5 with PID 13036 (C:\Users\1\Desktop\LOGISTICS\logistics\target\classes started by 1 in C:\Users\1\Desktop\LOGISTICS\logistics)
2025-09-29 14:59:41,653 INFO  LogisticsApplication [SpringApplication.java:652] No active profile set, falling back to 1 default profile: "default"
2025-09-29 14:59:42,020 INFO  RepositoryConfigurationDelegate [RepositoryConfigurationDelegate.java:145] Bootstrapping Spring Data JPA repositories in DEFAULT mode.
2025-09-29 14:59:42,041 INFO  RepositoryConfigurationDelegate [RepositoryConfigurationDelegate.java:213] Finished Spring Data repository scanning in 6 ms. Found 0 JPA repository interfaces.
2025-09-29 14:59:42,260 INFO  TomcatWebServer [TomcatWebServer.java:111] Tomcat initialized with port 8080 (http)
2025-09-29 14:59:42,267 INFO  Http11NioProtocol [DirectJDKLog.java:168] Initializing ProtocolHandler ["http-nio-8080"]
2025-09-29 14:59:42,269 INFO  StandardService [DirectJDKLog.java:168] Starting service [Tomcat]
2025-09-29 14:59:42,269 INFO  StandardEngine [DirectJDKLog.java:168] Starting Servlet engine: [Apache Tomcat/10.1.46]
2025-09-29 14:59:42,301 INFO  [/] [DirectJDKLog.java:168] Initializing Spring embedded WebApplicationContext
2025-09-29 14:59:42,301 INFO  ServletWebServerApplicationContext [ServletWebServerApplicationContext.java:301] Root WebApplicationContext: initialization completed in 620 ms
2025-09-29 14:59:42,381 INFO  HikariDataSource [HikariDataSource.java:109] HikariPool-1 - Starting...
2025-09-29 14:59:42,461 INFO  HikariPool [HikariPool.java:580] HikariPool-1 - Added connection org.postgresql.jdbc.PgConnection@7c241a9f
2025-09-29 14:59:42,463 INFO  HikariDataSource [HikariDataSource.java:122] HikariPool-1 - Start completed.
2025-09-29 14:59:42,536 INFO  database [JavaLogger.java:37] Set default schema name to public
2025-09-29 14:59:42,900 INFO  changelog [JavaLogger.java:37] Reading from public.databasechangelog
2025-09-29 14:59:42,973 INFO  lockservice [JavaLogger.java:37] Successfully acquired change log lock
2025-09-29 14:59:42,982 INFO  command [JavaLogger.java:37] Using deploymentId: 9147182982
2025-09-29 14:59:42,984 INFO  changelog [JavaLogger.java:37] Reading from public.databasechangelog
2025-09-29 14:59:43,023 INFO  changelog [JavaLogger.java:37] Custom SQL executed
2025-09-29 14:59:43,026 INFO  changelog [JavaLogger.java:37] ChangeSet db/changelog/060-insert-test-data.yaml::060-seed-core::pogodin ran successfully in 30ms
2025-09-29 14:59:43,035 INFO  util [JavaLogger.java:37] UPDATE SUMMARY
2025-09-29 14:59:43,035 INFO  util [JavaLogger.java:37] Run:                          1
2025-09-29 14:59:43,035 INFO  util [JavaLogger.java:37] Previously run:              21
2025-09-29 14:59:43,035 INFO  util [JavaLogger.java:37] Filtered out:                 0
2025-09-29 14:59:43,035 INFO  util [JavaLogger.java:37] -------------------------------
2025-09-29 14:59:43,035 INFO  util [JavaLogger.java:37] Total change sets:           22

2025-09-29 14:59:43,036 INFO  util [JavaLogger.java:37] Update summary generated
2025-09-29 14:59:43,037 INFO  command [JavaLogger.java:37] Update command completed successfully.
2025-09-29 14:59:43,041 INFO  lockservice [JavaLogger.java:37] Successfully released change log lock
2025-09-29 14:59:43,043 INFO  command [JavaLogger.java:37] Command execution complete
2025-09-29 14:59:43,083 INFO  LogHelper [LogHelper.java:31] HHH000204: Processing PersistenceUnitInfo [name: default]
2025-09-29 14:59:43,112 INFO  Version [Version.java:44] HHH000412: Hibernate ORM core version 6.6.29.Final
2025-09-29 14:59:43,134 INFO  RegionFactoryInitiator [RegionFactoryInitiator.java:50] HHH000026: Second-level cache disabled
2025-09-29 14:59:43,286 INFO  SpringPersistenceUnitInfo [SpringPersistenceUnitInfo.java:87] No LoadTimeWeaver setup: ignoring JPA class transformer
2025-09-29 14:59:43,309 WARN  deprecation [DialectFactoryImpl.java:153] HHH90000025: PostgreSQLDialect does not need to be specified explicitly using 'hibernate.dialect' (remove the property setting and it will be selected by default)
2025-09-29 14:59:43,320 INFO  pooling [JdbcEnvironmentInitiator.java:163] HHH10001005: Database info:
	Database JDBC URL [Connecting through datasource 'HikariDataSource (HikariPool-1)']
	Database driver: undefined/unknown
	Database version: 14.5
	Autocommit mode: undefined/unknown
	Isolation level: undefined/unknown
	Minimum pool size: undefined/unknown
	Maximum pool size: undefined/unknown
2025-09-29 14:59:43,462 INFO  JtaPlatformInitiator [JtaPlatformInitiator.java:59] HHH000489: No JTA platform available (set 'hibernate.transaction.jta.platform' to enable JTA platform integration)
2025-09-29 14:59:43,465 INFO  LocalContainerEntityManagerFactoryBean [AbstractEntityManagerFactoryBean.java:447] Initialized JPA EntityManagerFactory for persistence unit 'default'
2025-09-29 14:59:43,487 WARN  JpaBaseConfiguration$JpaWebConfiguration [JpaBaseConfiguration.java:258] spring.jpa.open-in-view is enabled by default. Therefore, database queries may be performed during view rendering. Explicitly configure spring.jpa.open-in-view to disable this warning
2025-09-29 14:59:43,693 INFO  Http11NioProtocol [DirectJDKLog.java:168] Starting ProtocolHandler ["http-nio-8080"]
2025-09-29 14:59:43,704 INFO  TomcatWebServer [TomcatWebServer.java:243] Tomcat started on port 8080 (http) with context path '/'
2025-09-29 14:59:43,711 INFO  LogisticsApplication [StartupInfoLogger.java:59] Started LogisticsApplication in 2.301 seconds (process running for 2.703)
2025-09-29 15:01:36,573 INFO  Http11Processor [DirectJDKLog.java:170] Error parsing HTTP request header
 Note: further occurrences of HTTP request parsing errors will be logged at DEBUG level.
java.lang.IllegalArgumentException: Invalid character found in method name [0x160x030x010x060xc00x010x000x060xbc0x030x03-XVE0xd00x0a0x8f|=0xb6r0x88RpP0xe90x130xde0xbb0x140x910xbb0xf0~'@0xdb30xac0xb0#0x12 ]. HTTP method names must be tokens
	at org.apache.coyote.http11.Http11InputBuffer.parseRequestLine(Http11InputBuffer.java:403)
	at org.apache.coyote.http11.Http11Processor.service(Http11Processor.java:271)
	at org.apache.coyote.AbstractProcessorLight.process(AbstractProcessorLight.java:63)
	at org.apache.coyote.AbstractProtocol$ConnectionHandler.process(AbstractProtocol.java:903)
	at org.apache.tomcat.util.net.NioEndpoint$SocketProcessor.doRun(NioEndpoint.java:1776)
	at org.apache.tomcat.util.net.SocketProcessorBase.run(SocketProcessorBase.java:52)
	at org.apache.tomcat.util.threads.ThreadPoolExecutor.runWorker(ThreadPoolExecutor.java:975)
	at org.apache.tomcat.util.threads.ThreadPoolExecutor$Worker.run(ThreadPoolExecutor.java:493)
	at org.apache.tomcat.util.threads.TaskThread$WrappingRunnable.run(TaskThread.java:63)
	at java.base/java.lang.Thread.run(Thread.java:833)
2025-09-29 16:33:39,637 INFO  Version [Version.java:21] HV000001: Hibernate Validator 8.0.3.Final
2025-09-29 16:33:39,665 INFO  LogisticsApplication [StartupInfoLogger.java:53] Starting LogisticsApplication using Java 17.0.5 with PID 25632 (C:\Users\1\Desktop\LOGISTICS\logistics\target\classes started by 1 in C:\Users\1\Desktop\LOGISTICS\logistics)
2025-09-29 16:33:39,665 INFO  LogisticsApplication [SpringApplication.java:652] No active profile set, falling back to 1 default profile: "default"
2025-09-29 16:33:40,060 INFO  RepositoryConfigurationDelegate [RepositoryConfigurationDelegate.java:145] Bootstrapping Spring Data JPA repositories in DEFAULT mode.
2025-09-29 16:33:40,103 INFO  RepositoryConfigurationDelegate [RepositoryConfigurationDelegate.java:213] Finished Spring Data repository scanning in 38 ms. Found 7 JPA repository interfaces.
2025-09-29 16:33:40,368 INFO  TomcatWebServer [TomcatWebServer.java:111] Tomcat initialized with port 8080 (http)
2025-09-29 16:33:40,375 INFO  Http11NioProtocol [DirectJDKLog.java:168] Initializing ProtocolHandler ["http-nio-8080"]
2025-09-29 16:33:40,376 INFO  StandardService [DirectJDKLog.java:168] Starting service [Tomcat]
2025-09-29 16:33:40,376 INFO  StandardEngine [DirectJDKLog.java:168] Starting Servlet engine: [Apache Tomcat/10.1.46]
2025-09-29 16:33:40,410 INFO  [/] [DirectJDKLog.java:168] Initializing Spring embedded WebApplicationContext
2025-09-29 16:33:40,410 INFO  ServletWebServerApplicationContext [ServletWebServerApplicationContext.java:301] Root WebApplicationContext: initialization completed in 721 ms
2025-09-29 16:33:40,485 INFO  HikariDataSource [HikariDataSource.java:109] HikariPool-1 - Starting...
2025-09-29 16:33:40,581 INFO  HikariPool [HikariPool.java:580] HikariPool-1 - Added connection org.postgresql.jdbc.PgConnection@23e3f5cd
2025-09-29 16:33:40,582 INFO  HikariDataSource [HikariDataSource.java:122] HikariPool-1 - Start completed.
2025-09-29 16:33:40,657 INFO  database [JavaLogger.java:37] Set default schema name to public
2025-09-29 16:33:41,010 INFO  changelog [JavaLogger.java:37] Reading from public.databasechangelog
2025-09-29 16:33:41,064 INFO  changelog [JavaLogger.java:37] Reading from public.databasechangelog
2025-09-29 16:33:41,072 INFO  util [JavaLogger.java:37] UPDATE SUMMARY
2025-09-29 16:33:41,072 INFO  util [JavaLogger.java:37] Run:                          0
2025-09-29 16:33:41,072 INFO  util [JavaLogger.java:37] Previously run:              22
2025-09-29 16:33:41,072 INFO  util [JavaLogger.java:37] Filtered out:                 0
2025-09-29 16:33:41,072 INFO  util [JavaLogger.java:37] -------------------------------
2025-09-29 16:33:41,073 INFO  util [JavaLogger.java:37] Total change sets:           22

2025-09-29 16:33:41,073 INFO  util [JavaLogger.java:37] Update summary generated
2025-09-29 16:33:41,088 INFO  lockservice [JavaLogger.java:37] Successfully released change log lock
2025-09-29 16:33:41,090 INFO  command [JavaLogger.java:37] Command execution complete
2025-09-29 16:33:41,128 INFO  LogHelper [LogHelper.java:31] HHH000204: Processing PersistenceUnitInfo [name: default]
2025-09-29 16:33:41,155 INFO  Version [Version.java:44] HHH000412: Hibernate ORM core version 6.6.29.Final
2025-09-29 16:33:41,177 INFO  RegionFactoryInitiator [RegionFactoryInitiator.java:50] HHH000026: Second-level cache disabled
2025-09-29 16:33:41,323 INFO  SpringPersistenceUnitInfo [SpringPersistenceUnitInfo.java:87] No LoadTimeWeaver setup: ignoring JPA class transformer
2025-09-29 16:33:41,347 WARN  deprecation [DialectFactoryImpl.java:153] HHH90000025: PostgreSQLDialect does not need to be specified explicitly using 'hibernate.dialect' (remove the property setting and it will be selected by default)
2025-09-29 16:33:41,364 INFO  pooling [JdbcEnvironmentInitiator.java:163] HHH10001005: Database info:
	Database JDBC URL [Connecting through datasource 'HikariDataSource (HikariPool-1)']
	Database driver: undefined/unknown
	Database version: 14.5
	Autocommit mode: undefined/unknown
	Isolation level: undefined/unknown
	Minimum pool size: undefined/unknown
	Maximum pool size: undefined/unknown
2025-09-29 16:33:41,920 INFO  JtaPlatformInitiator [JtaPlatformInitiator.java:59] HHH000489: No JTA platform available (set 'hibernate.transaction.jta.platform' to enable JTA platform integration)
2025-09-29 16:33:41,923 INFO  LocalContainerEntityManagerFactoryBean [AbstractEntityManagerFactoryBean.java:447] Initialized JPA EntityManagerFactory for persistence unit 'default'
2025-09-29 16:33:42,205 INFO  QueryEnhancerFactory [QueryEnhancerFactory.java:49] Hibernate is in classpath; If applicable, HQL parser will be used.
2025-09-29 16:33:42,459 WARN  JpaBaseConfiguration$JpaWebConfiguration [JpaBaseConfiguration.java:258] spring.jpa.open-in-view is enabled by default. Therefore, database queries may be performed during view rendering. Explicitly configure spring.jpa.open-in-view to disable this warning
2025-09-29 16:33:42,669 INFO  Http11NioProtocol [DirectJDKLog.java:168] Starting ProtocolHandler ["http-nio-8080"]
2025-09-29 16:33:42,673 WARN  AnnotationConfigServletWebServerApplicationContext [AbstractApplicationContext.java:635] Exception encountered during context initialization - cancelling refresh attempt: org.springframework.context.ApplicationContextException: Failed to start bean 'webServerStartStop'
2025-09-29 16:33:42,674 INFO  LocalContainerEntityManagerFactoryBean [AbstractEntityManagerFactoryBean.java:660] Closing JPA EntityManagerFactory for persistence unit 'default'
2025-09-29 16:33:42,676 INFO  HikariDataSource [HikariDataSource.java:349] HikariPool-1 - Shutdown initiated...
2025-09-29 16:33:42,678 INFO  HikariDataSource [HikariDataSource.java:351] HikariPool-1 - Shutdown completed.
2025-09-29 16:33:42,687 INFO  ConditionEvaluationReportLogger [ConditionEvaluationReportLogger.java:82] 

Error starting ApplicationContext. To display the condition evaluation report re-run your application with 'debug' enabled.
2025-09-29 16:33:42,698 ERROR LoggingFailureAnalysisReporter [LoggingFailureAnalysisReporter.java:40] 

***************************
APPLICATION FAILED TO START
***************************

Description:

Web server failed to start. Port 8080 was already in use.

Action:

Identify and stop the process that's listening on port 8080 or configure this application to listen on another port.

2025-09-29 16:39:20,874 INFO  Version [Version.java:21] HV000001: Hibernate Validator 8.0.3.Final
2025-09-29 16:39:20,903 INFO  LogisticsApplication [StartupInfoLogger.java:53] Starting LogisticsApplication using Java 17.0.5 with PID 12644 (C:\Users\1\Desktop\LOGISTICS\logistics\target\classes started by 1 in C:\Users\1\Desktop\LOGISTICS\logistics)
2025-09-29 16:39:20,903 INFO  LogisticsApplication [SpringApplication.java:652] No active profile set, falling back to 1 default profile: "default"
2025-09-29 16:39:21,291 INFO  RepositoryConfigurationDelegate [RepositoryConfigurationDelegate.java:145] Bootstrapping Spring Data JPA repositories in DEFAULT mode.
2025-09-29 16:39:21,332 INFO  RepositoryConfigurationDelegate [RepositoryConfigurationDelegate.java:213] Finished Spring Data repository scanning in 35 ms. Found 7 JPA repository interfaces.
2025-09-29 16:39:21,583 INFO  TomcatWebServer [TomcatWebServer.java:111] Tomcat initialized with port 8080 (http)
2025-09-29 16:39:21,591 INFO  Http11NioProtocol [DirectJDKLog.java:168] Initializing ProtocolHandler ["http-nio-8080"]
2025-09-29 16:39:21,592 INFO  StandardService [DirectJDKLog.java:168] Starting service [Tomcat]
2025-09-29 16:39:21,592 INFO  StandardEngine [DirectJDKLog.java:168] Starting Servlet engine: [Apache Tomcat/10.1.46]
2025-09-29 16:39:21,628 INFO  [/] [DirectJDKLog.java:168] Initializing Spring embedded WebApplicationContext
2025-09-29 16:39:21,628 INFO  ServletWebServerApplicationContext [ServletWebServerApplicationContext.java:301] Root WebApplicationContext: initialization completed in 700 ms
2025-09-29 16:39:21,708 INFO  HikariDataSource [HikariDataSource.java:109] HikariPool-1 - Starting...
2025-09-29 16:39:21,821 INFO  HikariPool [HikariPool.java:580] HikariPool-1 - Added connection org.postgresql.jdbc.PgConnection@7f97bc14
2025-09-29 16:39:21,822 INFO  HikariDataSource [HikariDataSource.java:122] HikariPool-1 - Start completed.
2025-09-29 16:39:21,905 INFO  database [JavaLogger.java:37] Set default schema name to public
2025-09-29 16:39:22,263 INFO  changelog [JavaLogger.java:37] Reading from public.databasechangelog
2025-09-29 16:39:22,315 INFO  changelog [JavaLogger.java:37] Reading from public.databasechangelog
2025-09-29 16:39:22,322 INFO  util [JavaLogger.java:37] UPDATE SUMMARY
2025-09-29 16:39:22,322 INFO  util [JavaLogger.java:37] Run:                          0
2025-09-29 16:39:22,322 INFO  util [JavaLogger.java:37] Previously run:              22
2025-09-29 16:39:22,323 INFO  util [JavaLogger.java:37] Filtered out:                 0
2025-09-29 16:39:22,323 INFO  util [JavaLogger.java:37] -------------------------------
2025-09-29 16:39:22,323 INFO  util [JavaLogger.java:37] Total change sets:           22

2025-09-29 16:39:22,323 INFO  util [JavaLogger.java:37] Update summary generated
2025-09-29 16:39:22,338 INFO  lockservice [JavaLogger.java:37] Successfully released change log lock
2025-09-29 16:39:22,340 INFO  command [JavaLogger.java:37] Command execution complete
2025-09-29 16:39:22,381 INFO  LogHelper [LogHelper.java:31] HHH000204: Processing PersistenceUnitInfo [name: default]
2025-09-29 16:39:22,409 INFO  Version [Version.java:44] HHH000412: Hibernate ORM core version 6.6.29.Final
2025-09-29 16:39:22,432 INFO  RegionFactoryInitiator [RegionFactoryInitiator.java:50] HHH000026: Second-level cache disabled
2025-09-29 16:39:22,580 INFO  SpringPersistenceUnitInfo [SpringPersistenceUnitInfo.java:87] No LoadTimeWeaver setup: ignoring JPA class transformer
2025-09-29 16:39:22,609 WARN  deprecation [DialectFactoryImpl.java:153] HHH90000025: PostgreSQLDialect does not need to be specified explicitly using 'hibernate.dialect' (remove the property setting and it will be selected by default)
2025-09-29 16:39:22,619 INFO  pooling [JdbcEnvironmentInitiator.java:163] HHH10001005: Database info:
	Database JDBC URL [Connecting through datasource 'HikariDataSource (HikariPool-1)']
	Database driver: undefined/unknown
	Database version: 14.5
	Autocommit mode: undefined/unknown
	Isolation level: undefined/unknown
	Minimum pool size: undefined/unknown
	Maximum pool size: undefined/unknown
2025-09-29 16:39:23,170 INFO  JtaPlatformInitiator [JtaPlatformInitiator.java:59] HHH000489: No JTA platform available (set 'hibernate.transaction.jta.platform' to enable JTA platform integration)
2025-09-29 16:39:23,173 INFO  LocalContainerEntityManagerFactoryBean [AbstractEntityManagerFactoryBean.java:447] Initialized JPA EntityManagerFactory for persistence unit 'default'
2025-09-29 16:39:23,447 INFO  QueryEnhancerFactory [QueryEnhancerFactory.java:49] Hibernate is in classpath; If applicable, HQL parser will be used.
2025-09-29 16:39:23,712 WARN  JpaBaseConfiguration$JpaWebConfiguration [JpaBaseConfiguration.java:258] spring.jpa.open-in-view is enabled by default. Therefore, database queries may be performed during view rendering. Explicitly configure spring.jpa.open-in-view to disable this warning
2025-09-29 16:39:23,925 INFO  Http11NioProtocol [DirectJDKLog.java:168] Starting ProtocolHandler ["http-nio-8080"]
2025-09-29 16:39:23,936 INFO  TomcatWebServer [TomcatWebServer.java:243] Tomcat started on port 8080 (http) with context path '/'
2025-09-29 16:39:23,943 INFO  LogisticsApplication [StartupInfoLogger.java:59] Started LogisticsApplication in 3.259 seconds (process running for 3.667)
2025-09-29 16:42:04,534 INFO  Http11Processor [DirectJDKLog.java:170] Error parsing HTTP request header
 Note: further occurrences of HTTP request parsing errors will be logged at DEBUG level.
java.lang.IllegalArgumentException: Invalid character found in method name [0x160x030x010x060xe00x010x000x060xdc0x030x03~0xc0j0x95#0xcb/0x0a%0xb30x150x8fz0xa90xfb0x8fag0x92m{ ]. HTTP method names must be tokens
	at org.apache.coyote.http11.Http11InputBuffer.parseRequestLine(Http11InputBuffer.java:403)
	at org.apache.coyote.http11.Http11Processor.service(Http11Processor.java:271)
	at org.apache.coyote.AbstractProcessorLight.process(AbstractProcessorLight.java:63)
	at org.apache.coyote.AbstractProtocol$ConnectionHandler.process(AbstractProtocol.java:903)
	at org.apache.tomcat.util.net.NioEndpoint$SocketProcessor.doRun(NioEndpoint.java:1776)
	at org.apache.tomcat.util.net.SocketProcessorBase.run(SocketProcessorBase.java:52)
	at org.apache.tomcat.util.threads.ThreadPoolExecutor.runWorker(ThreadPoolExecutor.java:975)
	at org.apache.tomcat.util.threads.ThreadPoolExecutor$Worker.run(ThreadPoolExecutor.java:493)
	at org.apache.tomcat.util.threads.TaskThread$WrappingRunnable.run(TaskThread.java:63)
	at java.base/java.lang.Thread.run(Thread.java:833)
2025-09-29 16:43:24,057 INFO  [/] [DirectJDKLog.java:168] Initializing Spring DispatcherServlet 'dispatcherServlet'
2025-09-29 16:43:24,058 INFO  DispatcherServlet [FrameworkServlet.java:532] Initializing Servlet 'dispatcherServlet'
2025-09-29 16:43:24,058 INFO  DispatcherServlet [FrameworkServlet.java:554] Completed initialization in 0 ms
2025-09-29 16:43:24,187 WARN  SpringDataJacksonConfiguration$PageModule$WarningLoggingModifier [SpringDataJacksonConfiguration.java:156] Serializing PageImpl instances as-is is not supported, meaning that there is no guarantee about the stability of the resulting JSON structure!
	For a stable JSON structure, please use Spring Data's PagedModel (globally via @EnableSpringDataWebSupport(pageSerializationMode = VIA_DTO))
	or Spring HATEOAS and Spring Data's PagedResourcesAssembler as documented in https://docs.spring.io/spring-data/commons/reference/repositories/core-extensions.html#core.web.pageables.

2025-09-29 17:37:43,316 INFO  GracefulShutdown [GracefulShutdown.java:54] Commencing graceful shutdown. Waiting for active requests to complete
2025-09-29 17:37:43,344 INFO  GracefulShutdown [GracefulShutdown.java:76] Graceful shutdown complete
2025-09-29 17:37:43,348 INFO  LocalContainerEntityManagerFactoryBean [AbstractEntityManagerFactoryBean.java:660] Closing JPA EntityManagerFactory for persistence unit 'default'
2025-09-29 17:37:43,350 INFO  HikariDataSource [HikariDataSource.java:349] HikariPool-1 - Shutdown initiated...
2025-09-29 17:37:43,351 INFO  HikariDataSource [HikariDataSource.java:351] HikariPool-1 - Shutdown completed.
2025-09-29 17:37:48,169 INFO  Version [Version.java:21] HV000001: Hibernate Validator 8.0.3.Final
2025-09-29 17:37:48,210 INFO  LogisticsApplication [StartupInfoLogger.java:53] Starting LogisticsApplication using Java 17.0.5 with PID 7988 (C:\Users\1\Desktop\LOGISTICS\logistics\target\classes started by 1 in C:\Users\1\Desktop\LOGISTICS\logistics)
2025-09-29 17:37:48,211 INFO  LogisticsApplication [SpringApplication.java:652] No active profile set, falling back to 1 default profile: "default"
2025-09-29 17:37:48,618 INFO  RepositoryConfigurationDelegate [RepositoryConfigurationDelegate.java:145] Bootstrapping Spring Data JPA repositories in DEFAULT mode.
2025-09-29 17:37:48,664 INFO  RepositoryConfigurationDelegate [RepositoryConfigurationDelegate.java:213] Finished Spring Data repository scanning in 39 ms. Found 7 JPA repository interfaces.
2025-09-29 17:37:48,907 INFO  TomcatWebServer [TomcatWebServer.java:111] Tomcat initialized with port 8080 (http)
2025-09-29 17:37:48,913 INFO  Http11NioProtocol [DirectJDKLog.java:168] Initializing ProtocolHandler ["http-nio-8080"]
2025-09-29 17:37:48,914 INFO  StandardService [DirectJDKLog.java:168] Starting service [Tomcat]
2025-09-29 17:37:48,914 INFO  StandardEngine [DirectJDKLog.java:168] Starting Servlet engine: [Apache Tomcat/10.1.46]
2025-09-29 17:37:48,948 INFO  [/] [DirectJDKLog.java:168] Initializing Spring embedded WebApplicationContext
2025-09-29 17:37:48,948 INFO  ServletWebServerApplicationContext [ServletWebServerApplicationContext.java:301] Root WebApplicationContext: initialization completed in 712 ms
2025-09-29 17:37:49,024 INFO  HikariDataSource [HikariDataSource.java:109] HikariPool-1 - Starting...
2025-09-29 17:37:49,126 INFO  HikariPool [HikariPool.java:580] HikariPool-1 - Added connection org.postgresql.jdbc.PgConnection@79ba0a6f
2025-09-29 17:37:49,127 INFO  HikariDataSource [HikariDataSource.java:122] HikariPool-1 - Start completed.
2025-09-29 17:37:49,210 INFO  database [JavaLogger.java:37] Set default schema name to public
2025-09-29 17:37:49,581 INFO  changelog [JavaLogger.java:37] Reading from public.databasechangelog
2025-09-29 17:37:49,628 INFO  changelog [JavaLogger.java:37] Change failed validation!
2025-09-29 17:37:49,629 INFO  command [JavaLogger.java:37] Command execution complete
2025-09-29 17:37:49,632 WARN  AnnotationConfigServletWebServerApplicationContext [AbstractApplicationContext.java:635] Exception encountered during context initialization - cancelling refresh attempt: org.springframework.beans.factory.BeanCreationException: Error creating bean with name 'entityManagerFactory' defined in class path resource [org/springframework/boot/autoconfigure/orm/jpa/HibernateJpaConfiguration.class]: Failed to initialize dependency 'liquibase' of LoadTimeWeaverAware bean 'entityManagerFactory': Error creating bean with name 'liquibase' defined in class path resource [org/springframework/boot/autoconfigure/liquibase/LiquibaseAutoConfiguration$LiquibaseConfiguration.class]: liquibase.exception.ValidationFailedException: Validation Failed:
     1 changesets check sum
          db/changelog/060-insert-test-data.yaml::060-seed-core::pogodin was: 9:e11976beb21017b0382e1dcecb8c1647 but is now: 9:f44af469d4a863319a2b92a611a9b64e

2025-09-29 17:37:49,632 INFO  HikariDataSource [HikariDataSource.java:349] HikariPool-1 - Shutdown initiated...
2025-09-29 17:37:49,653 INFO  HikariDataSource [HikariDataSource.java:351] HikariPool-1 - Shutdown completed.
2025-09-29 17:37:49,655 INFO  StandardService [DirectJDKLog.java:168] Stopping service [Tomcat]
2025-09-29 17:37:49,666 INFO  ConditionEvaluationReportLogger [ConditionEvaluationReportLogger.java:82] 

Error starting ApplicationContext. To display the condition evaluation report re-run your application with 'debug' enabled.
2025-09-29 17:37:49,679 ERROR SpringApplication [SpringApplication.java:857] Application run failed
org.springframework.beans.factory.BeanCreationException: Error creating bean with name 'entityManagerFactory' defined in class path resource [org/springframework/boot/autoconfigure/orm/jpa/HibernateJpaConfiguration.class]: Failed to initialize dependency 'liquibase' of LoadTimeWeaverAware bean 'entityManagerFactory': Error creating bean with name 'liquibase' defined in class path resource [org/springframework/boot/autoconfigure/liquibase/LiquibaseAutoConfiguration$LiquibaseConfiguration.class]: liquibase.exception.ValidationFailedException: Validation Failed:
     1 changesets check sum
          db/changelog/060-insert-test-data.yaml::060-seed-core::pogodin was: 9:e11976beb21017b0382e1dcecb8c1647 but is now: 9:f44af469d4a863319a2b92a611a9b64e

	at org.springframework.beans.factory.support.AbstractBeanFactory.doGetBean(AbstractBeanFactory.java:328)
	at org.springframework.beans.factory.support.AbstractBeanFactory.getBean(AbstractBeanFactory.java:207)
	at org.springframework.context.support.AbstractApplicationContext.finishBeanFactoryInitialization(AbstractApplicationContext.java:970)
	at org.springframework.context.support.AbstractApplicationContext.refresh(AbstractApplicationContext.java:627)
	at org.springframework.boot.web.servlet.context.ServletWebServerApplicationContext.refresh(ServletWebServerApplicationContext.java:146)
	at org.springframework.boot.SpringApplication.refresh(SpringApplication.java:752)
	at org.springframework.boot.SpringApplication.refreshContext(SpringApplication.java:439)
	at org.springframework.boot.SpringApplication.run(SpringApplication.java:318)
	at org.springframework.boot.SpringApplication.run(SpringApplication.java:1361)
	at org.springframework.boot.SpringApplication.run(SpringApplication.java:1350)
	at com.example.logistics.LogisticsApplication.main(LogisticsApplication.java:10)
Caused by: org.springframework.beans.factory.BeanCreationException: Error creating bean with name 'liquibase' defined in class path resource [org/springframework/boot/autoconfigure/liquibase/LiquibaseAutoConfiguration$LiquibaseConfiguration.class]: liquibase.exception.ValidationFailedException: Validation Failed:
     1 changesets check sum
          db/changelog/060-insert-test-data.yaml::060-seed-core::pogodin was: 9:e11976beb21017b0382e1dcecb8c1647 but is now: 9:f44af469d4a863319a2b92a611a9b64e

	at org.springframework.beans.factory.support.AbstractAutowireCapableBeanFactory.initializeBean(AbstractAutowireCapableBeanFactory.java:1826)
	at org.springframework.beans.factory.support.AbstractAutowireCapableBeanFactory.doCreateBean(AbstractAutowireCapableBeanFactory.java:607)
	at org.springframework.beans.factory.support.AbstractAutowireCapableBeanFactory.createBean(AbstractAutowireCapableBeanFactory.java:529)
	at org.springframework.beans.factory.support.AbstractBeanFactory.lambda$doGetBean$0(AbstractBeanFactory.java:339)
	at org.springframework.beans.factory.support.DefaultSingletonBeanRegistry.getSingleton(DefaultSingletonBeanRegistry.java:373)
	at org.springframework.beans.factory.support.AbstractBeanFactory.doGetBean(AbstractBeanFactory.java:337)
	at org.springframework.beans.factory.support.AbstractBeanFactory.getBean(AbstractBeanFactory.java:202)
	at org.springframework.beans.factory.support.AbstractBeanFactory.doGetBean(AbstractBeanFactory.java:315)
	... 10 common frames omitted
Caused by: liquibase.exception.CommandExecutionException: liquibase.exception.ValidationFailedException: Validation Failed:
     1 changesets check sum
          db/changelog/060-insert-test-data.yaml::060-seed-core::pogodin was: 9:e11976beb21017b0382e1dcecb8c1647 but is now: 9:f44af469d4a863319a2b92a611a9b64e

	at liquibase.command.CommandScope.execute(CommandScope.java:236)
	at liquibase.Liquibase.lambda$update$0(Liquibase.java:223)
	at liquibase.Scope.lambda$child$0(Scope.java:197)
	at liquibase.Scope.child(Scope.java:206)
	at liquibase.Scope.child(Scope.java:196)
	at liquibase.Scope.child(Scope.java:175)
	at liquibase.Liquibase.runInScope(Liquibase.java:1361)
	at liquibase.Liquibase.update(Liquibase.java:215)
	at liquibase.Liquibase.update(Liquibase.java:197)
	at liquibase.integration.spring.SpringLiquibase.performUpdate(SpringLiquibase.java:329)
	at liquibase.integration.spring.SpringLiquibase.afterPropertiesSet(SpringLiquibase.java:284)
	at org.springframework.beans.factory.support.AbstractAutowireCapableBeanFactory.invokeInitMethods(AbstractAutowireCapableBeanFactory.java:1873)
	at org.springframework.beans.factory.support.AbstractAutowireCapableBeanFactory.initializeBean(AbstractAutowireCapableBeanFactory.java:1822)
	... 17 common frames omitted
Caused by: liquibase.exception.ValidationFailedException: Validation Failed:
     1 changesets check sum
          db/changelog/060-insert-test-data.yaml::060-seed-core::pogodin was: 9:e11976beb21017b0382e1dcecb8c1647 but is now: 9:f44af469d4a863319a2b92a611a9b64e

	at liquibase.changelog.DatabaseChangeLog.validate(DatabaseChangeLog.java:344)
	at liquibase.command.core.helpers.DatabaseChangelogCommandStep.run(DatabaseChangelogCommandStep.java:95)
	at liquibase.command.CommandScope.execute(CommandScope.java:213)
	... 29 common frames omitted
2025-09-29 17:39:13,304 INFO  Version [Version.java:21] HV000001: Hibernate Validator 8.0.3.Final
2025-09-29 17:39:13,333 INFO  LogisticsApplication [StartupInfoLogger.java:53] Starting LogisticsApplication using Java 17.0.5 with PID 17852 (C:\Users\1\Desktop\LOGISTICS\logistics\target\classes started by 1 in C:\Users\1\Desktop\LOGISTICS\logistics)
2025-09-29 17:39:13,334 INFO  LogisticsApplication [SpringApplication.java:652] No active profile set, falling back to 1 default profile: "default"
2025-09-29 17:39:13,737 INFO  RepositoryConfigurationDelegate [RepositoryConfigurationDelegate.java:145] Bootstrapping Spring Data JPA repositories in DEFAULT mode.
2025-09-29 17:39:13,781 INFO  RepositoryConfigurationDelegate [RepositoryConfigurationDelegate.java:213] Finished Spring Data repository scanning in 39 ms. Found 7 JPA repository interfaces.
2025-09-29 17:39:14,037 INFO  TomcatWebServer [TomcatWebServer.java:111] Tomcat initialized with port 8080 (http)
2025-09-29 17:39:14,044 INFO  Http11NioProtocol [DirectJDKLog.java:168] Initializing ProtocolHandler ["http-nio-8080"]
2025-09-29 17:39:14,045 INFO  StandardService [DirectJDKLog.java:168] Starting service [Tomcat]
2025-09-29 17:39:14,046 INFO  StandardEngine [DirectJDKLog.java:168] Starting Servlet engine: [Apache Tomcat/10.1.46]
2025-09-29 17:39:14,079 INFO  [/] [DirectJDKLog.java:168] Initializing Spring embedded WebApplicationContext
2025-09-29 17:39:14,080 INFO  ServletWebServerApplicationContext [ServletWebServerApplicationContext.java:301] Root WebApplicationContext: initialization completed in 721 ms
2025-09-29 17:39:14,159 INFO  HikariDataSource [HikariDataSource.java:109] HikariPool-1 - Starting...
2025-09-29 17:39:14,255 INFO  HikariPool [HikariPool.java:580] HikariPool-1 - Added connection org.postgresql.jdbc.PgConnection@7f97bc14
2025-09-29 17:39:14,257 INFO  HikariDataSource [HikariDataSource.java:122] HikariPool-1 - Start completed.
2025-09-29 17:39:14,333 INFO  database [JavaLogger.java:37] Set default schema name to public
2025-09-29 17:39:14,671 INFO  changelog [JavaLogger.java:37] Creating database history table with name: public.databasechangelog
2025-09-29 17:39:14,696 INFO  changelog [JavaLogger.java:37] Reading from public.databasechangelog
2025-09-29 17:39:14,775 INFO  lockservice [JavaLogger.java:37] Successfully acquired change log lock
2025-09-29 17:39:14,792 INFO  command [JavaLogger.java:37] Using deploymentId: 9156754792
2025-09-29 17:39:14,794 INFO  changelog [JavaLogger.java:37] Reading from public.databasechangelog
2025-09-29 17:39:14,838 INFO  changelog [JavaLogger.java:37] Table client created
2025-09-29 17:39:14,841 INFO  changelog [JavaLogger.java:37] ChangeSet db/changelog/010-tables.yaml::010-client::you ran successfully in 18ms
2025-09-29 17:39:14,859 INFO  changelog [JavaLogger.java:37] Table carrier created
2025-09-29 17:39:14,861 INFO  changelog [JavaLogger.java:37] ChangeSet db/changelog/010-tables.yaml::011-carrier::you ran successfully in 13ms
2025-09-29 17:39:14,880 INFO  changelog [JavaLogger.java:37] Table driver created
2025-09-29 17:39:14,883 INFO  changelog [JavaLogger.java:37] ChangeSet db/changelog/010-tables.yaml::012-driver::you ran successfully in 17ms
2025-09-29 17:39:14,904 INFO  changelog [JavaLogger.java:37] Table vehicle created
2025-09-29 17:39:14,911 INFO  changelog [JavaLogger.java:37] Custom SQL executed
2025-09-29 17:39:14,913 INFO  changelog [JavaLogger.java:37] ChangeSet db/changelog/010-tables.yaml::013-vehicle::you ran successfully in 25ms
2025-09-29 17:39:14,931 INFO  changelog [JavaLogger.java:37] Table app_user created
2025-09-29 17:39:14,933 INFO  changelog [JavaLogger.java:37] ChangeSet db/changelog/010-tables.yaml::014-app_user::you ran successfully in 14ms
2025-09-29 17:39:14,950 INFO  changelog [JavaLogger.java:37] Table shipment created
2025-09-29 17:39:14,953 INFO  changelog [JavaLogger.java:37] Custom SQL executed
2025-09-29 17:39:14,955 INFO  changelog [JavaLogger.java:37] ChangeSet db/changelog/010-tables.yaml::015-shipment::you ran successfully in 17ms
2025-09-29 17:39:14,972 INFO  changelog [JavaLogger.java:37] Table shipment_status_history created
2025-09-29 17:39:14,974 INFO  changelog [JavaLogger.java:37] ChangeSet db/changelog/010-tables.yaml::016-shipment-status-history::you ran successfully in 12ms
2025-09-29 17:39:14,986 INFO  changelog [JavaLogger.java:37] Index idx_shipment_client created
2025-09-29 17:39:14,990 INFO  changelog [JavaLogger.java:37] Index idx_shipment_carrier created
2025-09-29 17:39:14,995 INFO  changelog [JavaLogger.java:37] Index idx_shipment_status created
2025-09-29 17:39:14,999 INFO  changelog [JavaLogger.java:37] Index idx_hist_shipment_changed_at_desc created
2025-09-29 17:39:15,001 INFO  changelog [JavaLogger.java:37] ChangeSet db/changelog/020-indexes.yaml::020-indexes::pogodin ran successfully in 20ms
2025-09-29 17:39:15,009 INFO  changelog [JavaLogger.java:37] Custom SQL executed
2025-09-29 17:39:15,012 INFO  changelog [JavaLogger.java:37] ChangeSet db/changelog/030-triggers.yaml::030-func-set-updated-at::pogodin ran successfully in 7ms
2025-09-29 17:39:15,019 WARN  executor [JavaLogger.java:37] trigger "set_updated_at" for relation "shipment" does not exist, skipping
2025-09-29 17:39:15,020 INFO  changelog [JavaLogger.java:37] Custom SQL executed
2025-09-29 17:39:15,022 INFO  changelog [JavaLogger.java:37] ChangeSet db/changelog/030-triggers.yaml::031-trigger-set-updated-at::pogodin ran successfully in 7ms
2025-09-29 17:39:15,032 INFO  changelog [JavaLogger.java:37] Custom SQL executed
2025-09-29 17:39:15,034 INFO  changelog [JavaLogger.java:37] ChangeSet db/changelog/030-triggers.yaml::032-func-validate-shipment::pogodin ran successfully in 8ms
2025-09-29 17:39:15,040 WARN  executor [JavaLogger.java:37] trigger "validate_shipment_assignment_ins" for relation "shipment" does not exist, skipping
2025-09-29 17:39:15,040 WARN  executor [JavaLogger.java:37] trigger "validate_shipment_assignment_upd" for relation "shipment" does not exist, skipping
2025-09-29 17:39:15,042 INFO  changelog [JavaLogger.java:37] Custom SQL executed
2025-09-29 17:39:15,044 INFO  changelog [JavaLogger.java:37] ChangeSet db/changelog/030-triggers.yaml::033-triggers-validate-shipment::pogodin ran successfully in 6ms
2025-09-29 17:39:15,050 INFO  changelog [JavaLogger.java:37] Custom SQL executed
2025-09-29 17:39:15,052 INFO  changelog [JavaLogger.java:37] ChangeSet db/changelog/030-triggers.yaml::034-func-log-status-change::pogodin ran successfully in 4ms
2025-09-29 17:39:15,059 WARN  executor [JavaLogger.java:37] trigger "log_status_change_ins" for relation "shipment" does not exist, skipping
2025-09-29 17:39:15,060 WARN  executor [JavaLogger.java:37] trigger "log_status_change_upd" for relation "shipment" does not exist, skipping
2025-09-29 17:39:15,062 INFO  changelog [JavaLogger.java:37] Custom SQL executed
2025-09-29 17:39:15,064 INFO  changelog [JavaLogger.java:37] ChangeSet db/changelog/030-triggers.yaml::035-triggers-log-status-change::pogodin ran successfully in 8ms
2025-09-29 17:39:15,070 INFO  changelog [JavaLogger.java:37] Custom SQL executed
2025-09-29 17:39:15,072 INFO  changelog [JavaLogger.java:37] ChangeSet db/changelog/040-procedures.yaml::proc_get_shipments_by_client::you ran successfully in 5ms
2025-09-29 17:39:15,078 INFO  changelog [JavaLogger.java:37] Custom SQL executed
2025-09-29 17:39:15,081 INFO  changelog [JavaLogger.java:37] ChangeSet db/changelog/040-procedures.yaml::proc_update_vehicle_status::you ran successfully in 5ms
2025-09-29 17:39:15,087 INFO  changelog [JavaLogger.java:37] Custom SQL executed
2025-09-29 17:39:15,089 INFO  changelog [JavaLogger.java:37] ChangeSet db/changelog/040-procedures.yaml::proc_delete_client::you ran successfully in 4ms
2025-09-29 17:39:15,099 INFO  changelog [JavaLogger.java:37] Custom SQL executed
2025-09-29 17:39:15,101 INFO  changelog [JavaLogger.java:37] ChangeSet db/changelog/050-views.yaml::050-v-shipment-overview::you ran successfully in 7ms
2025-09-29 17:39:15,109 INFO  changelog [JavaLogger.java:37] Custom SQL executed
2025-09-29 17:39:15,111 INFO  changelog [JavaLogger.java:37] ChangeSet db/changelog/050-views.yaml::051-v-shipment-last-status::you ran successfully in 6ms
2025-09-29 17:39:15,119 INFO  changelog [JavaLogger.java:37] Custom SQL executed
2025-09-29 17:39:15,121 INFO  changelog [JavaLogger.java:37] ChangeSet db/changelog/050-views.yaml::052-v-carrier-summary::you ran successfully in 5ms
2025-09-29 17:39:15,130 INFO  changelog [JavaLogger.java:37] Custom SQL executed
2025-09-29 17:39:15,132 INFO  changelog [JavaLogger.java:37] ChangeSet db/changelog/050-views.yaml::053-v-client-stats::you ran successfully in 7ms
2025-09-29 17:39:15,157 ERROR changelog [JavaLogger.java:37] ChangeSet db/changelog/060-insert-test-data.yaml::060-seed-core::pogodin encountered an exception.
2025-09-29 17:39:15,160 INFO  command [JavaLogger.java:37] Update command encountered an exception.
2025-09-29 17:39:15,165 INFO  lockservice [JavaLogger.java:37] Successfully released change log lock
2025-09-29 17:39:15,166 INFO  command [JavaLogger.java:37] Command execution complete
2025-09-29 17:39:15,167 WARN  AnnotationConfigServletWebServerApplicationContext [AbstractApplicationContext.java:635] Exception encountered during context initialization - cancelling refresh attempt: org.springframework.beans.factory.BeanCreationException: Error creating bean with name 'entityManagerFactory' defined in class path resource [org/springframework/boot/autoconfigure/orm/jpa/HibernateJpaConfiguration.class]: Failed to initialize dependency 'liquibase' of LoadTimeWeaverAware bean 'entityManagerFactory': Error creating bean with name 'liquibase' defined in class path resource [org/springframework/boot/autoconfigure/liquibase/LiquibaseAutoConfiguration$LiquibaseConfiguration.class]: liquibase.exception.LiquibaseException: liquibase.exception.MigrationFailedException: Migration failed for changeset db/changelog/060-insert-test-data.yaml::060-seed-core::pogodin:
     Reason: liquibase.exception.DatabaseException: ERROR: Cargo weight (20000.00.2f) exceeds vehicle capacity
  Где: PL/pgSQL function trg_validate_shipment_assignment() line 13 at RAISE [Failed SQL: (0) INSERT INTO client (name, inn, kpp, phone, email, address, created_at)
VALUES
  ('ACME Logistics LLC', '770123456789', '770101001', '+7 (495) 111-22-33', 'ops@acme.example', 'Москва, ул. Примерная, 1', now()),
  ('Globex Import',       '780987654321', '780901001', '+7 (812) 222-33-44', 'contact@globex.example', 'Санкт-Петербург, Невский 10', now()),
  ('ARM_Cortex',       '964452667400', '693783635', '+7 (812) 222-33-43', 'armcont@globex.com', 'Омск, Ленина 12', now()),
  ('Groza Holding',       '390115923547', '640511284', '+7 (812) 222-33-22', 'groza@globex.example', 'Москва, Петрова 4', now()),
  ('AliMoll',       '804202671674', '722366640', '+7 (812) 222-33-67', 'alimoll@globex.example', 'Курск, Солнечная 99', now()),
  ('Soyuz Agro',          '540555444333', '540501001', '+7 (383) 333-44-55', 'log@soyuz.example',      'Новосибирск, Лесная 7', now())
ON CONFLICT (name) DO NOTHING;


INSERT INTO carrier (name, inn, phone, email, created_at)
VALUES
  ('FastCarrier', '500100200300', '+7 (495) 700-00-01', 'desk@fastcarrier.example', now()),
  ('Radeport', '5605190356', '+7 (495) 700-00-22', 'redepo@fastcarrier.example', now()),
  ('Сорти', '990219866385', '+7 (495) 700-00-33', 'corty@fastcarrier.example', now()),
  ('Рогачев', '757851974974', '+7 (495) 700-00-44', 'rogach@fastcarrier.example', now()),
  ('ИП Печенька', '6980951490', '+7 (495) 700-00-55', 'pe4enka@fastcarrier.example', now()),
  ('GeForce', '6359274998', '+7 (495) 700-00-66', 'geforce@fastcarrier.example', now()),
  ('EuroCarrier', '326161767987', '+7 (812) 800-00-02', 'info@eurocarrier.example', now())
ON CONFLICT (name) DO NOTHING;



INSERT INTO app_user (username, pass_hash, role, active, created_at)
VALUES
  ('admin',   '{bcrypt}$2a$10$Yb5kG8x1vZcUo1mE3bVh1eS1Yx9oZlXbHk0TnQ9xE1f9qk4P8YQSO', 'ADMIN',   true, now()),
  ('manager', '{bcrypt}$2a$10$Yb5kG8x1vZcUo1mE3bVh1eS1Yx9oZlXbHk0TnQ9xE1f9qk4P8YQSO', 'MANAGER', true, now()),
  ('viewer',  '{bcrypt}$2a$10$Yb5kG8x1vZcUo1mE3bVh1eS1Yx9oZlXbHk0TnQ9xE1f9qk4P8YQSO', 'VIEWER',  true, now())
ON CONFLICT (username) DO NOTHING;


INSERT INTO vehicle (carrier_id, plate_no, vin, make, model, year, capacity_kg, type, active, created_at)
SELECT c.id, v.plate_no, v.vin, v.make, v.model, v.year, v.capacity_kg, v.type, v.active, now()
FROM (
  VALUES
    ('FastCarrier', 'A111AA77', 'VF1ABCD1234567890', 'Volvo',   'FH',   2018, 20000.00, 'TRUCK', true),
    ('Рогачев', 'A222AA31', 'VF1ABCD1234561111', 'BMW',   'FH',   2018, 20000.00, 'TRUCK', true),
    ('ИП Печенька', 'A333AA77', 'VF1ABCD1234567333', 'Kamaz',   'FH',   2021, 20000.00, 'TRUCK', true),
    ('ИП Печенька', 'А444AA77', 'VF1ABCD1234564444', 'Van',   'FH',   2011, 22000.00, 'TRUCK', true),
    ('Рогачев', 'A111AA77', 'VF1ABCD1234567890', 'Gazel',   'FH',   2020, 5000.00, 'TRUCK', true),
    ('Сорти', 'A111AA77', 'VF1ABCD1234567770', 'Volvo',   'FH',   2019, 23000.00, 'TRUCK', true),
    ('FastCarrier', 'B222BB77', 'WDBXYZ98765432100', 'Mercedes','Actros',2022, 12000.00, 'TRUCK', true),
    ('EuroCarrier', 'C333CC98', 'XTA21099012345678', 'GAZ',     'Next', 2023,  3500.00, 'VAN',   true)
) AS v(carrier_name, plate_no, vin, make, model, year, capacity_kg, type, active)
JOIN carrier c ON c.name = v.carrier_name
ON CONFLICT (plate_no) DO NOTHING;


INSERT INTO driver (carrier_id, full_name, license_number, license_valid_until, phone, active, created_at)
SELECT c.id, d.full_name, d.license_number, d.license_valid_until, d.phone, d.active, now()
FROM (
  VALUES
    ('FastCarrier', 'Иванов Иван Иванович',   '77 11 123456', date '2027-12-31', '+7 (900) 111-11-11', true),
    ('ИП Печенька', 'Печеньков Печенька Печеньевич',   '73 71 123456', date '2027-12-23', '+7 (900) 111-11-22', true),
    ('ИП Печенька', 'Пирогов Петр Иванович',   '74 77 123456', date '2027-11-21', '+7 (900) 111-11-33', true),
    ('Сорти', 'Душин Сергей Иванович',   '75 87 123456', date '2027-12-12', '+7 (900) 111-11-44', true),
    ('Рогачев', 'Сладев Данила Яковлевич',   '76 57 123456', date '2027-12-14', '+7 (900) 111-11-55', true),
    ('FastCarrier', 'Быстров Лев Алексеевич',   '77 24 234567', date '2026-06-30', '+7 (900) 222-22-22', true),
    ('EuroCarrier', 'Сидоров Сергей Сергеевич','98 33 345678', date '2028-03-31', '+7 (900) 333-33-33', true)
) AS d(carrier_name, full_name, license_number, license_valid_until, phone, active)
JOIN carrier c ON c.name = d.carrier_name
ON CONFLICT (license_number) DO NOTHING;



INSERT INTO shipment
  (client_id, carrier_id, vehicle_id, driver_id,
   pickup_address, delivery_address,
   cargo_description, cargo_weight,
   planned_pickup_at, planned_delivery_at,
   price, status, created_at, updated_at)
SELECT
  cl.id, cr.id, v.id, dr.id,
  s.pickup_address, s.delivery_address,
  s.cargo_description, s.cargo_weight,
  now() + s.pickup_shift, now() + s.delivery_shift,
  s.price, s.status, now(), now()
FROM (
  VALUES
    
    ('ACME Logistics LLC', 'FastCarrier', 'A111AA77', '77 11 123456', 'Москва, Склад 1',      'Тверь, Магазин 5',      'Паллеты 33Е',       18000.00, interval '1 day', interval '2 days', 120000.00, 'ASSIGNED'),
    ('Globex Import',      'FastCarrier', 'B222BB77', '77 22 234567', 'СПб, Терминал Сев',    'Великий Новгород, ТЦ',  'Стройматериалы',     20000.00, interval '2 days', interval '4 days', 150000.00, 'NEW'),
    ('Soyuz Agro',         'EuroCarrier', 'C333CC98', '98 33 345678', 'Новосибирск, Элеватор','Барнаул, АгроБаза',     'Семена подсолнеч.',   3200.00, interval '12 hours', interval '36 hours',  65000.00, 'IN_TRANSIT')
) AS s(client_name, carrier_name, plate_no, driver_license, pickup_address, delivery_address, cargo_description, cargo_weight, pickup_shift, delivery_shift, price, status)
JOIN client  cl ON cl.name = s.client_name
JOIN carrier cr ON cr.name = s.carrier_name
LEFT JOIN vehicle v ON v.plate_no = s.plate_no
LEFT JOIN driver  dr ON dr.license_number = s.driver_license

ON CONFLICT DO NOTHING;



INSERT INTO shipment_status_history (shipment_id, status, changed_at, changed_by, note)
SELECT s.id, s.status, s.created_at, NULL, 'seed: initial'
FROM shipment s
WHERE NOT EXISTS (
  SELECT 1 FROM shipment_status_history h
  WHERE h.shipment_id = s.id AND h.status = s.status
);


INSERT INTO shipment_status_history (shipment_id, status, changed_at, changed_by, note)
SELECT s.id, 'IN_TRANSIT', now(), NULL, 'seed: moved to transit'
FROM shipment s
WHERE s.status <> 'IN_TRANSIT'
ORDER BY s.id
LIMIT 1
ON CONFLICT DO NOTHING]
2025-09-29 17:39:15,168 INFO  HikariDataSource [HikariDataSource.java:349] HikariPool-1 - Shutdown initiated...
2025-09-29 17:39:15,171 INFO  HikariDataSource [HikariDataSource.java:351] HikariPool-1 - Shutdown completed.
2025-09-29 17:39:15,173 INFO  StandardService [DirectJDKLog.java:168] Stopping service [Tomcat]
2025-09-29 17:39:15,182 INFO  ConditionEvaluationReportLogger [ConditionEvaluationReportLogger.java:82] 

Error starting ApplicationContext. To display the condition evaluation report re-run your application with 'debug' enabled.
2025-09-29 17:39:15,195 ERROR SpringApplication [SpringApplication.java:857] Application run failed
org.springframework.beans.factory.BeanCreationException: Error creating bean with name 'entityManagerFactory' defined in class path resource [org/springframework/boot/autoconfigure/orm/jpa/HibernateJpaConfiguration.class]: Failed to initialize dependency 'liquibase' of LoadTimeWeaverAware bean 'entityManagerFactory': Error creating bean with name 'liquibase' defined in class path resource [org/springframework/boot/autoconfigure/liquibase/LiquibaseAutoConfiguration$LiquibaseConfiguration.class]: liquibase.exception.LiquibaseException: liquibase.exception.MigrationFailedException: Migration failed for changeset db/changelog/060-insert-test-data.yaml::060-seed-core::pogodin:
     Reason: liquibase.exception.DatabaseException: ERROR: Cargo weight (20000.00.2f) exceeds vehicle capacity
  Где: PL/pgSQL function trg_validate_shipment_assignment() line 13 at RAISE [Failed SQL: (0) INSERT INTO client (name, inn, kpp, phone, email, address, created_at)
VALUES
  ('ACME Logistics LLC', '770123456789', '770101001', '+7 (495) 111-22-33', 'ops@acme.example', 'Москва, ул. Примерная, 1', now()),
  ('Globex Import',       '780987654321', '780901001', '+7 (812) 222-33-44', 'contact@globex.example', 'Санкт-Петербург, Невский 10', now()),
  ('ARM_Cortex',       '964452667400', '693783635', '+7 (812) 222-33-43', 'armcont@globex.com', 'Омск, Ленина 12', now()),
  ('Groza Holding',       '390115923547', '640511284', '+7 (812) 222-33-22', 'groza@globex.example', 'Москва, Петрова 4', now()),
  ('AliMoll',       '804202671674', '722366640', '+7 (812) 222-33-67', 'alimoll@globex.example', 'Курск, Солнечная 99', now()),
  ('Soyuz Agro',          '540555444333', '540501001', '+7 (383) 333-44-55', 'log@soyuz.example',      'Новосибирск, Лесная 7', now())
ON CONFLICT (name) DO NOTHING;


INSERT INTO carrier (name, inn, phone, email, created_at)
VALUES
  ('FastCarrier', '500100200300', '+7 (495) 700-00-01', 'desk@fastcarrier.example', now()),
  ('Radeport', '5605190356', '+7 (495) 700-00-22', 'redepo@fastcarrier.example', now()),
  ('Сорти', '990219866385', '+7 (495) 700-00-33', 'corty@fastcarrier.example', now()),
  ('Рогачев', '757851974974', '+7 (495) 700-00-44', 'rogach@fastcarrier.example', now()),
  ('ИП Печенька', '6980951490', '+7 (495) 700-00-55', 'pe4enka@fastcarrier.example', now()),
  ('GeForce', '6359274998', '+7 (495) 700-00-66', 'geforce@fastcarrier.example', now()),
  ('EuroCarrier', '326161767987', '+7 (812) 800-00-02', 'info@eurocarrier.example', now())
ON CONFLICT (name) DO NOTHING;



INSERT INTO app_user (username, pass_hash, role, active, created_at)
VALUES
  ('admin',   '{bcrypt}$2a$10$Yb5kG8x1vZcUo1mE3bVh1eS1Yx9oZlXbHk0TnQ9xE1f9qk4P8YQSO', 'ADMIN',   true, now()),
  ('manager', '{bcrypt}$2a$10$Yb5kG8x1vZcUo1mE3bVh1eS1Yx9oZlXbHk0TnQ9xE1f9qk4P8YQSO', 'MANAGER', true, now()),
  ('viewer',  '{bcrypt}$2a$10$Yb5kG8x1vZcUo1mE3bVh1eS1Yx9oZlXbHk0TnQ9xE1f9qk4P8YQSO', 'VIEWER',  true, now())
ON CONFLICT (username) DO NOTHING;


INSERT INTO vehicle (carrier_id, plate_no, vin, make, model, year, capacity_kg, type, active, created_at)
SELECT c.id, v.plate_no, v.vin, v.make, v.model, v.year, v.capacity_kg, v.type, v.active, now()
FROM (
  VALUES
    ('FastCarrier', 'A111AA77', 'VF1ABCD1234567890', 'Volvo',   'FH',   2018, 20000.00, 'TRUCK', true),
    ('Рогачев', 'A222AA31', 'VF1ABCD1234561111', 'BMW',   'FH',   2018, 20000.00, 'TRUCK', true),
    ('ИП Печенька', 'A333AA77', 'VF1ABCD1234567333', 'Kamaz',   'FH',   2021, 20000.00, 'TRUCK', true),
    ('ИП Печенька', 'А444AA77', 'VF1ABCD1234564444', 'Van',   'FH',   2011, 22000.00, 'TRUCK', true),
    ('Рогачев', 'A111AA77', 'VF1ABCD1234567890', 'Gazel',   'FH',   2020, 5000.00, 'TRUCK', true),
    ('Сорти', 'A111AA77', 'VF1ABCD1234567770', 'Volvo',   'FH',   2019, 23000.00, 'TRUCK', true),
    ('FastCarrier', 'B222BB77', 'WDBXYZ98765432100', 'Mercedes','Actros',2022, 12000.00, 'TRUCK', true),
    ('EuroCarrier', 'C333CC98', 'XTA21099012345678', 'GAZ',     'Next', 2023,  3500.00, 'VAN',   true)
) AS v(carrier_name, plate_no, vin, make, model, year, capacity_kg, type, active)
JOIN carrier c ON c.name = v.carrier_name
ON CONFLICT (plate_no) DO NOTHING;


INSERT INTO driver (carrier_id, full_name, license_number, license_valid_until, phone, active, created_at)
SELECT c.id, d.full_name, d.license_number, d.license_valid_until, d.phone, d.active, now()
FROM (
  VALUES
    ('FastCarrier', 'Иванов Иван Иванович',   '77 11 123456', date '2027-12-31', '+7 (900) 111-11-11', true),
    ('ИП Печенька', 'Печеньков Печенька Печеньевич',   '73 71 123456', date '2027-12-23', '+7 (900) 111-11-22', true),
    ('ИП Печенька', 'Пирогов Петр Иванович',   '74 77 123456', date '2027-11-21', '+7 (900) 111-11-33', true),
    ('Сорти', 'Душин Сергей Иванович',   '75 87 123456', date '2027-12-12', '+7 (900) 111-11-44', true),
    ('Рогачев', 'Сладев Данила Яковлевич',   '76 57 123456', date '2027-12-14', '+7 (900) 111-11-55', true),
    ('FastCarrier', 'Быстров Лев Алексеевич',   '77 24 234567', date '2026-06-30', '+7 (900) 222-22-22', true),
    ('EuroCarrier', 'Сидоров Сергей Сергеевич','98 33 345678', date '2028-03-31', '+7 (900) 333-33-33', true)
) AS d(carrier_name, full_name, license_number, license_valid_until, phone, active)
JOIN carrier c ON c.name = d.carrier_name
ON CONFLICT (license_number) DO NOTHING;



INSERT INTO shipment
  (client_id, carrier_id, vehicle_id, driver_id,
   pickup_address, delivery_address,
   cargo_description, cargo_weight,
   planned_pickup_at, planned_delivery_at,
   price, status, created_at, updated_at)
SELECT
  cl.id, cr.id, v.id, dr.id,
  s.pickup_address, s.delivery_address,
  s.cargo_description, s.cargo_weight,
  now() + s.pickup_shift, now() + s.delivery_shift,
  s.price, s.status, now(), now()
FROM (
  VALUES
    
    ('ACME Logistics LLC', 'FastCarrier', 'A111AA77', '77 11 123456', 'Москва, Склад 1',      'Тверь, Магазин 5',      'Паллеты 33Е',       18000.00, interval '1 day', interval '2 days', 120000.00, 'ASSIGNED'),
    ('Globex Import',      'FastCarrier', 'B222BB77', '77 22 234567', 'СПб, Терминал Сев',    'Великий Новгород, ТЦ',  'Стройматериалы',     20000.00, interval '2 days', interval '4 days', 150000.00, 'NEW'),
    ('Soyuz Agro',         'EuroCarrier', 'C333CC98', '98 33 345678', 'Новосибирск, Элеватор','Барнаул, АгроБаза',     'Семена подсолнеч.',   3200.00, interval '12 hours', interval '36 hours',  65000.00, 'IN_TRANSIT')
) AS s(client_name, carrier_name, plate_no, driver_license, pickup_address, delivery_address, cargo_description, cargo_weight, pickup_shift, delivery_shift, price, status)
JOIN client  cl ON cl.name = s.client_name
JOIN carrier cr ON cr.name = s.carrier_name
LEFT JOIN vehicle v ON v.plate_no = s.plate_no
LEFT JOIN driver  dr ON dr.license_number = s.driver_license

ON CONFLICT DO NOTHING;



INSERT INTO shipment_status_history (shipment_id, status, changed_at, changed_by, note)
SELECT s.id, s.status, s.created_at, NULL, 'seed: initial'
FROM shipment s
WHERE NOT EXISTS (
  SELECT 1 FROM shipment_status_history h
  WHERE h.shipment_id = s.id AND h.status = s.status
);


INSERT INTO shipment_status_history (shipment_id, status, changed_at, changed_by, note)
SELECT s.id, 'IN_TRANSIT', now(), NULL, 'seed: moved to transit'
FROM shipment s
WHERE s.status <> 'IN_TRANSIT'
ORDER BY s.id
LIMIT 1
ON CONFLICT DO NOTHING]
	at org.springframework.beans.factory.support.AbstractBeanFactory.doGetBean(AbstractBeanFactory.java:328)
	at org.springframework.beans.factory.support.AbstractBeanFactory.getBean(AbstractBeanFactory.java:207)
	at org.springframework.context.support.AbstractApplicationContext.finishBeanFactoryInitialization(AbstractApplicationContext.java:970)
	at org.springframework.context.support.AbstractApplicationContext.refresh(AbstractApplicationContext.java:627)
	at org.springframework.boot.web.servlet.context.ServletWebServerApplicationContext.refresh(ServletWebServerApplicationContext.java:146)
	at org.springframework.boot.SpringApplication.refresh(SpringApplication.java:752)
	at org.springframework.boot.SpringApplication.refreshContext(SpringApplication.java:439)
	at org.springframework.boot.SpringApplication.run(SpringApplication.java:318)
	at org.springframework.boot.SpringApplication.run(SpringApplication.java:1361)
	at org.springframework.boot.SpringApplication.run(SpringApplication.java:1350)
	at com.example.logistics.LogisticsApplication.main(LogisticsApplication.java:10)
Caused by: org.springframework.beans.factory.BeanCreationException: Error creating bean with name 'liquibase' defined in class path resource [org/springframework/boot/autoconfigure/liquibase/LiquibaseAutoConfiguration$LiquibaseConfiguration.class]: liquibase.exception.LiquibaseException: liquibase.exception.MigrationFailedException: Migration failed for changeset db/changelog/060-insert-test-data.yaml::060-seed-core::pogodin:
     Reason: liquibase.exception.DatabaseException: ERROR: Cargo weight (20000.00.2f) exceeds vehicle capacity
  Где: PL/pgSQL function trg_validate_shipment_assignment() line 13 at RAISE [Failed SQL: (0) INSERT INTO client (name, inn, kpp, phone, email, address, created_at)
VALUES
  ('ACME Logistics LLC', '770123456789', '770101001', '+7 (495) 111-22-33', 'ops@acme.example', 'Москва, ул. Примерная, 1', now()),
  ('Globex Import',       '780987654321', '780901001', '+7 (812) 222-33-44', 'contact@globex.example', 'Санкт-Петербург, Невский 10', now()),
  ('ARM_Cortex',       '964452667400', '693783635', '+7 (812) 222-33-43', 'armcont@globex.com', 'Омск, Ленина 12', now()),
  ('Groza Holding',       '390115923547', '640511284', '+7 (812) 222-33-22', 'groza@globex.example', 'Москва, Петрова 4', now()),
  ('AliMoll',       '804202671674', '722366640', '+7 (812) 222-33-67', 'alimoll@globex.example', 'Курск, Солнечная 99', now()),
  ('Soyuz Agro',          '540555444333', '540501001', '+7 (383) 333-44-55', 'log@soyuz.example',      'Новосибирск, Лесная 7', now())
ON CONFLICT (name) DO NOTHING;


INSERT INTO carrier (name, inn, phone, email, created_at)
VALUES
  ('FastCarrier', '500100200300', '+7 (495) 700-00-01', 'desk@fastcarrier.example', now()),
  ('Radeport', '5605190356', '+7 (495) 700-00-22', 'redepo@fastcarrier.example', now()),
  ('Сорти', '990219866385', '+7 (495) 700-00-33', 'corty@fastcarrier.example', now()),
  ('Рогачев', '757851974974', '+7 (495) 700-00-44', 'rogach@fastcarrier.example', now()),
  ('ИП Печенька', '6980951490', '+7 (495) 700-00-55', 'pe4enka@fastcarrier.example', now()),
  ('GeForce', '6359274998', '+7 (495) 700-00-66', 'geforce@fastcarrier.example', now()),
  ('EuroCarrier', '326161767987', '+7 (812) 800-00-02', 'info@eurocarrier.example', now())
ON CONFLICT (name) DO NOTHING;



INSERT INTO app_user (username, pass_hash, role, active, created_at)
VALUES
  ('admin',   '{bcrypt}$2a$10$Yb5kG8x1vZcUo1mE3bVh1eS1Yx9oZlXbHk0TnQ9xE1f9qk4P8YQSO', 'ADMIN',   true, now()),
  ('manager', '{bcrypt}$2a$10$Yb5kG8x1vZcUo1mE3bVh1eS1Yx9oZlXbHk0TnQ9xE1f9qk4P8YQSO', 'MANAGER', true, now()),
  ('viewer',  '{bcrypt}$2a$10$Yb5kG8x1vZcUo1mE3bVh1eS1Yx9oZlXbHk0TnQ9xE1f9qk4P8YQSO', 'VIEWER',  true, now())
ON CONFLICT (username) DO NOTHING;


INSERT INTO vehicle (carrier_id, plate_no, vin, make, model, year, capacity_kg, type, active, created_at)
SELECT c.id, v.plate_no, v.vin, v.make, v.model, v.year, v.capacity_kg, v.type, v.active, now()
FROM (
  VALUES
    ('FastCarrier', 'A111AA77', 'VF1ABCD1234567890', 'Volvo',   'FH',   2018, 20000.00, 'TRUCK', true),
    ('Рогачев', 'A222AA31', 'VF1ABCD1234561111', 'BMW',   'FH',   2018, 20000.00, 'TRUCK', true),
    ('ИП Печенька', 'A333AA77', 'VF1ABCD1234567333', 'Kamaz',   'FH',   2021, 20000.00, 'TRUCK', true),
    ('ИП Печенька', 'А444AA77', 'VF1ABCD1234564444', 'Van',   'FH',   2011, 22000.00, 'TRUCK', true),
    ('Рогачев', 'A111AA77', 'VF1ABCD1234567890', 'Gazel',   'FH',   2020, 5000.00, 'TRUCK', true),
    ('Сорти', 'A111AA77', 'VF1ABCD1234567770', 'Volvo',   'FH',   2019, 23000.00, 'TRUCK', true),
    ('FastCarrier', 'B222BB77', 'WDBXYZ98765432100', 'Mercedes','Actros',2022, 12000.00, 'TRUCK', true),
    ('EuroCarrier', 'C333CC98', 'XTA21099012345678', 'GAZ',     'Next', 2023,  3500.00, 'VAN',   true)
) AS v(carrier_name, plate_no, vin, make, model, year, capacity_kg, type, active)
JOIN carrier c ON c.name = v.carrier_name
ON CONFLICT (plate_no) DO NOTHING;


INSERT INTO driver (carrier_id, full_name, license_number, license_valid_until, phone, active, created_at)
SELECT c.id, d.full_name, d.license_number, d.license_valid_until, d.phone, d.active, now()
FROM (
  VALUES
    ('FastCarrier', 'Иванов Иван Иванович',   '77 11 123456', date '2027-12-31', '+7 (900) 111-11-11', true),
    ('ИП Печенька', 'Печеньков Печенька Печеньевич',   '73 71 123456', date '2027-12-23', '+7 (900) 111-11-22', true),
    ('ИП Печенька', 'Пирогов Петр Иванович',   '74 77 123456', date '2027-11-21', '+7 (900) 111-11-33', true),
    ('Сорти', 'Душин Сергей Иванович',   '75 87 123456', date '2027-12-12', '+7 (900) 111-11-44', true),
    ('Рогачев', 'Сладев Данила Яковлевич',   '76 57 123456', date '2027-12-14', '+7 (900) 111-11-55', true),
    ('FastCarrier', 'Быстров Лев Алексеевич',   '77 24 234567', date '2026-06-30', '+7 (900) 222-22-22', true),
    ('EuroCarrier', 'Сидоров Сергей Сергеевич','98 33 345678', date '2028-03-31', '+7 (900) 333-33-33', true)
) AS d(carrier_name, full_name, license_number, license_valid_until, phone, active)
JOIN carrier c ON c.name = d.carrier_name
ON CONFLICT (license_number) DO NOTHING;



INSERT INTO shipment
  (client_id, carrier_id, vehicle_id, driver_id,
   pickup_address, delivery_address,
   cargo_description, cargo_weight,
   planned_pickup_at, planned_delivery_at,
   price, status, created_at, updated_at)
SELECT
  cl.id, cr.id, v.id, dr.id,
  s.pickup_address, s.delivery_address,
  s.cargo_description, s.cargo_weight,
  now() + s.pickup_shift, now() + s.delivery_shift,
  s.price, s.status, now(), now()
FROM (
  VALUES
    
    ('ACME Logistics LLC', 'FastCarrier', 'A111AA77', '77 11 123456', 'Москва, Склад 1',      'Тверь, Магазин 5',      'Паллеты 33Е',       18000.00, interval '1 day', interval '2 days', 120000.00, 'ASSIGNED'),
    ('Globex Import',      'FastCarrier', 'B222BB77', '77 22 234567', 'СПб, Терминал Сев',    'Великий Новгород, ТЦ',  'Стройматериалы',     20000.00, interval '2 days', interval '4 days', 150000.00, 'NEW'),
    ('Soyuz Agro',         'EuroCarrier', 'C333CC98', '98 33 345678', 'Новосибирск, Элеватор','Барнаул, АгроБаза',     'Семена подсолнеч.',   3200.00, interval '12 hours', interval '36 hours',  65000.00, 'IN_TRANSIT')
) AS s(client_name, carrier_name, plate_no, driver_license, pickup_address, delivery_address, cargo_description, cargo_weight, pickup_shift, delivery_shift, price, status)
JOIN client  cl ON cl.name = s.client_name
JOIN carrier cr ON cr.name = s.carrier_name
LEFT JOIN vehicle v ON v.plate_no = s.plate_no
LEFT JOIN driver  dr ON dr.license_number = s.driver_license

ON CONFLICT DO NOTHING;



INSERT INTO shipment_status_history (shipment_id, status, changed_at, changed_by, note)
SELECT s.id, s.status, s.created_at, NULL, 'seed: initial'
FROM shipment s
WHERE NOT EXISTS (
  SELECT 1 FROM shipment_status_history h
  WHERE h.shipment_id = s.id AND h.status = s.status
);


INSERT INTO shipment_status_history (shipment_id, status, changed_at, changed_by, note)
SELECT s.id, 'IN_TRANSIT', now(), NULL, 'seed: moved to transit'
FROM shipment s
WHERE s.status <> 'IN_TRANSIT'
ORDER BY s.id
LIMIT 1
ON CONFLICT DO NOTHING]
	at org.springframework.beans.factory.support.AbstractAutowireCapableBeanFactory.initializeBean(AbstractAutowireCapableBeanFactory.java:1826)
	at org.springframework.beans.factory.support.AbstractAutowireCapableBeanFactory.doCreateBean(AbstractAutowireCapableBeanFactory.java:607)
	at org.springframework.beans.factory.support.AbstractAutowireCapableBeanFactory.createBean(AbstractAutowireCapableBeanFactory.java:529)
	at org.springframework.beans.factory.support.AbstractBeanFactory.lambda$doGetBean$0(AbstractBeanFactory.java:339)
	at org.springframework.beans.factory.support.DefaultSingletonBeanRegistry.getSingleton(DefaultSingletonBeanRegistry.java:373)
	at org.springframework.beans.factory.support.AbstractBeanFactory.doGetBean(AbstractBeanFactory.java:337)
	at org.springframework.beans.factory.support.AbstractBeanFactory.getBean(AbstractBeanFactory.java:202)
	at org.springframework.beans.factory.support.AbstractBeanFactory.doGetBean(AbstractBeanFactory.java:315)
	... 10 common frames omitted
Caused by: liquibase.exception.CommandExecutionException: liquibase.exception.LiquibaseException: liquibase.exception.MigrationFailedException: Migration failed for changeset db/changelog/060-insert-test-data.yaml::060-seed-core::pogodin:
     Reason: liquibase.exception.DatabaseException: ERROR: Cargo weight (20000.00.2f) exceeds vehicle capacity
  Где: PL/pgSQL function trg_validate_shipment_assignment() line 13 at RAISE [Failed SQL: (0) INSERT INTO client (name, inn, kpp, phone, email, address, created_at)
VALUES
  ('ACME Logistics LLC', '770123456789', '770101001', '+7 (495) 111-22-33', 'ops@acme.example', 'Москва, ул. Примерная, 1', now()),
  ('Globex Import',       '780987654321', '780901001', '+7 (812) 222-33-44', 'contact@globex.example', 'Санкт-Петербург, Невский 10', now()),
  ('ARM_Cortex',       '964452667400', '693783635', '+7 (812) 222-33-43', 'armcont@globex.com', 'Омск, Ленина 12', now()),
  ('Groza Holding',       '390115923547', '640511284', '+7 (812) 222-33-22', 'groza@globex.example', 'Москва, Петрова 4', now()),
  ('AliMoll',       '804202671674', '722366640', '+7 (812) 222-33-67', 'alimoll@globex.example', 'Курск, Солнечная 99', now()),
  ('Soyuz Agro',          '540555444333', '540501001', '+7 (383) 333-44-55', 'log@soyuz.example',      'Новосибирск, Лесная 7', now())
ON CONFLICT (name) DO NOTHING;


INSERT INTO carrier (name, inn, phone, email, created_at)
VALUES
  ('FastCarrier', '500100200300', '+7 (495) 700-00-01', 'desk@fastcarrier.example', now()),
  ('Radeport', '5605190356', '+7 (495) 700-00-22', 'redepo@fastcarrier.example', now()),
  ('Сорти', '990219866385', '+7 (495) 700-00-33', 'corty@fastcarrier.example', now()),
  ('Рогачев', '757851974974', '+7 (495) 700-00-44', 'rogach@fastcarrier.example', now()),
  ('ИП Печенька', '6980951490', '+7 (495) 700-00-55', 'pe4enka@fastcarrier.example', now()),
  ('GeForce', '6359274998', '+7 (495) 700-00-66', 'geforce@fastcarrier.example', now()),
  ('EuroCarrier', '326161767987', '+7 (812) 800-00-02', 'info@eurocarrier.example', now())
ON CONFLICT (name) DO NOTHING;



INSERT INTO app_user (username, pass_hash, role, active, created_at)
VALUES
  ('admin',   '{bcrypt}$2a$10$Yb5kG8x1vZcUo1mE3bVh1eS1Yx9oZlXbHk0TnQ9xE1f9qk4P8YQSO', 'ADMIN',   true, now()),
  ('manager', '{bcrypt}$2a$10$Yb5kG8x1vZcUo1mE3bVh1eS1Yx9oZlXbHk0TnQ9xE1f9qk4P8YQSO', 'MANAGER', true, now()),
  ('viewer',  '{bcrypt}$2a$10$Yb5kG8x1vZcUo1mE3bVh1eS1Yx9oZlXbHk0TnQ9xE1f9qk4P8YQSO', 'VIEWER',  true, now())
ON CONFLICT (username) DO NOTHING;


INSERT INTO vehicle (carrier_id, plate_no, vin, make, model, year, capacity_kg, type, active, created_at)
SELECT c.id, v.plate_no, v.vin, v.make, v.model, v.year, v.capacity_kg, v.type, v.active, now()
FROM (
  VALUES
    ('FastCarrier', 'A111AA77', 'VF1ABCD1234567890', 'Volvo',   'FH',   2018, 20000.00, 'TRUCK', true),
    ('Рогачев', 'A222AA31', 'VF1ABCD1234561111', 'BMW',   'FH',   2018, 20000.00, 'TRUCK', true),
    ('ИП Печенька', 'A333AA77', 'VF1ABCD1234567333', 'Kamaz',   'FH',   2021, 20000.00, 'TRUCK', true),
    ('ИП Печенька', 'А444AA77', 'VF1ABCD1234564444', 'Van',   'FH',   2011, 22000.00, 'TRUCK', true),
    ('Рогачев', 'A111AA77', 'VF1ABCD1234567890', 'Gazel',   'FH',   2020, 5000.00, 'TRUCK', true),
    ('Сорти', 'A111AA77', 'VF1ABCD1234567770', 'Volvo',   'FH',   2019, 23000.00, 'TRUCK', true),
    ('FastCarrier', 'B222BB77', 'WDBXYZ98765432100', 'Mercedes','Actros',2022, 12000.00, 'TRUCK', true),
    ('EuroCarrier', 'C333CC98', 'XTA21099012345678', 'GAZ',     'Next', 2023,  3500.00, 'VAN',   true)
) AS v(carrier_name, plate_no, vin, make, model, year, capacity_kg, type, active)
JOIN carrier c ON c.name = v.carrier_name
ON CONFLICT (plate_no) DO NOTHING;


INSERT INTO driver (carrier_id, full_name, license_number, license_valid_until, phone, active, created_at)
SELECT c.id, d.full_name, d.license_number, d.license_valid_until, d.phone, d.active, now()
FROM (
  VALUES
    ('FastCarrier', 'Иванов Иван Иванович',   '77 11 123456', date '2027-12-31', '+7 (900) 111-11-11', true),
    ('ИП Печенька', 'Печеньков Печенька Печеньевич',   '73 71 123456', date '2027-12-23', '+7 (900) 111-11-22', true),
    ('ИП Печенька', 'Пирогов Петр Иванович',   '74 77 123456', date '2027-11-21', '+7 (900) 111-11-33', true),
    ('Сорти', 'Душин Сергей Иванович',   '75 87 123456', date '2027-12-12', '+7 (900) 111-11-44', true),
    ('Рогачев', 'Сладев Данила Яковлевич',   '76 57 123456', date '2027-12-14', '+7 (900) 111-11-55', true),
    ('FastCarrier', 'Быстров Лев Алексеевич',   '77 24 234567', date '2026-06-30', '+7 (900) 222-22-22', true),
    ('EuroCarrier', 'Сидоров Сергей Сергеевич','98 33 345678', date '2028-03-31', '+7 (900) 333-33-33', true)
) AS d(carrier_name, full_name, license_number, license_valid_until, phone, active)
JOIN carrier c ON c.name = d.carrier_name
ON CONFLICT (license_number) DO NOTHING;



INSERT INTO shipment
  (client_id, carrier_id, vehicle_id, driver_id,
   pickup_address, delivery_address,
   cargo_description, cargo_weight,
   planned_pickup_at, planned_delivery_at,
   price, status, created_at, updated_at)
SELECT
  cl.id, cr.id, v.id, dr.id,
  s.pickup_address, s.delivery_address,
  s.cargo_description, s.cargo_weight,
  now() + s.pickup_shift, now() + s.delivery_shift,
  s.price, s.status, now(), now()
FROM (
  VALUES
    
    ('ACME Logistics LLC', 'FastCarrier', 'A111AA77', '77 11 123456', 'Москва, Склад 1',      'Тверь, Магазин 5',      'Паллеты 33Е',       18000.00, interval '1 day', interval '2 days', 120000.00, 'ASSIGNED'),
    ('Globex Import',      'FastCarrier', 'B222BB77', '77 22 234567', 'СПб, Терминал Сев',    'Великий Новгород, ТЦ',  'Стройматериалы',     20000.00, interval '2 days', interval '4 days', 150000.00, 'NEW'),
    ('Soyuz Agro',         'EuroCarrier', 'C333CC98', '98 33 345678', 'Новосибирск, Элеватор','Барнаул, АгроБаза',     'Семена подсолнеч.',   3200.00, interval '12 hours', interval '36 hours',  65000.00, 'IN_TRANSIT')
) AS s(client_name, carrier_name, plate_no, driver_license, pickup_address, delivery_address, cargo_description, cargo_weight, pickup_shift, delivery_shift, price, status)
JOIN client  cl ON cl.name = s.client_name
JOIN carrier cr ON cr.name = s.carrier_name
LEFT JOIN vehicle v ON v.plate_no = s.plate_no
LEFT JOIN driver  dr ON dr.license_number = s.driver_license

ON CONFLICT DO NOTHING;



INSERT INTO shipment_status_history (shipment_id, status, changed_at, changed_by, note)
SELECT s.id, s.status, s.created_at, NULL, 'seed: initial'
FROM shipment s
WHERE NOT EXISTS (
  SELECT 1 FROM shipment_status_history h
  WHERE h.shipment_id = s.id AND h.status = s.status
);


INSERT INTO shipment_status_history (shipment_id, status, changed_at, changed_by, note)
SELECT s.id, 'IN_TRANSIT', now(), NULL, 'seed: moved to transit'
FROM shipment s
WHERE s.status <> 'IN_TRANSIT'
ORDER BY s.id
LIMIT 1
ON CONFLICT DO NOTHING]
	at liquibase.command.CommandScope.execute(CommandScope.java:236)
	at liquibase.Liquibase.lambda$update$0(Liquibase.java:223)
	at liquibase.Scope.lambda$child$0(Scope.java:197)
	at liquibase.Scope.child(Scope.java:206)
	at liquibase.Scope.child(Scope.java:196)
	at liquibase.Scope.child(Scope.java:175)
	at liquibase.Liquibase.runInScope(Liquibase.java:1361)
	at liquibase.Liquibase.update(Liquibase.java:215)
	at liquibase.Liquibase.update(Liquibase.java:197)
	at liquibase.integration.spring.SpringLiquibase.performUpdate(SpringLiquibase.java:329)
	at liquibase.integration.spring.SpringLiquibase.afterPropertiesSet(SpringLiquibase.java:284)
	at org.springframework.beans.factory.support.AbstractAutowireCapableBeanFactory.invokeInitMethods(AbstractAutowireCapableBeanFactory.java:1873)
	at org.springframework.beans.factory.support.AbstractAutowireCapableBeanFactory.initializeBean(AbstractAutowireCapableBeanFactory.java:1822)
	... 17 common frames omitted
Caused by: liquibase.exception.LiquibaseException: liquibase.exception.MigrationFailedException: Migration failed for changeset db/changelog/060-insert-test-data.yaml::060-seed-core::pogodin:
     Reason: liquibase.exception.DatabaseException: ERROR: Cargo weight (20000.00.2f) exceeds vehicle capacity
  Где: PL/pgSQL function trg_validate_shipment_assignment() line 13 at RAISE [Failed SQL: (0) INSERT INTO client (name, inn, kpp, phone, email, address, created_at)
VALUES
  ('ACME Logistics LLC', '770123456789', '770101001', '+7 (495) 111-22-33', 'ops@acme.example', 'Москва, ул. Примерная, 1', now()),
  ('Globex Import',       '780987654321', '780901001', '+7 (812) 222-33-44', 'contact@globex.example', 'Санкт-Петербург, Невский 10', now()),
  ('ARM_Cortex',       '964452667400', '693783635', '+7 (812) 222-33-43', 'armcont@globex.com', 'Омск, Ленина 12', now()),
  ('Groza Holding',       '390115923547', '640511284', '+7 (812) 222-33-22', 'groza@globex.example', 'Москва, Петрова 4', now()),
  ('AliMoll',       '804202671674', '722366640', '+7 (812) 222-33-67', 'alimoll@globex.example', 'Курск, Солнечная 99', now()),
  ('Soyuz Agro',          '540555444333', '540501001', '+7 (383) 333-44-55', 'log@soyuz.example',      'Новосибирск, Лесная 7', now())
ON CONFLICT (name) DO NOTHING;


INSERT INTO carrier (name, inn, phone, email, created_at)
VALUES
  ('FastCarrier', '500100200300', '+7 (495) 700-00-01', 'desk@fastcarrier.example', now()),
  ('Radeport', '5605190356', '+7 (495) 700-00-22', 'redepo@fastcarrier.example', now()),
  ('Сорти', '990219866385', '+7 (495) 700-00-33', 'corty@fastcarrier.example', now()),
  ('Рогачев', '757851974974', '+7 (495) 700-00-44', 'rogach@fastcarrier.example', now()),
  ('ИП Печенька', '6980951490', '+7 (495) 700-00-55', 'pe4enka@fastcarrier.example', now()),
  ('GeForce', '6359274998', '+7 (495) 700-00-66', 'geforce@fastcarrier.example', now()),
  ('EuroCarrier', '326161767987', '+7 (812) 800-00-02', 'info@eurocarrier.example', now())
ON CONFLICT (name) DO NOTHING;



INSERT INTO app_user (username, pass_hash, role, active, created_at)
VALUES
  ('admin',   '{bcrypt}$2a$10$Yb5kG8x1vZcUo1mE3bVh1eS1Yx9oZlXbHk0TnQ9xE1f9qk4P8YQSO', 'ADMIN',   true, now()),
  ('manager', '{bcrypt}$2a$10$Yb5kG8x1vZcUo1mE3bVh1eS1Yx9oZlXbHk0TnQ9xE1f9qk4P8YQSO', 'MANAGER', true, now()),
  ('viewer',  '{bcrypt}$2a$10$Yb5kG8x1vZcUo1mE3bVh1eS1Yx9oZlXbHk0TnQ9xE1f9qk4P8YQSO', 'VIEWER',  true, now())
ON CONFLICT (username) DO NOTHING;


INSERT INTO vehicle (carrier_id, plate_no, vin, make, model, year, capacity_kg, type, active, created_at)
SELECT c.id, v.plate_no, v.vin, v.make, v.model, v.year, v.capacity_kg, v.type, v.active, now()
FROM (
  VALUES
    ('FastCarrier', 'A111AA77', 'VF1ABCD1234567890', 'Volvo',   'FH',   2018, 20000.00, 'TRUCK', true),
    ('Рогачев', 'A222AA31', 'VF1ABCD1234561111', 'BMW',   'FH',   2018, 20000.00, 'TRUCK', true),
    ('ИП Печенька', 'A333AA77', 'VF1ABCD1234567333', 'Kamaz',   'FH',   2021, 20000.00, 'TRUCK', true),
    ('ИП Печенька', 'А444AA77', 'VF1ABCD1234564444', 'Van',   'FH',   2011, 22000.00, 'TRUCK', true),
    ('Рогачев', 'A111AA77', 'VF1ABCD1234567890', 'Gazel',   'FH',   2020, 5000.00, 'TRUCK', true),
    ('Сорти', 'A111AA77', 'VF1ABCD1234567770', 'Volvo',   'FH',   2019, 23000.00, 'TRUCK', true),
    ('FastCarrier', 'B222BB77', 'WDBXYZ98765432100', 'Mercedes','Actros',2022, 12000.00, 'TRUCK', true),
    ('EuroCarrier', 'C333CC98', 'XTA21099012345678', 'GAZ',     'Next', 2023,  3500.00, 'VAN',   true)
) AS v(carrier_name, plate_no, vin, make, model, year, capacity_kg, type, active)
JOIN carrier c ON c.name = v.carrier_name
ON CONFLICT (plate_no) DO NOTHING;


INSERT INTO driver (carrier_id, full_name, license_number, license_valid_until, phone, active, created_at)
SELECT c.id, d.full_name, d.license_number, d.license_valid_until, d.phone, d.active, now()
FROM (
  VALUES
    ('FastCarrier', 'Иванов Иван Иванович',   '77 11 123456', date '2027-12-31', '+7 (900) 111-11-11', true),
    ('ИП Печенька', 'Печеньков Печенька Печеньевич',   '73 71 123456', date '2027-12-23', '+7 (900) 111-11-22', true),
    ('ИП Печенька', 'Пирогов Петр Иванович',   '74 77 123456', date '2027-11-21', '+7 (900) 111-11-33', true),
    ('Сорти', 'Душин Сергей Иванович',   '75 87 123456', date '2027-12-12', '+7 (900) 111-11-44', true),
    ('Рогачев', 'Сладев Данила Яковлевич',   '76 57 123456', date '2027-12-14', '+7 (900) 111-11-55', true),
    ('FastCarrier', 'Быстров Лев Алексеевич',   '77 24 234567', date '2026-06-30', '+7 (900) 222-22-22', true),
    ('EuroCarrier', 'Сидоров Сергей Сергеевич','98 33 345678', date '2028-03-31', '+7 (900) 333-33-33', true)
) AS d(carrier_name, full_name, license_number, license_valid_until, phone, active)
JOIN carrier c ON c.name = d.carrier_name
ON CONFLICT (license_number) DO NOTHING;



INSERT INTO shipment
  (client_id, carrier_id, vehicle_id, driver_id,
   pickup_address, delivery_address,
   cargo_description, cargo_weight,
   planned_pickup_at, planned_delivery_at,
   price, status, created_at, updated_at)
SELECT
  cl.id, cr.id, v.id, dr.id,
  s.pickup_address, s.delivery_address,
  s.cargo_description, s.cargo_weight,
  now() + s.pickup_shift, now() + s.delivery_shift,
  s.price, s.status, now(), now()
FROM (
  VALUES
    
    ('ACME Logistics LLC', 'FastCarrier', 'A111AA77', '77 11 123456', 'Москва, Склад 1',      'Тверь, Магазин 5',      'Паллеты 33Е',       18000.00, interval '1 day', interval '2 days', 120000.00, 'ASSIGNED'),
    ('Globex Import',      'FastCarrier', 'B222BB77', '77 22 234567', 'СПб, Терминал Сев',    'Великий Новгород, ТЦ',  'Стройматериалы',     20000.00, interval '2 days', interval '4 days', 150000.00, 'NEW'),
    ('Soyuz Agro',         'EuroCarrier', 'C333CC98', '98 33 345678', 'Новосибирск, Элеватор','Барнаул, АгроБаза',     'Семена подсолнеч.',   3200.00, interval '12 hours', interval '36 hours',  65000.00, 'IN_TRANSIT')
) AS s(client_name, carrier_name, plate_no, driver_license, pickup_address, delivery_address, cargo_description, cargo_weight, pickup_shift, delivery_shift, price, status)
JOIN client  cl ON cl.name = s.client_name
JOIN carrier cr ON cr.name = s.carrier_name
LEFT JOIN vehicle v ON v.plate_no = s.plate_no
LEFT JOIN driver  dr ON dr.license_number = s.driver_license

ON CONFLICT DO NOTHING;



INSERT INTO shipment_status_history (shipment_id, status, changed_at, changed_by, note)
SELECT s.id, s.status, s.created_at, NULL, 'seed: initial'
FROM shipment s
WHERE NOT EXISTS (
  SELECT 1 FROM shipment_status_history h
  WHERE h.shipment_id = s.id AND h.status = s.status
);


INSERT INTO shipment_status_history (shipment_id, status, changed_at, changed_by, note)
SELECT s.id, 'IN_TRANSIT', now(), NULL, 'seed: moved to transit'
FROM shipment s
WHERE s.status <> 'IN_TRANSIT'
ORDER BY s.id
LIMIT 1
ON CONFLICT DO NOTHING]
	at liquibase.changelog.ChangeLogIterator.run(ChangeLogIterator.java:122)
	at liquibase.command.core.AbstractUpdateCommandStep.lambda$run$0(AbstractUpdateCommandStep.java:87)
	at liquibase.Scope.lambda$child$0(Scope.java:197)
	at liquibase.Scope.child(Scope.java:206)
	at liquibase.Scope.child(Scope.java:196)
	at liquibase.Scope.child(Scope.java:175)
	at liquibase.command.core.AbstractUpdateCommandStep.run(AbstractUpdateCommandStep.java:86)
	at liquibase.command.core.UpdateCommandStep.run(UpdateCommandStep.java:102)
	at liquibase.command.CommandScope.execute(CommandScope.java:213)
	... 29 common frames omitted
Caused by: liquibase.exception.MigrationFailedException: Migration failed for changeset db/changelog/060-insert-test-data.yaml::060-seed-core::pogodin:
     Reason: liquibase.exception.DatabaseException: ERROR: Cargo weight (20000.00.2f) exceeds vehicle capacity
  Где: PL/pgSQL function trg_validate_shipment_assignment() line 13 at RAISE [Failed SQL: (0) INSERT INTO client (name, inn, kpp, phone, email, address, created_at)
VALUES
  ('ACME Logistics LLC', '770123456789', '770101001', '+7 (495) 111-22-33', 'ops@acme.example', 'Москва, ул. Примерная, 1', now()),
  ('Globex Import',       '780987654321', '780901001', '+7 (812) 222-33-44', 'contact@globex.example', 'Санкт-Петербург, Невский 10', now()),
  ('ARM_Cortex',       '964452667400', '693783635', '+7 (812) 222-33-43', 'armcont@globex.com', 'Омск, Ленина 12', now()),
  ('Groza Holding',       '390115923547', '640511284', '+7 (812) 222-33-22', 'groza@globex.example', 'Москва, Петрова 4', now()),
  ('AliMoll',       '804202671674', '722366640', '+7 (812) 222-33-67', 'alimoll@globex.example', 'Курск, Солнечная 99', now()),
  ('Soyuz Agro',          '540555444333', '540501001', '+7 (383) 333-44-55', 'log@soyuz.example',      'Новосибирск, Лесная 7', now())
ON CONFLICT (name) DO NOTHING;


INSERT INTO carrier (name, inn, phone, email, created_at)
VALUES
  ('FastCarrier', '500100200300', '+7 (495) 700-00-01', 'desk@fastcarrier.example', now()),
  ('Radeport', '5605190356', '+7 (495) 700-00-22', 'redepo@fastcarrier.example', now()),
  ('Сорти', '990219866385', '+7 (495) 700-00-33', 'corty@fastcarrier.example', now()),
  ('Рогачев', '757851974974', '+7 (495) 700-00-44', 'rogach@fastcarrier.example', now()),
  ('ИП Печенька', '6980951490', '+7 (495) 700-00-55', 'pe4enka@fastcarrier.example', now()),
  ('GeForce', '6359274998', '+7 (495) 700-00-66', 'geforce@fastcarrier.example', now()),
  ('EuroCarrier', '326161767987', '+7 (812) 800-00-02', 'info@eurocarrier.example', now())
ON CONFLICT (name) DO NOTHING;



INSERT INTO app_user (username, pass_hash, role, active, created_at)
VALUES
  ('admin',   '{bcrypt}$2a$10$Yb5kG8x1vZcUo1mE3bVh1eS1Yx9oZlXbHk0TnQ9xE1f9qk4P8YQSO', 'ADMIN',   true, now()),
  ('manager', '{bcrypt}$2a$10$Yb5kG8x1vZcUo1mE3bVh1eS1Yx9oZlXbHk0TnQ9xE1f9qk4P8YQSO', 'MANAGER', true, now()),
  ('viewer',  '{bcrypt}$2a$10$Yb5kG8x1vZcUo1mE3bVh1eS1Yx9oZlXbHk0TnQ9xE1f9qk4P8YQSO', 'VIEWER',  true, now())
ON CONFLICT (username) DO NOTHING;


INSERT INTO vehicle (carrier_id, plate_no, vin, make, model, year, capacity_kg, type, active, created_at)
SELECT c.id, v.plate_no, v.vin, v.make, v.model, v.year, v.capacity_kg, v.type, v.active, now()
FROM (
  VALUES
    ('FastCarrier', 'A111AA77', 'VF1ABCD1234567890', 'Volvo',   'FH',   2018, 20000.00, 'TRUCK', true),
    ('Рогачев', 'A222AA31', 'VF1ABCD1234561111', 'BMW',   'FH',   2018, 20000.00, 'TRUCK', true),
    ('ИП Печенька', 'A333AA77', 'VF1ABCD1234567333', 'Kamaz',   'FH',   2021, 20000.00, 'TRUCK', true),
    ('ИП Печенька', 'А444AA77', 'VF1ABCD1234564444', 'Van',   'FH',   2011, 22000.00, 'TRUCK', true),
    ('Рогачев', 'A111AA77', 'VF1ABCD1234567890', 'Gazel',   'FH',   2020, 5000.00, 'TRUCK', true),
    ('Сорти', 'A111AA77', 'VF1ABCD1234567770', 'Volvo',   'FH',   2019, 23000.00, 'TRUCK', true),
    ('FastCarrier', 'B222BB77', 'WDBXYZ98765432100', 'Mercedes','Actros',2022, 12000.00, 'TRUCK', true),
    ('EuroCarrier', 'C333CC98', 'XTA21099012345678', 'GAZ',     'Next', 2023,  3500.00, 'VAN',   true)
) AS v(carrier_name, plate_no, vin, make, model, year, capacity_kg, type, active)
JOIN carrier c ON c.name = v.carrier_name
ON CONFLICT (plate_no) DO NOTHING;


INSERT INTO driver (carrier_id, full_name, license_number, license_valid_until, phone, active, created_at)
SELECT c.id, d.full_name, d.license_number, d.license_valid_until, d.phone, d.active, now()
FROM (
  VALUES
    ('FastCarrier', 'Иванов Иван Иванович',   '77 11 123456', date '2027-12-31', '+7 (900) 111-11-11', true),
    ('ИП Печенька', 'Печеньков Печенька Печеньевич',   '73 71 123456', date '2027-12-23', '+7 (900) 111-11-22', true),
    ('ИП Печенька', 'Пирогов Петр Иванович',   '74 77 123456', date '2027-11-21', '+7 (900) 111-11-33', true),
    ('Сорти', 'Душин Сергей Иванович',   '75 87 123456', date '2027-12-12', '+7 (900) 111-11-44', true),
    ('Рогачев', 'Сладев Данила Яковлевич',   '76 57 123456', date '2027-12-14', '+7 (900) 111-11-55', true),
    ('FastCarrier', 'Быстров Лев Алексеевич',   '77 24 234567', date '2026-06-30', '+7 (900) 222-22-22', true),
    ('EuroCarrier', 'Сидоров Сергей Сергеевич','98 33 345678', date '2028-03-31', '+7 (900) 333-33-33', true)
) AS d(carrier_name, full_name, license_number, license_valid_until, phone, active)
JOIN carrier c ON c.name = d.carrier_name
ON CONFLICT (license_number) DO NOTHING;



INSERT INTO shipment
  (client_id, carrier_id, vehicle_id, driver_id,
   pickup_address, delivery_address,
   cargo_description, cargo_weight,
   planned_pickup_at, planned_delivery_at,
   price, status, created_at, updated_at)
SELECT
  cl.id, cr.id, v.id, dr.id,
  s.pickup_address, s.delivery_address,
  s.cargo_description, s.cargo_weight,
  now() + s.pickup_shift, now() + s.delivery_shift,
  s.price, s.status, now(), now()
FROM (
  VALUES
    
    ('ACME Logistics LLC', 'FastCarrier', 'A111AA77', '77 11 123456', 'Москва, Склад 1',      'Тверь, Магазин 5',      'Паллеты 33Е',       18000.00, interval '1 day', interval '2 days', 120000.00, 'ASSIGNED'),
    ('Globex Import',      'FastCarrier', 'B222BB77', '77 22 234567', 'СПб, Терминал Сев',    'Великий Новгород, ТЦ',  'Стройматериалы',     20000.00, interval '2 days', interval '4 days', 150000.00, 'NEW'),
    ('Soyuz Agro',         'EuroCarrier', 'C333CC98', '98 33 345678', 'Новосибирск, Элеватор','Барнаул, АгроБаза',     'Семена подсолнеч.',   3200.00, interval '12 hours', interval '36 hours',  65000.00, 'IN_TRANSIT')
) AS s(client_name, carrier_name, plate_no, driver_license, pickup_address, delivery_address, cargo_description, cargo_weight, pickup_shift, delivery_shift, price, status)
JOIN client  cl ON cl.name = s.client_name
JOIN carrier cr ON cr.name = s.carrier_name
LEFT JOIN vehicle v ON v.plate_no = s.plate_no
LEFT JOIN driver  dr ON dr.license_number = s.driver_license

ON CONFLICT DO NOTHING;



INSERT INTO shipment_status_history (shipment_id, status, changed_at, changed_by, note)
SELECT s.id, s.status, s.created_at, NULL, 'seed: initial'
FROM shipment s
WHERE NOT EXISTS (
  SELECT 1 FROM shipment_status_history h
  WHERE h.shipment_id = s.id AND h.status = s.status
);


INSERT INTO shipment_status_history (shipment_id, status, changed_at, changed_by, note)
SELECT s.id, 'IN_TRANSIT', now(), NULL, 'seed: moved to transit'
FROM shipment s
WHERE s.status <> 'IN_TRANSIT'
ORDER BY s.id
LIMIT 1
ON CONFLICT DO NOTHING]
	at liquibase.changelog.ChangeSet.execute(ChangeSet.java:768)
	at liquibase.changelog.visitor.UpdateVisitor.executeAcceptedChange(UpdateVisitor.java:120)
	at liquibase.changelog.visitor.UpdateVisitor.visit(UpdateVisitor.java:70)
	at liquibase.changelog.ChangeLogIterator$2.lambda$run$0(ChangeLogIterator.java:110)
	at liquibase.Scope.lambda$child$0(Scope.java:197)
	at liquibase.Scope.child(Scope.java:206)
	at liquibase.Scope.child(Scope.java:196)
	at liquibase.Scope.child(Scope.java:175)
	at liquibase.Scope.child(Scope.java:263)
	at liquibase.changelog.ChangeLogIterator$2.run(ChangeLogIterator.java:100)
	at liquibase.Scope.lambda$child$0(Scope.java:197)
	at liquibase.Scope.child(Scope.java:206)
	at liquibase.Scope.child(Scope.java:196)
	at liquibase.Scope.child(Scope.java:175)
	at liquibase.Scope.child(Scope.java:263)
	at liquibase.Scope.child(Scope.java:267)
	at liquibase.changelog.ChangeLogIterator.run(ChangeLogIterator.java:74)
	... 37 common frames omitted
Caused by: liquibase.exception.DatabaseException: ERROR: Cargo weight (20000.00.2f) exceeds vehicle capacity
  Где: PL/pgSQL function trg_validate_shipment_assignment() line 13 at RAISE [Failed SQL: (0) INSERT INTO client (name, inn, kpp, phone, email, address, created_at)
VALUES
  ('ACME Logistics LLC', '770123456789', '770101001', '+7 (495) 111-22-33', 'ops@acme.example', 'Москва, ул. Примерная, 1', now()),
  ('Globex Import',       '780987654321', '780901001', '+7 (812) 222-33-44', 'contact@globex.example', 'Санкт-Петербург, Невский 10', now()),
  ('ARM_Cortex',       '964452667400', '693783635', '+7 (812) 222-33-43', 'armcont@globex.com', 'Омск, Ленина 12', now()),
  ('Groza Holding',       '390115923547', '640511284', '+7 (812) 222-33-22', 'groza@globex.example', 'Москва, Петрова 4', now()),
  ('AliMoll',       '804202671674', '722366640', '+7 (812) 222-33-67', 'alimoll@globex.example', 'Курск, Солнечная 99', now()),
  ('Soyuz Agro',          '540555444333', '540501001', '+7 (383) 333-44-55', 'log@soyuz.example',      'Новосибирск, Лесная 7', now())
ON CONFLICT (name) DO NOTHING;


INSERT INTO carrier (name, inn, phone, email, created_at)
VALUES
  ('FastCarrier', '500100200300', '+7 (495) 700-00-01', 'desk@fastcarrier.example', now()),
  ('Radeport', '5605190356', '+7 (495) 700-00-22', 'redepo@fastcarrier.example', now()),
  ('Сорти', '990219866385', '+7 (495) 700-00-33', 'corty@fastcarrier.example', now()),
  ('Рогачев', '757851974974', '+7 (495) 700-00-44', 'rogach@fastcarrier.example', now()),
  ('ИП Печенька', '6980951490', '+7 (495) 700-00-55', 'pe4enka@fastcarrier.example', now()),
  ('GeForce', '6359274998', '+7 (495) 700-00-66', 'geforce@fastcarrier.example', now()),
  ('EuroCarrier', '326161767987', '+7 (812) 800-00-02', 'info@eurocarrier.example', now())
ON CONFLICT (name) DO NOTHING;



INSERT INTO app_user (username, pass_hash, role, active, created_at)
VALUES
  ('admin',   '{bcrypt}$2a$10$Yb5kG8x1vZcUo1mE3bVh1eS1Yx9oZlXbHk0TnQ9xE1f9qk4P8YQSO', 'ADMIN',   true, now()),
  ('manager', '{bcrypt}$2a$10$Yb5kG8x1vZcUo1mE3bVh1eS1Yx9oZlXbHk0TnQ9xE1f9qk4P8YQSO', 'MANAGER', true, now()),
  ('viewer',  '{bcrypt}$2a$10$Yb5kG8x1vZcUo1mE3bVh1eS1Yx9oZlXbHk0TnQ9xE1f9qk4P8YQSO', 'VIEWER',  true, now())
ON CONFLICT (username) DO NOTHING;


INSERT INTO vehicle (carrier_id, plate_no, vin, make, model, year, capacity_kg, type, active, created_at)
SELECT c.id, v.plate_no, v.vin, v.make, v.model, v.year, v.capacity_kg, v.type, v.active, now()
FROM (
  VALUES
    ('FastCarrier', 'A111AA77', 'VF1ABCD1234567890', 'Volvo',   'FH',   2018, 20000.00, 'TRUCK', true),
    ('Рогачев', 'A222AA31', 'VF1ABCD1234561111', 'BMW',   'FH',   2018, 20000.00, 'TRUCK', true),
    ('ИП Печенька', 'A333AA77', 'VF1ABCD1234567333', 'Kamaz',   'FH',   2021, 20000.00, 'TRUCK', true),
    ('ИП Печенька', 'А444AA77', 'VF1ABCD1234564444', 'Van',   'FH',   2011, 22000.00, 'TRUCK', true),
    ('Рогачев', 'A111AA77', 'VF1ABCD1234567890', 'Gazel',   'FH',   2020, 5000.00, 'TRUCK', true),
    ('Сорти', 'A111AA77', 'VF1ABCD1234567770', 'Volvo',   'FH',   2019, 23000.00, 'TRUCK', true),
    ('FastCarrier', 'B222BB77', 'WDBXYZ98765432100', 'Mercedes','Actros',2022, 12000.00, 'TRUCK', true),
    ('EuroCarrier', 'C333CC98', 'XTA21099012345678', 'GAZ',     'Next', 2023,  3500.00, 'VAN',   true)
) AS v(carrier_name, plate_no, vin, make, model, year, capacity_kg, type, active)
JOIN carrier c ON c.name = v.carrier_name
ON CONFLICT (plate_no) DO NOTHING;


INSERT INTO driver (carrier_id, full_name, license_number, license_valid_until, phone, active, created_at)
SELECT c.id, d.full_name, d.license_number, d.license_valid_until, d.phone, d.active, now()
FROM (
  VALUES
    ('FastCarrier', 'Иванов Иван Иванович',   '77 11 123456', date '2027-12-31', '+7 (900) 111-11-11', true),
    ('ИП Печенька', 'Печеньков Печенька Печеньевич',   '73 71 123456', date '2027-12-23', '+7 (900) 111-11-22', true),
    ('ИП Печенька', 'Пирогов Петр Иванович',   '74 77 123456', date '2027-11-21', '+7 (900) 111-11-33', true),
    ('Сорти', 'Душин Сергей Иванович',   '75 87 123456', date '2027-12-12', '+7 (900) 111-11-44', true),
    ('Рогачев', 'Сладев Данила Яковлевич',   '76 57 123456', date '2027-12-14', '+7 (900) 111-11-55', true),
    ('FastCarrier', 'Быстров Лев Алексеевич',   '77 24 234567', date '2026-06-30', '+7 (900) 222-22-22', true),
    ('EuroCarrier', 'Сидоров Сергей Сергеевич','98 33 345678', date '2028-03-31', '+7 (900) 333-33-33', true)
) AS d(carrier_name, full_name, license_number, license_valid_until, phone, active)
JOIN carrier c ON c.name = d.carrier_name
ON CONFLICT (license_number) DO NOTHING;



INSERT INTO shipment
  (client_id, carrier_id, vehicle_id, driver_id,
   pickup_address, delivery_address,
   cargo_description, cargo_weight,
   planned_pickup_at, planned_delivery_at,
   price, status, created_at, updated_at)
SELECT
  cl.id, cr.id, v.id, dr.id,
  s.pickup_address, s.delivery_address,
  s.cargo_description, s.cargo_weight,
  now() + s.pickup_shift, now() + s.delivery_shift,
  s.price, s.status, now(), now()
FROM (
  VALUES
    
    ('ACME Logistics LLC', 'FastCarrier', 'A111AA77', '77 11 123456', 'Москва, Склад 1',      'Тверь, Магазин 5',      'Паллеты 33Е',       18000.00, interval '1 day', interval '2 days', 120000.00, 'ASSIGNED'),
    ('Globex Import',      'FastCarrier', 'B222BB77', '77 22 234567', 'СПб, Терминал Сев',    'Великий Новгород, ТЦ',  'Стройматериалы',     20000.00, interval '2 days', interval '4 days', 150000.00, 'NEW'),
    ('Soyuz Agro',         'EuroCarrier', 'C333CC98', '98 33 345678', 'Новосибирск, Элеватор','Барнаул, АгроБаза',     'Семена подсолнеч.',   3200.00, interval '12 hours', interval '36 hours',  65000.00, 'IN_TRANSIT')
) AS s(client_name, carrier_name, plate_no, driver_license, pickup_address, delivery_address, cargo_description, cargo_weight, pickup_shift, delivery_shift, price, status)
JOIN client  cl ON cl.name = s.client_name
JOIN carrier cr ON cr.name = s.carrier_name
LEFT JOIN vehicle v ON v.plate_no = s.plate_no
LEFT JOIN driver  dr ON dr.license_number = s.driver_license

ON CONFLICT DO NOTHING;



INSERT INTO shipment_status_history (shipment_id, status, changed_at, changed_by, note)
SELECT s.id, s.status, s.created_at, NULL, 'seed: initial'
FROM shipment s
WHERE NOT EXISTS (
  SELECT 1 FROM shipment_status_history h
  WHERE h.shipment_id = s.id AND h.status = s.status
);


INSERT INTO shipment_status_history (shipment_id, status, changed_at, changed_by, note)
SELECT s.id, 'IN_TRANSIT', now(), NULL, 'seed: moved to transit'
FROM shipment s
WHERE s.status <> 'IN_TRANSIT'
ORDER BY s.id
LIMIT 1
ON CONFLICT DO NOTHING]
	at liquibase.executor.jvm.JdbcExecutor$ExecuteStatementCallback.doInStatement(JdbcExecutor.java:467)
	at liquibase.executor.jvm.JdbcExecutor.execute(JdbcExecutor.java:77)
	at liquibase.executor.jvm.JdbcExecutor.execute(JdbcExecutor.java:180)
	at liquibase.database.AbstractJdbcDatabase.execute(AbstractJdbcDatabase.java:1291)
	at liquibase.database.AbstractJdbcDatabase.executeStatements(AbstractJdbcDatabase.java:1273)
	at liquibase.changelog.ChangeSet.execute(ChangeSet.java:728)
	... 53 common frames omitted
Caused by: org.postgresql.util.PSQLException: ERROR: Cargo weight (20000.00.2f) exceeds vehicle capacity
  Где: PL/pgSQL function trg_validate_shipment_assignment() line 13 at RAISE
	at org.postgresql.core.v3.QueryExecutorImpl.receiveErrorResponse(QueryExecutorImpl.java:2734)
	at org.postgresql.core.v3.QueryExecutorImpl.processResults(QueryExecutorImpl.java:2421)
	at org.postgresql.core.v3.QueryExecutorImpl.execute(QueryExecutorImpl.java:372)
	at org.postgresql.jdbc.PgStatement.executeInternal(PgStatement.java:518)
	at org.postgresql.jdbc.PgStatement.execute(PgStatement.java:435)
	at org.postgresql.jdbc.PgStatement.executeWithFlags(PgStatement.java:357)
	at org.postgresql.jdbc.PgStatement.executeCachedSql(PgStatement.java:342)
	at org.postgresql.jdbc.PgStatement.executeWithFlags(PgStatement.java:318)
	at org.postgresql.jdbc.PgStatement.execute(PgStatement.java:313)
	at com.zaxxer.hikari.pool.ProxyStatement.execute(ProxyStatement.java:95)
	at com.zaxxer.hikari.pool.HikariProxyStatement.execute(HikariProxyStatement.java)
	at liquibase.executor.jvm.JdbcExecutor$ExecuteStatementCallback.doInStatement(JdbcExecutor.java:461)
	... 58 common frames omitted
2025-09-29 17:43:24,358 INFO  Version [Version.java:21] HV000001: Hibernate Validator 8.0.3.Final
2025-09-29 17:43:24,387 INFO  LogisticsApplication [StartupInfoLogger.java:53] Starting LogisticsApplication using Java 17.0.5 with PID 28208 (C:\Users\1\Desktop\LOGISTICS\logistics\target\classes started by 1 in C:\Users\1\Desktop\LOGISTICS\logistics)
2025-09-29 17:43:24,388 INFO  LogisticsApplication [SpringApplication.java:652] No active profile set, falling back to 1 default profile: "default"
2025-09-29 17:43:24,785 INFO  RepositoryConfigurationDelegate [RepositoryConfigurationDelegate.java:145] Bootstrapping Spring Data JPA repositories in DEFAULT mode.
2025-09-29 17:43:24,828 INFO  RepositoryConfigurationDelegate [RepositoryConfigurationDelegate.java:213] Finished Spring Data repository scanning in 37 ms. Found 7 JPA repository interfaces.
2025-09-29 17:43:25,077 INFO  TomcatWebServer [TomcatWebServer.java:111] Tomcat initialized with port 8080 (http)
2025-09-29 17:43:25,084 INFO  Http11NioProtocol [DirectJDKLog.java:168] Initializing ProtocolHandler ["http-nio-8080"]
2025-09-29 17:43:25,085 INFO  StandardService [DirectJDKLog.java:168] Starting service [Tomcat]
2025-09-29 17:43:25,085 INFO  StandardEngine [DirectJDKLog.java:168] Starting Servlet engine: [Apache Tomcat/10.1.46]
2025-09-29 17:43:25,117 INFO  [/] [DirectJDKLog.java:168] Initializing Spring embedded WebApplicationContext
2025-09-29 17:43:25,118 INFO  ServletWebServerApplicationContext [ServletWebServerApplicationContext.java:301] Root WebApplicationContext: initialization completed in 704 ms
2025-09-29 17:43:25,192 INFO  HikariDataSource [HikariDataSource.java:109] HikariPool-1 - Starting...
2025-09-29 17:43:25,289 INFO  HikariPool [HikariPool.java:580] HikariPool-1 - Added connection org.postgresql.jdbc.PgConnection@79ba0a6f
2025-09-29 17:43:25,291 INFO  HikariDataSource [HikariDataSource.java:122] HikariPool-1 - Start completed.
2025-09-29 17:43:25,370 INFO  database [JavaLogger.java:37] Set default schema name to public
2025-09-29 17:43:25,725 INFO  changelog [JavaLogger.java:37] Reading from public.databasechangelog
2025-09-29 17:43:25,798 INFO  lockservice [JavaLogger.java:37] Successfully acquired change log lock
2025-09-29 17:43:25,807 INFO  command [JavaLogger.java:37] Using deploymentId: 9157005807
2025-09-29 17:43:25,809 INFO  changelog [JavaLogger.java:37] Reading from public.databasechangelog
2025-09-29 17:43:25,853 INFO  changelog [JavaLogger.java:37] Custom SQL executed
2025-09-29 17:43:25,856 INFO  changelog [JavaLogger.java:37] ChangeSet db/changelog/060-insert-test-data.yaml::060-seed-core::pogodin ran successfully in 35ms
2025-09-29 17:43:25,864 INFO  util [JavaLogger.java:37] UPDATE SUMMARY
2025-09-29 17:43:25,865 INFO  util [JavaLogger.java:37] Run:                          1
2025-09-29 17:43:25,865 INFO  util [JavaLogger.java:37] Previously run:              21
2025-09-29 17:43:25,865 INFO  util [JavaLogger.java:37] Filtered out:                 0
2025-09-29 17:43:25,865 INFO  util [JavaLogger.java:37] -------------------------------
2025-09-29 17:43:25,865 INFO  util [JavaLogger.java:37] Total change sets:           22

2025-09-29 17:43:25,866 INFO  util [JavaLogger.java:37] Update summary generated
2025-09-29 17:43:25,866 INFO  command [JavaLogger.java:37] Update command completed successfully.
2025-09-29 17:43:25,872 INFO  lockservice [JavaLogger.java:37] Successfully released change log lock
2025-09-29 17:43:25,873 INFO  command [JavaLogger.java:37] Command execution complete
2025-09-29 17:43:25,913 INFO  LogHelper [LogHelper.java:31] HHH000204: Processing PersistenceUnitInfo [name: default]
2025-09-29 17:43:25,941 INFO  Version [Version.java:44] HHH000412: Hibernate ORM core version 6.6.29.Final
2025-09-29 17:43:25,961 INFO  RegionFactoryInitiator [RegionFactoryInitiator.java:50] HHH000026: Second-level cache disabled
2025-09-29 17:43:26,110 INFO  SpringPersistenceUnitInfo [SpringPersistenceUnitInfo.java:87] No LoadTimeWeaver setup: ignoring JPA class transformer
2025-09-29 17:43:26,134 WARN  deprecation [DialectFactoryImpl.java:153] HHH90000025: PostgreSQLDialect does not need to be specified explicitly using 'hibernate.dialect' (remove the property setting and it will be selected by default)
2025-09-29 17:43:26,144 INFO  pooling [JdbcEnvironmentInitiator.java:163] HHH10001005: Database info:
	Database JDBC URL [Connecting through datasource 'HikariDataSource (HikariPool-1)']
	Database driver: undefined/unknown
	Database version: 14.5
	Autocommit mode: undefined/unknown
	Isolation level: undefined/unknown
	Minimum pool size: undefined/unknown
	Maximum pool size: undefined/unknown
2025-09-29 17:43:26,710 INFO  JtaPlatformInitiator [JtaPlatformInitiator.java:59] HHH000489: No JTA platform available (set 'hibernate.transaction.jta.platform' to enable JTA platform integration)
2025-09-29 17:43:26,712 INFO  LocalContainerEntityManagerFactoryBean [AbstractEntityManagerFactoryBean.java:447] Initialized JPA EntityManagerFactory for persistence unit 'default'
2025-09-29 17:43:26,994 INFO  QueryEnhancerFactory [QueryEnhancerFactory.java:49] Hibernate is in classpath; If applicable, HQL parser will be used.
2025-09-29 17:43:27,236 WARN  JpaBaseConfiguration$JpaWebConfiguration [JpaBaseConfiguration.java:258] spring.jpa.open-in-view is enabled by default. Therefore, database queries may be performed during view rendering. Explicitly configure spring.jpa.open-in-view to disable this warning
2025-09-29 17:43:27,451 INFO  Http11NioProtocol [DirectJDKLog.java:168] Starting ProtocolHandler ["http-nio-8080"]
2025-09-29 17:43:27,463 INFO  TomcatWebServer [TomcatWebServer.java:243] Tomcat started on port 8080 (http) with context path '/'
2025-09-29 17:43:27,470 INFO  LogisticsApplication [StartupInfoLogger.java:59] Started LogisticsApplication in 3.304 seconds (process running for 3.721)
2025-09-29 17:46:40,148 INFO  GracefulShutdown [GracefulShutdown.java:54] Commencing graceful shutdown. Waiting for active requests to complete
2025-09-29 17:46:40,176 INFO  GracefulShutdown [GracefulShutdown.java:76] Graceful shutdown complete
2025-09-29 17:46:40,178 INFO  LocalContainerEntityManagerFactoryBean [AbstractEntityManagerFactoryBean.java:660] Closing JPA EntityManagerFactory for persistence unit 'default'
2025-09-29 17:46:40,180 INFO  HikariDataSource [HikariDataSource.java:349] HikariPool-1 - Shutdown initiated...
2025-09-29 17:46:40,182 INFO  HikariDataSource [HikariDataSource.java:351] HikariPool-1 - Shutdown completed.
2025-09-29 17:47:40,833 INFO  Version [Version.java:21] HV000001: Hibernate Validator 8.0.3.Final
2025-09-29 17:47:40,859 INFO  LogisticsApplication [StartupInfoLogger.java:53] Starting LogisticsApplication using Java 17.0.5 with PID 26428 (C:\Users\1\Desktop\LOGISTICS\logistics\target\classes started by 1 in C:\Users\1\Desktop\LOGISTICS\logistics)
2025-09-29 17:47:40,859 INFO  LogisticsApplication [SpringApplication.java:652] No active profile set, falling back to 1 default profile: "default"
2025-09-29 17:47:41,247 INFO  RepositoryConfigurationDelegate [RepositoryConfigurationDelegate.java:145] Bootstrapping Spring Data JPA repositories in DEFAULT mode.
2025-09-29 17:47:41,289 INFO  RepositoryConfigurationDelegate [RepositoryConfigurationDelegate.java:213] Finished Spring Data repository scanning in 36 ms. Found 7 JPA repository interfaces.
2025-09-29 17:47:41,536 INFO  TomcatWebServer [TomcatWebServer.java:111] Tomcat initialized with port 8080 (http)
2025-09-29 17:47:41,542 INFO  Http11NioProtocol [DirectJDKLog.java:168] Initializing ProtocolHandler ["http-nio-8080"]
2025-09-29 17:47:41,543 INFO  StandardService [DirectJDKLog.java:168] Starting service [Tomcat]
2025-09-29 17:47:41,543 INFO  StandardEngine [DirectJDKLog.java:168] Starting Servlet engine: [Apache Tomcat/10.1.46]
2025-09-29 17:47:41,575 INFO  [/] [DirectJDKLog.java:168] Initializing Spring embedded WebApplicationContext
2025-09-29 17:47:41,576 INFO  ServletWebServerApplicationContext [ServletWebServerApplicationContext.java:301] Root WebApplicationContext: initialization completed in 692 ms
2025-09-29 17:47:41,647 INFO  HikariDataSource [HikariDataSource.java:109] HikariPool-1 - Starting...
2025-09-29 17:47:41,738 INFO  HikariPool [HikariPool.java:580] HikariPool-1 - Added connection org.postgresql.jdbc.PgConnection@22d8f4ed
2025-09-29 17:47:41,739 INFO  HikariDataSource [HikariDataSource.java:122] HikariPool-1 - Start completed.
2025-09-29 17:47:41,814 INFO  database [JavaLogger.java:37] Set default schema name to public
2025-09-29 17:47:42,155 INFO  changelog [JavaLogger.java:37] Creating database history table with name: public.databasechangelog
2025-09-29 17:47:42,179 INFO  changelog [JavaLogger.java:37] Reading from public.databasechangelog
2025-09-29 17:47:42,258 INFO  lockservice [JavaLogger.java:37] Successfully acquired change log lock
2025-09-29 17:47:42,274 INFO  command [JavaLogger.java:37] Using deploymentId: 9157262274
2025-09-29 17:47:42,275 INFO  changelog [JavaLogger.java:37] Reading from public.databasechangelog
2025-09-29 17:47:42,322 INFO  changelog [JavaLogger.java:37] Table client created
2025-09-29 17:47:42,325 INFO  changelog [JavaLogger.java:37] ChangeSet db/changelog/010-tables.yaml::010-client::pogodin ran successfully in 18ms
2025-09-29 17:47:42,343 INFO  changelog [JavaLogger.java:37] Table carrier created
2025-09-29 17:47:42,346 INFO  changelog [JavaLogger.java:37] ChangeSet db/changelog/010-tables.yaml::011-carrier::pogodin ran successfully in 15ms
2025-09-29 17:47:42,369 INFO  changelog [JavaLogger.java:37] Table driver created
2025-09-29 17:47:42,371 INFO  changelog [JavaLogger.java:37] ChangeSet db/changelog/010-tables.yaml::012-driver::pogodin ran successfully in 21ms
2025-09-29 17:47:42,393 INFO  changelog [JavaLogger.java:37] Table vehicle created
2025-09-29 17:47:42,399 INFO  changelog [JavaLogger.java:37] Custom SQL executed
2025-09-29 17:47:42,402 INFO  changelog [JavaLogger.java:37] ChangeSet db/changelog/010-tables.yaml::013-vehicle::pogodin ran successfully in 25ms
2025-09-29 17:47:42,420 INFO  changelog [JavaLogger.java:37] Table app_user created
2025-09-29 17:47:42,422 INFO  changelog [JavaLogger.java:37] ChangeSet db/changelog/010-tables.yaml::014-app_user::pogodin ran successfully in 15ms
2025-09-29 17:47:42,439 INFO  changelog [JavaLogger.java:37] Table shipment created
2025-09-29 17:47:42,442 INFO  changelog [JavaLogger.java:37] Custom SQL executed
2025-09-29 17:47:42,445 INFO  changelog [JavaLogger.java:37] ChangeSet db/changelog/010-tables.yaml::015-shipment::pogodin ran successfully in 17ms
2025-09-29 17:47:42,459 INFO  changelog [JavaLogger.java:37] Table shipment_status_history created
2025-09-29 17:47:42,462 INFO  changelog [JavaLogger.java:37] ChangeSet db/changelog/010-tables.yaml::016-shipment-status-history::pogodin ran successfully in 12ms
2025-09-29 17:47:42,473 INFO  changelog [JavaLogger.java:37] Index idx_shipment_client created
2025-09-29 17:47:42,477 INFO  changelog [JavaLogger.java:37] Index idx_shipment_carrier created
2025-09-29 17:47:42,482 INFO  changelog [JavaLogger.java:37] Index idx_shipment_status created
2025-09-29 17:47:42,485 INFO  changelog [JavaLogger.java:37] Index idx_hist_shipment_changed_at_desc created
2025-09-29 17:47:42,487 INFO  changelog [JavaLogger.java:37] ChangeSet db/changelog/020-indexes.yaml::020-indexes::pogodin ran successfully in 19ms
2025-09-29 17:47:42,495 INFO  changelog [JavaLogger.java:37] Custom SQL executed
2025-09-29 17:47:42,497 INFO  changelog [JavaLogger.java:37] ChangeSet db/changelog/030-triggers.yaml::030-func-set-updated-at::pogodin ran successfully in 6ms
2025-09-29 17:47:42,504 WARN  executor [JavaLogger.java:37] trigger "set_updated_at" for relation "shipment" does not exist, skipping
2025-09-29 17:47:42,505 INFO  changelog [JavaLogger.java:37] Custom SQL executed
2025-09-29 17:47:42,507 INFO  changelog [JavaLogger.java:37] ChangeSet db/changelog/030-triggers.yaml::031-trigger-set-updated-at::pogodin ran successfully in 6ms
2025-09-29 17:47:42,516 INFO  changelog [JavaLogger.java:37] Custom SQL executed
2025-09-29 17:47:42,519 INFO  changelog [JavaLogger.java:37] ChangeSet db/changelog/030-triggers.yaml::032-func-validate-shipment::pogodin ran successfully in 8ms
2025-09-29 17:47:42,525 WARN  executor [JavaLogger.java:37] trigger "validate_shipment_assignment_ins" for relation "shipment" does not exist, skipping
2025-09-29 17:47:42,526 WARN  executor [JavaLogger.java:37] trigger "validate_shipment_assignment_upd" for relation "shipment" does not exist, skipping
2025-09-29 17:47:42,528 INFO  changelog [JavaLogger.java:37] Custom SQL executed
2025-09-29 17:47:42,529 INFO  changelog [JavaLogger.java:37] ChangeSet db/changelog/030-triggers.yaml::033-triggers-validate-shipment::pogodin ran successfully in 7ms
2025-09-29 17:47:42,536 INFO  changelog [JavaLogger.java:37] Custom SQL executed
2025-09-29 17:47:42,538 INFO  changelog [JavaLogger.java:37] ChangeSet db/changelog/030-triggers.yaml::034-func-log-status-change::pogodin ran successfully in 5ms
2025-09-29 17:47:42,544 WARN  executor [JavaLogger.java:37] trigger "log_status_change_ins" for relation "shipment" does not exist, skipping
2025-09-29 17:47:42,545 WARN  executor [JavaLogger.java:37] trigger "log_status_change_upd" for relation "shipment" does not exist, skipping
2025-09-29 17:47:42,547 INFO  changelog [JavaLogger.java:37] Custom SQL executed
2025-09-29 17:47:42,549 INFO  changelog [JavaLogger.java:37] ChangeSet db/changelog/030-triggers.yaml::035-triggers-log-status-change::pogodin ran successfully in 7ms
2025-09-29 17:47:42,556 INFO  changelog [JavaLogger.java:37] Custom SQL executed
2025-09-29 17:47:42,558 INFO  changelog [JavaLogger.java:37] ChangeSet db/changelog/040-procedures.yaml::proc_get_shipments_by_client::pogodin ran successfully in 5ms
2025-09-29 17:47:42,565 INFO  changelog [JavaLogger.java:37] Custom SQL executed
2025-09-29 17:47:42,567 INFO  changelog [JavaLogger.java:37] ChangeSet db/changelog/040-procedures.yaml::proc_update_vehicle_status::pogodin ran successfully in 5ms
2025-09-29 17:47:42,573 INFO  changelog [JavaLogger.java:37] Custom SQL executed
2025-09-29 17:47:42,576 INFO  changelog [JavaLogger.java:37] ChangeSet db/changelog/040-procedures.yaml::proc_delete_client::pogodin ran successfully in 5ms
2025-09-29 17:47:42,585 INFO  changelog [JavaLogger.java:37] Custom SQL executed
2025-09-29 17:47:42,587 INFO  changelog [JavaLogger.java:37] ChangeSet db/changelog/050-views.yaml::050-v-shipment-overview::pogodin ran successfully in 7ms
2025-09-29 17:47:42,594 INFO  changelog [JavaLogger.java:37] Custom SQL executed
2025-09-29 17:47:42,596 INFO  changelog [JavaLogger.java:37] ChangeSet db/changelog/050-views.yaml::051-v-shipment-last-status::pogodin ran successfully in 5ms
2025-09-29 17:47:42,603 INFO  changelog [JavaLogger.java:37] Custom SQL executed
2025-09-29 17:47:42,607 INFO  changelog [JavaLogger.java:37] ChangeSet db/changelog/050-views.yaml::052-v-carrier-summary::pogodin ran successfully in 7ms
2025-09-29 17:47:42,615 INFO  changelog [JavaLogger.java:37] Custom SQL executed
2025-09-29 17:47:42,618 INFO  changelog [JavaLogger.java:37] ChangeSet db/changelog/050-views.yaml::053-v-client-stats::pogodin ran successfully in 7ms
2025-09-29 17:47:42,640 INFO  changelog [JavaLogger.java:37] Custom SQL executed
2025-09-29 17:47:42,643 INFO  changelog [JavaLogger.java:37] ChangeSet db/changelog/060-insert-test-data.yaml::060-seed-core::pogodin ran successfully in 21ms
2025-09-29 17:47:42,648 INFO  util [JavaLogger.java:37] UPDATE SUMMARY
2025-09-29 17:47:42,648 INFO  util [JavaLogger.java:37] Run:                         22
2025-09-29 17:47:42,648 INFO  util [JavaLogger.java:37] Previously run:               0
2025-09-29 17:47:42,648 INFO  util [JavaLogger.java:37] Filtered out:                 0
2025-09-29 17:47:42,648 INFO  util [JavaLogger.java:37] -------------------------------
2025-09-29 17:47:42,648 INFO  util [JavaLogger.java:37] Total change sets:           22

2025-09-29 17:47:42,649 INFO  util [JavaLogger.java:37] Update summary generated
2025-09-29 17:47:42,650 INFO  command [JavaLogger.java:37] Update command completed successfully.
2025-09-29 17:47:42,654 INFO  lockservice [JavaLogger.java:37] Successfully released change log lock
2025-09-29 17:47:42,655 INFO  command [JavaLogger.java:37] Command execution complete
2025-09-29 17:47:42,698 INFO  LogHelper [LogHelper.java:31] HHH000204: Processing PersistenceUnitInfo [name: default]
2025-09-29 17:47:42,724 INFO  Version [Version.java:44] HHH000412: Hibernate ORM core version 6.6.29.Final
2025-09-29 17:47:42,744 INFO  RegionFactoryInitiator [RegionFactoryInitiator.java:50] HHH000026: Second-level cache disabled
2025-09-29 17:47:42,885 INFO  SpringPersistenceUnitInfo [SpringPersistenceUnitInfo.java:87] No LoadTimeWeaver setup: ignoring JPA class transformer
2025-09-29 17:47:42,909 WARN  deprecation [DialectFactoryImpl.java:153] HHH90000025: PostgreSQLDialect does not need to be specified explicitly using 'hibernate.dialect' (remove the property setting and it will be selected by default)
2025-09-29 17:47:42,920 INFO  pooling [JdbcEnvironmentInitiator.java:163] HHH10001005: Database info:
	Database JDBC URL [Connecting through datasource 'HikariDataSource (HikariPool-1)']
	Database driver: undefined/unknown
	Database version: 14.5
	Autocommit mode: undefined/unknown
	Isolation level: undefined/unknown
	Minimum pool size: undefined/unknown
	Maximum pool size: undefined/unknown
2025-09-29 17:47:43,479 INFO  JtaPlatformInitiator [JtaPlatformInitiator.java:59] HHH000489: No JTA platform available (set 'hibernate.transaction.jta.platform' to enable JTA platform integration)
2025-09-29 17:47:43,482 INFO  LocalContainerEntityManagerFactoryBean [AbstractEntityManagerFactoryBean.java:447] Initialized JPA EntityManagerFactory for persistence unit 'default'
2025-09-29 17:47:43,761 INFO  QueryEnhancerFactory [QueryEnhancerFactory.java:49] Hibernate is in classpath; If applicable, HQL parser will be used.
2025-09-29 17:47:44,014 WARN  JpaBaseConfiguration$JpaWebConfiguration [JpaBaseConfiguration.java:258] spring.jpa.open-in-view is enabled by default. Therefore, database queries may be performed during view rendering. Explicitly configure spring.jpa.open-in-view to disable this warning
2025-09-29 17:47:44,229 INFO  Http11NioProtocol [DirectJDKLog.java:168] Starting ProtocolHandler ["http-nio-8080"]
2025-09-29 17:47:44,240 INFO  TomcatWebServer [TomcatWebServer.java:243] Tomcat started on port 8080 (http) with context path '/'
2025-09-29 17:47:44,247 INFO  LogisticsApplication [StartupInfoLogger.java:59] Started LogisticsApplication in 3.613 seconds (process running for 4.017)
2025-09-29 17:49:59,973 INFO  GracefulShutdown [GracefulShutdown.java:54] Commencing graceful shutdown. Waiting for active requests to complete
2025-09-29 17:50:00,001 INFO  GracefulShutdown [GracefulShutdown.java:76] Graceful shutdown complete
2025-09-29 17:50:00,004 INFO  LocalContainerEntityManagerFactoryBean [AbstractEntityManagerFactoryBean.java:660] Closing JPA EntityManagerFactory for persistence unit 'default'
2025-09-29 17:50:00,005 INFO  HikariDataSource [HikariDataSource.java:349] HikariPool-1 - Shutdown initiated...
2025-09-29 17:50:00,007 INFO  HikariDataSource [HikariDataSource.java:351] HikariPool-1 - Shutdown completed.
2025-09-29 17:50:04,136 INFO  Version [Version.java:21] HV000001: Hibernate Validator 8.0.3.Final
2025-09-29 17:50:04,163 INFO  LogisticsApplication [StartupInfoLogger.java:53] Starting LogisticsApplication using Java 17.0.5 with PID 28752 (C:\Users\1\Desktop\LOGISTICS\logistics\target\classes started by 1 in C:\Users\1\Desktop\LOGISTICS\logistics)
2025-09-29 17:50:04,164 INFO  LogisticsApplication [SpringApplication.java:652] No active profile set, falling back to 1 default profile: "default"
2025-09-29 17:50:04,557 INFO  RepositoryConfigurationDelegate [RepositoryConfigurationDelegate.java:145] Bootstrapping Spring Data JPA repositories in DEFAULT mode.
2025-09-29 17:50:04,601 INFO  RepositoryConfigurationDelegate [RepositoryConfigurationDelegate.java:213] Finished Spring Data repository scanning in 38 ms. Found 7 JPA repository interfaces.
2025-09-29 17:50:04,849 INFO  TomcatWebServer [TomcatWebServer.java:111] Tomcat initialized with port 8080 (http)
2025-09-29 17:50:04,856 INFO  Http11NioProtocol [DirectJDKLog.java:168] Initializing ProtocolHandler ["http-nio-8080"]
2025-09-29 17:50:04,857 INFO  StandardService [DirectJDKLog.java:168] Starting service [Tomcat]
2025-09-29 17:50:04,857 INFO  StandardEngine [DirectJDKLog.java:168] Starting Servlet engine: [Apache Tomcat/10.1.46]
2025-09-29 17:50:04,889 INFO  [/] [DirectJDKLog.java:168] Initializing Spring embedded WebApplicationContext
2025-09-29 17:50:04,889 INFO  ServletWebServerApplicationContext [ServletWebServerApplicationContext.java:301] Root WebApplicationContext: initialization completed in 700 ms
2025-09-29 17:50:04,961 INFO  HikariDataSource [HikariDataSource.java:109] HikariPool-1 - Starting...
2025-09-29 17:50:05,052 INFO  HikariPool [HikariPool.java:580] HikariPool-1 - Added connection org.postgresql.jdbc.PgConnection@383cb5ce
2025-09-29 17:50:05,053 INFO  HikariDataSource [HikariDataSource.java:122] HikariPool-1 - Start completed.
2025-09-29 17:50:05,130 INFO  database [JavaLogger.java:37] Set default schema name to public
2025-09-29 17:50:05,484 INFO  changelog [JavaLogger.java:37] Creating database history table with name: public.databasechangelog
2025-09-29 17:50:05,510 INFO  changelog [JavaLogger.java:37] Reading from public.databasechangelog
2025-09-29 17:50:05,593 INFO  lockservice [JavaLogger.java:37] Successfully acquired change log lock
2025-09-29 17:50:05,609 INFO  command [JavaLogger.java:37] Using deploymentId: 9157405609
2025-09-29 17:50:05,611 INFO  changelog [JavaLogger.java:37] Reading from public.databasechangelog
2025-09-29 17:50:05,657 INFO  changelog [JavaLogger.java:37] Table client created
2025-09-29 17:50:05,659 INFO  changelog [JavaLogger.java:37] ChangeSet db/changelog/010-tables.yaml::010-client::pogodin ran successfully in 18ms
2025-09-29 17:50:05,677 INFO  changelog [JavaLogger.java:37] Table carrier created
2025-09-29 17:50:05,680 INFO  changelog [JavaLogger.java:37] ChangeSet db/changelog/010-tables.yaml::011-carrier::pogodin ran successfully in 14ms
2025-09-29 17:50:05,698 INFO  changelog [JavaLogger.java:37] Table driver created
2025-09-29 17:50:05,700 INFO  changelog [JavaLogger.java:37] ChangeSet db/changelog/010-tables.yaml::012-driver::pogodin ran successfully in 16ms
2025-09-29 17:50:05,720 INFO  changelog [JavaLogger.java:37] Table vehicle created
2025-09-29 17:50:05,726 INFO  changelog [JavaLogger.java:37] Custom SQL executed
2025-09-29 17:50:05,729 INFO  changelog [JavaLogger.java:37] ChangeSet db/changelog/010-tables.yaml::013-vehicle::pogodin ran successfully in 25ms
2025-09-29 17:50:05,748 INFO  changelog [JavaLogger.java:37] Table app_user created
2025-09-29 17:50:05,751 INFO  changelog [JavaLogger.java:37] ChangeSet db/changelog/010-tables.yaml::014-app_user::pogodin ran successfully in 16ms
2025-09-29 17:50:05,766 INFO  changelog [JavaLogger.java:37] Table shipment created
2025-09-29 17:50:05,768 INFO  changelog [JavaLogger.java:37] Custom SQL executed
2025-09-29 17:50:05,772 INFO  changelog [JavaLogger.java:37] ChangeSet db/changelog/010-tables.yaml::015-shipment::pogodin ran successfully in 16ms
2025-09-29 17:50:05,787 INFO  changelog [JavaLogger.java:37] Table shipment_status_history created
2025-09-29 17:50:05,789 INFO  changelog [JavaLogger.java:37] ChangeSet db/changelog/010-tables.yaml::016-shipment-status-history::pogodin ran successfully in 12ms
2025-09-29 17:50:05,800 INFO  changelog [JavaLogger.java:37] Index idx_shipment_client created
2025-09-29 17:50:05,805 INFO  changelog [JavaLogger.java:37] Index idx_shipment_carrier created
2025-09-29 17:50:05,815 INFO  changelog [JavaLogger.java:37] Index idx_shipment_status created
2025-09-29 17:50:05,820 INFO  changelog [JavaLogger.java:37] Index idx_hist_shipment_changed_at_desc created
2025-09-29 17:50:05,821 INFO  changelog [JavaLogger.java:37] ChangeSet db/changelog/020-indexes.yaml::020-indexes::pogodin ran successfully in 26ms
2025-09-29 17:50:05,829 INFO  changelog [JavaLogger.java:37] Custom SQL executed
2025-09-29 17:50:05,831 INFO  changelog [JavaLogger.java:37] ChangeSet db/changelog/030-triggers.yaml::030-func-set-updated-at::pogodin ran successfully in 6ms
2025-09-29 17:50:05,838 WARN  executor [JavaLogger.java:37] trigger "set_updated_at" for relation "shipment" does not exist, skipping
2025-09-29 17:50:05,839 INFO  changelog [JavaLogger.java:37] Custom SQL executed
2025-09-29 17:50:05,841 INFO  changelog [JavaLogger.java:37] ChangeSet db/changelog/030-triggers.yaml::031-trigger-set-updated-at::pogodin ran successfully in 6ms
2025-09-29 17:50:05,850 INFO  changelog [JavaLogger.java:37] Custom SQL executed
2025-09-29 17:50:05,852 INFO  changelog [JavaLogger.java:37] ChangeSet db/changelog/030-triggers.yaml::032-func-validate-shipment::pogodin ran successfully in 8ms
2025-09-29 17:50:05,858 WARN  executor [JavaLogger.java:37] trigger "validate_shipment_assignment_ins" for relation "shipment" does not exist, skipping
2025-09-29 17:50:05,859 WARN  executor [JavaLogger.java:37] trigger "validate_shipment_assignment_upd" for relation "shipment" does not exist, skipping
2025-09-29 17:50:05,861 INFO  changelog [JavaLogger.java:37] Custom SQL executed
2025-09-29 17:50:05,863 INFO  changelog [JavaLogger.java:37] ChangeSet db/changelog/030-triggers.yaml::033-triggers-validate-shipment::pogodin ran successfully in 7ms
2025-09-29 17:50:05,869 INFO  changelog [JavaLogger.java:37] Custom SQL executed
2025-09-29 17:50:05,871 INFO  changelog [JavaLogger.java:37] ChangeSet db/changelog/030-triggers.yaml::034-func-log-status-change::pogodin ran successfully in 4ms
2025-09-29 17:50:05,877 WARN  executor [JavaLogger.java:37] trigger "log_status_change_ins" for relation "shipment" does not exist, skipping
2025-09-29 17:50:05,878 WARN  executor [JavaLogger.java:37] trigger "log_status_change_upd" for relation "shipment" does not exist, skipping
2025-09-29 17:50:05,880 INFO  changelog [JavaLogger.java:37] Custom SQL executed
2025-09-29 17:50:05,882 INFO  changelog [JavaLogger.java:37] ChangeSet db/changelog/030-triggers.yaml::035-triggers-log-status-change::pogodin ran successfully in 8ms
2025-09-29 17:50:05,888 INFO  changelog [JavaLogger.java:37] Custom SQL executed
2025-09-29 17:50:05,890 INFO  changelog [JavaLogger.java:37] ChangeSet db/changelog/040-procedures.yaml::proc_get_shipments_by_client::pogodin ran successfully in 5ms
2025-09-29 17:50:05,896 INFO  changelog [JavaLogger.java:37] Custom SQL executed
2025-09-29 17:50:05,899 INFO  changelog [JavaLogger.java:37] ChangeSet db/changelog/040-procedures.yaml::proc_update_vehicle_status::pogodin ran successfully in 5ms
2025-09-29 17:50:05,905 INFO  changelog [JavaLogger.java:37] Custom SQL executed
2025-09-29 17:50:05,907 INFO  changelog [JavaLogger.java:37] ChangeSet db/changelog/040-procedures.yaml::proc_delete_client::pogodin ran successfully in 4ms
2025-09-29 17:50:05,917 INFO  changelog [JavaLogger.java:37] Custom SQL executed
2025-09-29 17:50:05,919 INFO  changelog [JavaLogger.java:37] ChangeSet db/changelog/050-views.yaml::050-v-shipment-overview::pogodin ran successfully in 7ms
2025-09-29 17:50:05,926 INFO  changelog [JavaLogger.java:37] Custom SQL executed
2025-09-29 17:50:05,928 INFO  changelog [JavaLogger.java:37] ChangeSet db/changelog/050-views.yaml::051-v-shipment-last-status::pogodin ran successfully in 5ms
2025-09-29 17:50:05,936 INFO  changelog [JavaLogger.java:37] Custom SQL executed
2025-09-29 17:50:05,939 INFO  changelog [JavaLogger.java:37] ChangeSet db/changelog/050-views.yaml::052-v-carrier-summary::pogodin ran successfully in 6ms
2025-09-29 17:50:05,948 INFO  changelog [JavaLogger.java:37] Custom SQL executed
2025-09-29 17:50:05,950 INFO  changelog [JavaLogger.java:37] ChangeSet db/changelog/050-views.yaml::053-v-client-stats::pogodin ran successfully in 6ms
2025-09-29 17:50:05,969 ERROR changelog [JavaLogger.java:37] ChangeSet db/changelog/060-insert-test-data.yaml::060-seed-core::pogodin encountered an exception.
2025-09-29 17:50:05,972 INFO  command [JavaLogger.java:37] Update command encountered an exception.
2025-09-29 17:50:05,977 INFO  lockservice [JavaLogger.java:37] Successfully released change log lock
2025-09-29 17:50:05,979 INFO  command [JavaLogger.java:37] Command execution complete
2025-09-29 17:50:05,981 WARN  AnnotationConfigServletWebServerApplicationContext [AbstractApplicationContext.java:635] Exception encountered during context initialization - cancelling refresh attempt: org.springframework.beans.factory.BeanCreationException: Error creating bean with name 'entityManagerFactory' defined in class path resource [org/springframework/boot/autoconfigure/orm/jpa/HibernateJpaConfiguration.class]: Failed to initialize dependency 'liquibase' of LoadTimeWeaverAware bean 'entityManagerFactory': Error creating bean with name 'liquibase' defined in class path resource [org/springframework/boot/autoconfigure/liquibase/LiquibaseAutoConfiguration$LiquibaseConfiguration.class]: liquibase.exception.LiquibaseException: liquibase.exception.MigrationFailedException: Migration failed for changeset db/changelog/060-insert-test-data.yaml::060-seed-core::pogodin:
     Reason: liquibase.exception.DatabaseException: ERROR: duplicate key value violates unique constraint "vehicle_vin_key"
  Подробности: Key (vin)=(VF1ABCD1234567890) already exists. [Failed SQL: (0) INSERT INTO client (name, inn, kpp, phone, email, address, created_at)
VALUES
  ('ACME Logistics LLC', '770123456789', '770101001', '+7 (495) 111-22-33', 'ops@acme.example', 'Москва, ул. Примерная, 1', now()),
  ('Globex Import',       '780987654321', '780901001', '+7 (812) 222-33-44', 'contact@globex.example', 'Санкт-Петербург, Невский 10', now()),
  ('ARM_Cortex',       '964452667400', '693783635', '+7 (812) 222-33-43', 'armcont@globex.com', 'Омск, Ленина 12', now()),
  ('Groza Holding',       '390115923547', '640511284', '+7 (812) 222-33-22', 'groza@globex.example', 'Москва, Петрова 4', now()),
  ('AliMoll',       '804202671674', '722366640', '+7 (812) 222-33-67', 'alimoll@globex.example', 'Курск, Солнечная 99', now()),
  ('Soyuz Agro',          '540555444333', '540501001', '+7 (383) 333-44-55', 'log@soyuz.example',      'Новосибирск, Лесная 7', now())
ON CONFLICT (name) DO NOTHING;


INSERT INTO carrier (name, inn, phone, email, created_at)
VALUES
  ('FastCarrier', '500100200300', '+7 (495) 700-00-01', 'desk@fastcarrier.example', now()),
  ('Radeport', '5605190356', '+7 (495) 700-00-22', 'redepo@fastcarrier.example', now()),
  ('Сорти', '990219866385', '+7 (495) 700-00-33', 'corty@fastcarrier.example', now()),
  ('Рогачев', '757851974974', '+7 (495) 700-00-44', 'rogach@fastcarrier.example', now()),
  ('ИП Печенька', '6980951490', '+7 (495) 700-00-55', 'pe4enka@fastcarrier.example', now()),
  ('GeForce', '6359274998', '+7 (495) 700-00-66', 'geforce@fastcarrier.example', now()),
  ('EuroCarrier', '326161767987', '+7 (812) 800-00-02', 'info@eurocarrier.example', now())
ON CONFLICT (name) DO NOTHING;



INSERT INTO app_user (username, pass_hash, role, active, created_at)
VALUES
  ('admin',   '{bcrypt}$2a$10$Yb5kG8x1vZcUo1mE3bVh1eS1Yx9oZlXbHk0TnQ9xE1f9qk4P8YQSO', 'ADMIN',   true, now()),
  ('manager', '{bcrypt}$2a$10$Yb5kG8x1vZcUo1mE3bVh1eS1Yx9oZlXbHk0TnQ9xE1f9qk4P8YQSO', 'MANAGER', true, now()),
  ('viewer',  '{bcrypt}$2a$10$Yb5kG8x1vZcUo1mE3bVh1eS1Yx9oZlXbHk0TnQ9xE1f9qk4P8YQSO', 'VIEWER',  true, now())
ON CONFLICT (username) DO NOTHING;


INSERT INTO vehicle (carrier_id, plate_no, vin, make, model, year, capacity_kg, type, active, created_at)
SELECT c.id, v.plate_no, v.vin, v.make, v.model, v.year, v.capacity_kg, v.type, v.active, now()
FROM (
  VALUES
    ('FastCarrier', 'A111AA77', 'VF1ABCD1234567890', 'Volvo',   'FH',   2018, 20000.00, 'TRUCK', true),
    ('Рогачев', 'A222AA31', 'VF1ABCD1234561111', 'BMW',   'FH',   2018, 20000.00, 'TRUCK', true),
    ('ИП Печенька', 'A333AA77', 'VF1ABCD1234567333', 'Kamaz',   'FH',   2021, 20000.00, 'TRUCK', true),
    ('ИП Печенька', 'А444AA77', 'VF1ABCD1234564444', 'Van',   'FH',   2011, 22000.00, 'TRUCK', true),
    ('Рогачев', 'A555AA77', 'VF1ABCD1234567890', 'Gazel',   'FH',   2020, 5000.00, 'TRUCK', true),
    ('Сорти', 'A111AA98', 'VF1ABCD1234567770', 'Volvo',   'FH',   2019, 23000.00, 'TRUCK', true),
    ('FastCarrier', 'B222BB77', 'WDBXYZ98765432100', 'Mercedes','Actros',2022, 35000.00, 'TRUCK', true),
    ('EuroCarrier', 'C333CC98', 'XTA21099012345678', 'GAZ',     'Next', 2023,  3500.00, 'VAN',   true)
) AS v(carrier_name, plate_no, vin, make, model, year, capacity_kg, type, active)
JOIN carrier c ON c.name = v.carrier_name
ON CONFLICT (plate_no) DO NOTHING;


INSERT INTO driver (carrier_id, full_name, license_number, license_valid_until, phone, active, created_at)
SELECT c.id, d.full_name, d.license_number, d.license_valid_until, d.phone, d.active, now()
FROM (
  VALUES
    ('FastCarrier', 'Иванов Иван Иванович',   '77 11 123456', date '2027-12-31', '+7 (900) 111-11-11', true),
    ('ИП Печенька', 'Печеньков Печенька Печеньевич',   '73 71 123456', date '2027-12-23', '+7 (900) 111-11-22', true),
    ('ИП Печенька', 'Пирогов Петр Иванович',   '74 77 123456', date '2027-11-21', '+7 (900) 111-11-33', true),
    ('Сорти', 'Душин Сергей Иванович',   '75 87 123456', date '2027-12-12', '+7 (900) 111-11-44', true),
    ('Рогачев', 'Сладев Данила Яковлевич',   '76 57 123456', date '2027-12-14', '+7 (900) 111-11-55', true),
    ('FastCarrier', 'Быстров Лев Алексеевич',   '77 24 234567', date '2026-06-30', '+7 (900) 222-22-22', true),
    ('EuroCarrier', 'Сидоров Сергей Сергеевич','98 33 345678', date '2028-03-31', '+7 (900) 333-33-33', true)
) AS d(carrier_name, full_name, license_number, license_valid_until, phone, active)
JOIN carrier c ON c.name = d.carrier_name
ON CONFLICT (license_number) DO NOTHING;



INSERT INTO shipment
  (client_id, carrier_id, vehicle_id, driver_id,
   pickup_address, delivery_address,
   cargo_description, cargo_weight,
   planned_pickup_at, planned_delivery_at,
   price, status, created_at, updated_at)
SELECT
  cl.id, cr.id, v.id, dr.id,
  s.pickup_address, s.delivery_address,
  s.cargo_description, s.cargo_weight,
  now() + s.pickup_shift, now() + s.delivery_shift,
  s.price, s.status, now(), now()
FROM (
  VALUES
    
    ('ACME Logistics LLC', 'FastCarrier', 'A111AA77', '77 11 123456', 'Москва, Склад 1',      'Тверь, Магазин 5',      'Паллеты 33Е',       18000.00, interval '1 day', interval '2 days', 120000.00, 'ASSIGNED'),
    ('Globex Import',      'FastCarrier', 'B222BB77', '77 22 234567', 'СПб, Терминал Сев',    'Великий Новгород, ТЦ',  'Стройматериалы',     20000.00, interval '2 days', interval '4 days', 150000.00, 'NEW'),
    ('Soyuz Agro',         'EuroCarrier', 'C333CC98', '98 33 345678', 'Новосибирск, Элеватор','Барнаул, АгроБаза',     'Семена подсолнеч.',   3200.00, interval '12 hours', interval '36 hours',  65000.00, 'IN_TRANSIT')
) AS s(client_name, carrier_name, plate_no, driver_license, pickup_address, delivery_address, cargo_description, cargo_weight, pickup_shift, delivery_shift, price, status)
JOIN client  cl ON cl.name = s.client_name
JOIN carrier cr ON cr.name = s.carrier_name
LEFT JOIN vehicle v ON v.plate_no = s.plate_no
LEFT JOIN driver  dr ON dr.license_number = s.driver_license

ON CONFLICT DO NOTHING;



INSERT INTO shipment_status_history (shipment_id, status, changed_at, changed_by, note)
SELECT s.id, s.status, s.created_at, NULL, 'seed: initial'
FROM shipment s
WHERE NOT EXISTS (
  SELECT 1 FROM shipment_status_history h
  WHERE h.shipment_id = s.id AND h.status = s.status
);


INSERT INTO shipment_status_history (shipment_id, status, changed_at, changed_by, note)
SELECT s.id, 'IN_TRANSIT', now(), NULL, 'seed: moved to transit'
FROM shipment s
WHERE s.status <> 'IN_TRANSIT'
ORDER BY s.id
LIMIT 1
ON CONFLICT DO NOTHING]
2025-09-29 17:50:05,981 INFO  HikariDataSource [HikariDataSource.java:349] HikariPool-1 - Shutdown initiated...
2025-09-29 17:50:05,984 INFO  HikariDataSource [HikariDataSource.java:351] HikariPool-1 - Shutdown completed.
2025-09-29 17:50:05,987 INFO  StandardService [DirectJDKLog.java:168] Stopping service [Tomcat]
2025-09-29 17:50:05,995 INFO  ConditionEvaluationReportLogger [ConditionEvaluationReportLogger.java:82] 

Error starting ApplicationContext. To display the condition evaluation report re-run your application with 'debug' enabled.
2025-09-29 17:50:06,012 ERROR SpringApplication [SpringApplication.java:857] Application run failed
org.springframework.beans.factory.BeanCreationException: Error creating bean with name 'entityManagerFactory' defined in class path resource [org/springframework/boot/autoconfigure/orm/jpa/HibernateJpaConfiguration.class]: Failed to initialize dependency 'liquibase' of LoadTimeWeaverAware bean 'entityManagerFactory': Error creating bean with name 'liquibase' defined in class path resource [org/springframework/boot/autoconfigure/liquibase/LiquibaseAutoConfiguration$LiquibaseConfiguration.class]: liquibase.exception.LiquibaseException: liquibase.exception.MigrationFailedException: Migration failed for changeset db/changelog/060-insert-test-data.yaml::060-seed-core::pogodin:
     Reason: liquibase.exception.DatabaseException: ERROR: duplicate key value violates unique constraint "vehicle_vin_key"
  Подробности: Key (vin)=(VF1ABCD1234567890) already exists. [Failed SQL: (0) INSERT INTO client (name, inn, kpp, phone, email, address, created_at)
VALUES
  ('ACME Logistics LLC', '770123456789', '770101001', '+7 (495) 111-22-33', 'ops@acme.example', 'Москва, ул. Примерная, 1', now()),
  ('Globex Import',       '780987654321', '780901001', '+7 (812) 222-33-44', 'contact@globex.example', 'Санкт-Петербург, Невский 10', now()),
  ('ARM_Cortex',       '964452667400', '693783635', '+7 (812) 222-33-43', 'armcont@globex.com', 'Омск, Ленина 12', now()),
  ('Groza Holding',       '390115923547', '640511284', '+7 (812) 222-33-22', 'groza@globex.example', 'Москва, Петрова 4', now()),
  ('AliMoll',       '804202671674', '722366640', '+7 (812) 222-33-67', 'alimoll@globex.example', 'Курск, Солнечная 99', now()),
  ('Soyuz Agro',          '540555444333', '540501001', '+7 (383) 333-44-55', 'log@soyuz.example',      'Новосибирск, Лесная 7', now())
ON CONFLICT (name) DO NOTHING;


INSERT INTO carrier (name, inn, phone, email, created_at)
VALUES
  ('FastCarrier', '500100200300', '+7 (495) 700-00-01', 'desk@fastcarrier.example', now()),
  ('Radeport', '5605190356', '+7 (495) 700-00-22', 'redepo@fastcarrier.example', now()),
  ('Сорти', '990219866385', '+7 (495) 700-00-33', 'corty@fastcarrier.example', now()),
  ('Рогачев', '757851974974', '+7 (495) 700-00-44', 'rogach@fastcarrier.example', now()),
  ('ИП Печенька', '6980951490', '+7 (495) 700-00-55', 'pe4enka@fastcarrier.example', now()),
  ('GeForce', '6359274998', '+7 (495) 700-00-66', 'geforce@fastcarrier.example', now()),
  ('EuroCarrier', '326161767987', '+7 (812) 800-00-02', 'info@eurocarrier.example', now())
ON CONFLICT (name) DO NOTHING;



INSERT INTO app_user (username, pass_hash, role, active, created_at)
VALUES
  ('admin',   '{bcrypt}$2a$10$Yb5kG8x1vZcUo1mE3bVh1eS1Yx9oZlXbHk0TnQ9xE1f9qk4P8YQSO', 'ADMIN',   true, now()),
  ('manager', '{bcrypt}$2a$10$Yb5kG8x1vZcUo1mE3bVh1eS1Yx9oZlXbHk0TnQ9xE1f9qk4P8YQSO', 'MANAGER', true, now()),
  ('viewer',  '{bcrypt}$2a$10$Yb5kG8x1vZcUo1mE3bVh1eS1Yx9oZlXbHk0TnQ9xE1f9qk4P8YQSO', 'VIEWER',  true, now())
ON CONFLICT (username) DO NOTHING;


INSERT INTO vehicle (carrier_id, plate_no, vin, make, model, year, capacity_kg, type, active, created_at)
SELECT c.id, v.plate_no, v.vin, v.make, v.model, v.year, v.capacity_kg, v.type, v.active, now()
FROM (
  VALUES
    ('FastCarrier', 'A111AA77', 'VF1ABCD1234567890', 'Volvo',   'FH',   2018, 20000.00, 'TRUCK', true),
    ('Рогачев', 'A222AA31', 'VF1ABCD1234561111', 'BMW',   'FH',   2018, 20000.00, 'TRUCK', true),
    ('ИП Печенька', 'A333AA77', 'VF1ABCD1234567333', 'Kamaz',   'FH',   2021, 20000.00, 'TRUCK', true),
    ('ИП Печенька', 'А444AA77', 'VF1ABCD1234564444', 'Van',   'FH',   2011, 22000.00, 'TRUCK', true),
    ('Рогачев', 'A555AA77', 'VF1ABCD1234567890', 'Gazel',   'FH',   2020, 5000.00, 'TRUCK', true),
    ('Сорти', 'A111AA98', 'VF1ABCD1234567770', 'Volvo',   'FH',   2019, 23000.00, 'TRUCK', true),
    ('FastCarrier', 'B222BB77', 'WDBXYZ98765432100', 'Mercedes','Actros',2022, 35000.00, 'TRUCK', true),
    ('EuroCarrier', 'C333CC98', 'XTA21099012345678', 'GAZ',     'Next', 2023,  3500.00, 'VAN',   true)
) AS v(carrier_name, plate_no, vin, make, model, year, capacity_kg, type, active)
JOIN carrier c ON c.name = v.carrier_name
ON CONFLICT (plate_no) DO NOTHING;


INSERT INTO driver (carrier_id, full_name, license_number, license_valid_until, phone, active, created_at)
SELECT c.id, d.full_name, d.license_number, d.license_valid_until, d.phone, d.active, now()
FROM (
  VALUES
    ('FastCarrier', 'Иванов Иван Иванович',   '77 11 123456', date '2027-12-31', '+7 (900) 111-11-11', true),
    ('ИП Печенька', 'Печеньков Печенька Печеньевич',   '73 71 123456', date '2027-12-23', '+7 (900) 111-11-22', true),
    ('ИП Печенька', 'Пирогов Петр Иванович',   '74 77 123456', date '2027-11-21', '+7 (900) 111-11-33', true),
    ('Сорти', 'Душин Сергей Иванович',   '75 87 123456', date '2027-12-12', '+7 (900) 111-11-44', true),
    ('Рогачев', 'Сладев Данила Яковлевич',   '76 57 123456', date '2027-12-14', '+7 (900) 111-11-55', true),
    ('FastCarrier', 'Быстров Лев Алексеевич',   '77 24 234567', date '2026-06-30', '+7 (900) 222-22-22', true),
    ('EuroCarrier', 'Сидоров Сергей Сергеевич','98 33 345678', date '2028-03-31', '+7 (900) 333-33-33', true)
) AS d(carrier_name, full_name, license_number, license_valid_until, phone, active)
JOIN carrier c ON c.name = d.carrier_name
ON CONFLICT (license_number) DO NOTHING;



INSERT INTO shipment
  (client_id, carrier_id, vehicle_id, driver_id,
   pickup_address, delivery_address,
   cargo_description, cargo_weight,
   planned_pickup_at, planned_delivery_at,
   price, status, created_at, updated_at)
SELECT
  cl.id, cr.id, v.id, dr.id,
  s.pickup_address, s.delivery_address,
  s.cargo_description, s.cargo_weight,
  now() + s.pickup_shift, now() + s.delivery_shift,
  s.price, s.status, now(), now()
FROM (
  VALUES
    
    ('ACME Logistics LLC', 'FastCarrier', 'A111AA77', '77 11 123456', 'Москва, Склад 1',      'Тверь, Магазин 5',      'Паллеты 33Е',       18000.00, interval '1 day', interval '2 days', 120000.00, 'ASSIGNED'),
    ('Globex Import',      'FastCarrier', 'B222BB77', '77 22 234567', 'СПб, Терминал Сев',    'Великий Новгород, ТЦ',  'Стройматериалы',     20000.00, interval '2 days', interval '4 days', 150000.00, 'NEW'),
    ('Soyuz Agro',         'EuroCarrier', 'C333CC98', '98 33 345678', 'Новосибирск, Элеватор','Барнаул, АгроБаза',     'Семена подсолнеч.',   3200.00, interval '12 hours', interval '36 hours',  65000.00, 'IN_TRANSIT')
) AS s(client_name, carrier_name, plate_no, driver_license, pickup_address, delivery_address, cargo_description, cargo_weight, pickup_shift, delivery_shift, price, status)
JOIN client  cl ON cl.name = s.client_name
JOIN carrier cr ON cr.name = s.carrier_name
LEFT JOIN vehicle v ON v.plate_no = s.plate_no
LEFT JOIN driver  dr ON dr.license_number = s.driver_license

ON CONFLICT DO NOTHING;



INSERT INTO shipment_status_history (shipment_id, status, changed_at, changed_by, note)
SELECT s.id, s.status, s.created_at, NULL, 'seed: initial'
FROM shipment s
WHERE NOT EXISTS (
  SELECT 1 FROM shipment_status_history h
  WHERE h.shipment_id = s.id AND h.status = s.status
);


INSERT INTO shipment_status_history (shipment_id, status, changed_at, changed_by, note)
SELECT s.id, 'IN_TRANSIT', now(), NULL, 'seed: moved to transit'
FROM shipment s
WHERE s.status <> 'IN_TRANSIT'
ORDER BY s.id
LIMIT 1
ON CONFLICT DO NOTHING]
	at org.springframework.beans.factory.support.AbstractBeanFactory.doGetBean(AbstractBeanFactory.java:328)
	at org.springframework.beans.factory.support.AbstractBeanFactory.getBean(AbstractBeanFactory.java:207)
	at org.springframework.context.support.AbstractApplicationContext.finishBeanFactoryInitialization(AbstractApplicationContext.java:970)
	at org.springframework.context.support.AbstractApplicationContext.refresh(AbstractApplicationContext.java:627)
	at org.springframework.boot.web.servlet.context.ServletWebServerApplicationContext.refresh(ServletWebServerApplicationContext.java:146)
	at org.springframework.boot.SpringApplication.refresh(SpringApplication.java:752)
	at org.springframework.boot.SpringApplication.refreshContext(SpringApplication.java:439)
	at org.springframework.boot.SpringApplication.run(SpringApplication.java:318)
	at org.springframework.boot.SpringApplication.run(SpringApplication.java:1361)
	at org.springframework.boot.SpringApplication.run(SpringApplication.java:1350)
	at com.example.logistics.LogisticsApplication.main(LogisticsApplication.java:10)
Caused by: org.springframework.beans.factory.BeanCreationException: Error creating bean with name 'liquibase' defined in class path resource [org/springframework/boot/autoconfigure/liquibase/LiquibaseAutoConfiguration$LiquibaseConfiguration.class]: liquibase.exception.LiquibaseException: liquibase.exception.MigrationFailedException: Migration failed for changeset db/changelog/060-insert-test-data.yaml::060-seed-core::pogodin:
     Reason: liquibase.exception.DatabaseException: ERROR: duplicate key value violates unique constraint "vehicle_vin_key"
  Подробности: Key (vin)=(VF1ABCD1234567890) already exists. [Failed SQL: (0) INSERT INTO client (name, inn, kpp, phone, email, address, created_at)
VALUES
  ('ACME Logistics LLC', '770123456789', '770101001', '+7 (495) 111-22-33', 'ops@acme.example', 'Москва, ул. Примерная, 1', now()),
  ('Globex Import',       '780987654321', '780901001', '+7 (812) 222-33-44', 'contact@globex.example', 'Санкт-Петербург, Невский 10', now()),
  ('ARM_Cortex',       '964452667400', '693783635', '+7 (812) 222-33-43', 'armcont@globex.com', 'Омск, Ленина 12', now()),
  ('Groza Holding',       '390115923547', '640511284', '+7 (812) 222-33-22', 'groza@globex.example', 'Москва, Петрова 4', now()),
  ('AliMoll',       '804202671674', '722366640', '+7 (812) 222-33-67', 'alimoll@globex.example', 'Курск, Солнечная 99', now()),
  ('Soyuz Agro',          '540555444333', '540501001', '+7 (383) 333-44-55', 'log@soyuz.example',      'Новосибирск, Лесная 7', now())
ON CONFLICT (name) DO NOTHING;


INSERT INTO carrier (name, inn, phone, email, created_at)
VALUES
  ('FastCarrier', '500100200300', '+7 (495) 700-00-01', 'desk@fastcarrier.example', now()),
  ('Radeport', '5605190356', '+7 (495) 700-00-22', 'redepo@fastcarrier.example', now()),
  ('Сорти', '990219866385', '+7 (495) 700-00-33', 'corty@fastcarrier.example', now()),
  ('Рогачев', '757851974974', '+7 (495) 700-00-44', 'rogach@fastcarrier.example', now()),
  ('ИП Печенька', '6980951490', '+7 (495) 700-00-55', 'pe4enka@fastcarrier.example', now()),
  ('GeForce', '6359274998', '+7 (495) 700-00-66', 'geforce@fastcarrier.example', now()),
  ('EuroCarrier', '326161767987', '+7 (812) 800-00-02', 'info@eurocarrier.example', now())
ON CONFLICT (name) DO NOTHING;



INSERT INTO app_user (username, pass_hash, role, active, created_at)
VALUES
  ('admin',   '{bcrypt}$2a$10$Yb5kG8x1vZcUo1mE3bVh1eS1Yx9oZlXbHk0TnQ9xE1f9qk4P8YQSO', 'ADMIN',   true, now()),
  ('manager', '{bcrypt}$2a$10$Yb5kG8x1vZcUo1mE3bVh1eS1Yx9oZlXbHk0TnQ9xE1f9qk4P8YQSO', 'MANAGER', true, now()),
  ('viewer',  '{bcrypt}$2a$10$Yb5kG8x1vZcUo1mE3bVh1eS1Yx9oZlXbHk0TnQ9xE1f9qk4P8YQSO', 'VIEWER',  true, now())
ON CONFLICT (username) DO NOTHING;


INSERT INTO vehicle (carrier_id, plate_no, vin, make, model, year, capacity_kg, type, active, created_at)
SELECT c.id, v.plate_no, v.vin, v.make, v.model, v.year, v.capacity_kg, v.type, v.active, now()
FROM (
  VALUES
    ('FastCarrier', 'A111AA77', 'VF1ABCD1234567890', 'Volvo',   'FH',   2018, 20000.00, 'TRUCK', true),
    ('Рогачев', 'A222AA31', 'VF1ABCD1234561111', 'BMW',   'FH',   2018, 20000.00, 'TRUCK', true),
    ('ИП Печенька', 'A333AA77', 'VF1ABCD1234567333', 'Kamaz',   'FH',   2021, 20000.00, 'TRUCK', true),
    ('ИП Печенька', 'А444AA77', 'VF1ABCD1234564444', 'Van',   'FH',   2011, 22000.00, 'TRUCK', true),
    ('Рогачев', 'A555AA77', 'VF1ABCD1234567890', 'Gazel',   'FH',   2020, 5000.00, 'TRUCK', true),
    ('Сорти', 'A111AA98', 'VF1ABCD1234567770', 'Volvo',   'FH',   2019, 23000.00, 'TRUCK', true),
    ('FastCarrier', 'B222BB77', 'WDBXYZ98765432100', 'Mercedes','Actros',2022, 35000.00, 'TRUCK', true),
    ('EuroCarrier', 'C333CC98', 'XTA21099012345678', 'GAZ',     'Next', 2023,  3500.00, 'VAN',   true)
) AS v(carrier_name, plate_no, vin, make, model, year, capacity_kg, type, active)
JOIN carrier c ON c.name = v.carrier_name
ON CONFLICT (plate_no) DO NOTHING;


INSERT INTO driver (carrier_id, full_name, license_number, license_valid_until, phone, active, created_at)
SELECT c.id, d.full_name, d.license_number, d.license_valid_until, d.phone, d.active, now()
FROM (
  VALUES
    ('FastCarrier', 'Иванов Иван Иванович',   '77 11 123456', date '2027-12-31', '+7 (900) 111-11-11', true),
    ('ИП Печенька', 'Печеньков Печенька Печеньевич',   '73 71 123456', date '2027-12-23', '+7 (900) 111-11-22', true),
    ('ИП Печенька', 'Пирогов Петр Иванович',   '74 77 123456', date '2027-11-21', '+7 (900) 111-11-33', true),
    ('Сорти', 'Душин Сергей Иванович',   '75 87 123456', date '2027-12-12', '+7 (900) 111-11-44', true),
    ('Рогачев', 'Сладев Данила Яковлевич',   '76 57 123456', date '2027-12-14', '+7 (900) 111-11-55', true),
    ('FastCarrier', 'Быстров Лев Алексеевич',   '77 24 234567', date '2026-06-30', '+7 (900) 222-22-22', true),
    ('EuroCarrier', 'Сидоров Сергей Сергеевич','98 33 345678', date '2028-03-31', '+7 (900) 333-33-33', true)
) AS d(carrier_name, full_name, license_number, license_valid_until, phone, active)
JOIN carrier c ON c.name = d.carrier_name
ON CONFLICT (license_number) DO NOTHING;



INSERT INTO shipment
  (client_id, carrier_id, vehicle_id, driver_id,
   pickup_address, delivery_address,
   cargo_description, cargo_weight,
   planned_pickup_at, planned_delivery_at,
   price, status, created_at, updated_at)
SELECT
  cl.id, cr.id, v.id, dr.id,
  s.pickup_address, s.delivery_address,
  s.cargo_description, s.cargo_weight,
  now() + s.pickup_shift, now() + s.delivery_shift,
  s.price, s.status, now(), now()
FROM (
  VALUES
    
    ('ACME Logistics LLC', 'FastCarrier', 'A111AA77', '77 11 123456', 'Москва, Склад 1',      'Тверь, Магазин 5',      'Паллеты 33Е',       18000.00, interval '1 day', interval '2 days', 120000.00, 'ASSIGNED'),
    ('Globex Import',      'FastCarrier', 'B222BB77', '77 22 234567', 'СПб, Терминал Сев',    'Великий Новгород, ТЦ',  'Стройматериалы',     20000.00, interval '2 days', interval '4 days', 150000.00, 'NEW'),
    ('Soyuz Agro',         'EuroCarrier', 'C333CC98', '98 33 345678', 'Новосибирск, Элеватор','Барнаул, АгроБаза',     'Семена подсолнеч.',   3200.00, interval '12 hours', interval '36 hours',  65000.00, 'IN_TRANSIT')
) AS s(client_name, carrier_name, plate_no, driver_license, pickup_address, delivery_address, cargo_description, cargo_weight, pickup_shift, delivery_shift, price, status)
JOIN client  cl ON cl.name = s.client_name
JOIN carrier cr ON cr.name = s.carrier_name
LEFT JOIN vehicle v ON v.plate_no = s.plate_no
LEFT JOIN driver  dr ON dr.license_number = s.driver_license

ON CONFLICT DO NOTHING;



INSERT INTO shipment_status_history (shipment_id, status, changed_at, changed_by, note)
SELECT s.id, s.status, s.created_at, NULL, 'seed: initial'
FROM shipment s
WHERE NOT EXISTS (
  SELECT 1 FROM shipment_status_history h
  WHERE h.shipment_id = s.id AND h.status = s.status
);


INSERT INTO shipment_status_history (shipment_id, status, changed_at, changed_by, note)
SELECT s.id, 'IN_TRANSIT', now(), NULL, 'seed: moved to transit'
FROM shipment s
WHERE s.status <> 'IN_TRANSIT'
ORDER BY s.id
LIMIT 1
ON CONFLICT DO NOTHING]
	at org.springframework.beans.factory.support.AbstractAutowireCapableBeanFactory.initializeBean(AbstractAutowireCapableBeanFactory.java:1826)
	at org.springframework.beans.factory.support.AbstractAutowireCapableBeanFactory.doCreateBean(AbstractAutowireCapableBeanFactory.java:607)
	at org.springframework.beans.factory.support.AbstractAutowireCapableBeanFactory.createBean(AbstractAutowireCapableBeanFactory.java:529)
	at org.springframework.beans.factory.support.AbstractBeanFactory.lambda$doGetBean$0(AbstractBeanFactory.java:339)
	at org.springframework.beans.factory.support.DefaultSingletonBeanRegistry.getSingleton(DefaultSingletonBeanRegistry.java:373)
	at org.springframework.beans.factory.support.AbstractBeanFactory.doGetBean(AbstractBeanFactory.java:337)
	at org.springframework.beans.factory.support.AbstractBeanFactory.getBean(AbstractBeanFactory.java:202)
	at org.springframework.beans.factory.support.AbstractBeanFactory.doGetBean(AbstractBeanFactory.java:315)
	... 10 common frames omitted
Caused by: liquibase.exception.CommandExecutionException: liquibase.exception.LiquibaseException: liquibase.exception.MigrationFailedException: Migration failed for changeset db/changelog/060-insert-test-data.yaml::060-seed-core::pogodin:
     Reason: liquibase.exception.DatabaseException: ERROR: duplicate key value violates unique constraint "vehicle_vin_key"
  Подробности: Key (vin)=(VF1ABCD1234567890) already exists. [Failed SQL: (0) INSERT INTO client (name, inn, kpp, phone, email, address, created_at)
VALUES
  ('ACME Logistics LLC', '770123456789', '770101001', '+7 (495) 111-22-33', 'ops@acme.example', 'Москва, ул. Примерная, 1', now()),
  ('Globex Import',       '780987654321', '780901001', '+7 (812) 222-33-44', 'contact@globex.example', 'Санкт-Петербург, Невский 10', now()),
  ('ARM_Cortex',       '964452667400', '693783635', '+7 (812) 222-33-43', 'armcont@globex.com', 'Омск, Ленина 12', now()),
  ('Groza Holding',       '390115923547', '640511284', '+7 (812) 222-33-22', 'groza@globex.example', 'Москва, Петрова 4', now()),
  ('AliMoll',       '804202671674', '722366640', '+7 (812) 222-33-67', 'alimoll@globex.example', 'Курск, Солнечная 99', now()),
  ('Soyuz Agro',          '540555444333', '540501001', '+7 (383) 333-44-55', 'log@soyuz.example',      'Новосибирск, Лесная 7', now())
ON CONFLICT (name) DO NOTHING;


INSERT INTO carrier (name, inn, phone, email, created_at)
VALUES
  ('FastCarrier', '500100200300', '+7 (495) 700-00-01', 'desk@fastcarrier.example', now()),
  ('Radeport', '5605190356', '+7 (495) 700-00-22', 'redepo@fastcarrier.example', now()),
  ('Сорти', '990219866385', '+7 (495) 700-00-33', 'corty@fastcarrier.example', now()),
  ('Рогачев', '757851974974', '+7 (495) 700-00-44', 'rogach@fastcarrier.example', now()),
  ('ИП Печенька', '6980951490', '+7 (495) 700-00-55', 'pe4enka@fastcarrier.example', now()),
  ('GeForce', '6359274998', '+7 (495) 700-00-66', 'geforce@fastcarrier.example', now()),
  ('EuroCarrier', '326161767987', '+7 (812) 800-00-02', 'info@eurocarrier.example', now())
ON CONFLICT (name) DO NOTHING;



INSERT INTO app_user (username, pass_hash, role, active, created_at)
VALUES
  ('admin',   '{bcrypt}$2a$10$Yb5kG8x1vZcUo1mE3bVh1eS1Yx9oZlXbHk0TnQ9xE1f9qk4P8YQSO', 'ADMIN',   true, now()),
  ('manager', '{bcrypt}$2a$10$Yb5kG8x1vZcUo1mE3bVh1eS1Yx9oZlXbHk0TnQ9xE1f9qk4P8YQSO', 'MANAGER', true, now()),
  ('viewer',  '{bcrypt}$2a$10$Yb5kG8x1vZcUo1mE3bVh1eS1Yx9oZlXbHk0TnQ9xE1f9qk4P8YQSO', 'VIEWER',  true, now())
ON CONFLICT (username) DO NOTHING;


INSERT INTO vehicle (carrier_id, plate_no, vin, make, model, year, capacity_kg, type, active, created_at)
SELECT c.id, v.plate_no, v.vin, v.make, v.model, v.year, v.capacity_kg, v.type, v.active, now()
FROM (
  VALUES
    ('FastCarrier', 'A111AA77', 'VF1ABCD1234567890', 'Volvo',   'FH',   2018, 20000.00, 'TRUCK', true),
    ('Рогачев', 'A222AA31', 'VF1ABCD1234561111', 'BMW',   'FH',   2018, 20000.00, 'TRUCK', true),
    ('ИП Печенька', 'A333AA77', 'VF1ABCD1234567333', 'Kamaz',   'FH',   2021, 20000.00, 'TRUCK', true),
    ('ИП Печенька', 'А444AA77', 'VF1ABCD1234564444', 'Van',   'FH',   2011, 22000.00, 'TRUCK', true),
    ('Рогачев', 'A555AA77', 'VF1ABCD1234567890', 'Gazel',   'FH',   2020, 5000.00, 'TRUCK', true),
    ('Сорти', 'A111AA98', 'VF1ABCD1234567770', 'Volvo',   'FH',   2019, 23000.00, 'TRUCK', true),
    ('FastCarrier', 'B222BB77', 'WDBXYZ98765432100', 'Mercedes','Actros',2022, 35000.00, 'TRUCK', true),
    ('EuroCarrier', 'C333CC98', 'XTA21099012345678', 'GAZ',     'Next', 2023,  3500.00, 'VAN',   true)
) AS v(carrier_name, plate_no, vin, make, model, year, capacity_kg, type, active)
JOIN carrier c ON c.name = v.carrier_name
ON CONFLICT (plate_no) DO NOTHING;


INSERT INTO driver (carrier_id, full_name, license_number, license_valid_until, phone, active, created_at)
SELECT c.id, d.full_name, d.license_number, d.license_valid_until, d.phone, d.active, now()
FROM (
  VALUES
    ('FastCarrier', 'Иванов Иван Иванович',   '77 11 123456', date '2027-12-31', '+7 (900) 111-11-11', true),
    ('ИП Печенька', 'Печеньков Печенька Печеньевич',   '73 71 123456', date '2027-12-23', '+7 (900) 111-11-22', true),
    ('ИП Печенька', 'Пирогов Петр Иванович',   '74 77 123456', date '2027-11-21', '+7 (900) 111-11-33', true),
    ('Сорти', 'Душин Сергей Иванович',   '75 87 123456', date '2027-12-12', '+7 (900) 111-11-44', true),
    ('Рогачев', 'Сладев Данила Яковлевич',   '76 57 123456', date '2027-12-14', '+7 (900) 111-11-55', true),
    ('FastCarrier', 'Быстров Лев Алексеевич',   '77 24 234567', date '2026-06-30', '+7 (900) 222-22-22', true),
    ('EuroCarrier', 'Сидоров Сергей Сергеевич','98 33 345678', date '2028-03-31', '+7 (900) 333-33-33', true)
) AS d(carrier_name, full_name, license_number, license_valid_until, phone, active)
JOIN carrier c ON c.name = d.carrier_name
ON CONFLICT (license_number) DO NOTHING;



INSERT INTO shipment
  (client_id, carrier_id, vehicle_id, driver_id,
   pickup_address, delivery_address,
   cargo_description, cargo_weight,
   planned_pickup_at, planned_delivery_at,
   price, status, created_at, updated_at)
SELECT
  cl.id, cr.id, v.id, dr.id,
  s.pickup_address, s.delivery_address,
  s.cargo_description, s.cargo_weight,
  now() + s.pickup_shift, now() + s.delivery_shift,
  s.price, s.status, now(), now()
FROM (
  VALUES
    
    ('ACME Logistics LLC', 'FastCarrier', 'A111AA77', '77 11 123456', 'Москва, Склад 1',      'Тверь, Магазин 5',      'Паллеты 33Е',       18000.00, interval '1 day', interval '2 days', 120000.00, 'ASSIGNED'),
    ('Globex Import',      'FastCarrier', 'B222BB77', '77 22 234567', 'СПб, Терминал Сев',    'Великий Новгород, ТЦ',  'Стройматериалы',     20000.00, interval '2 days', interval '4 days', 150000.00, 'NEW'),
    ('Soyuz Agro',         'EuroCarrier', 'C333CC98', '98 33 345678', 'Новосибирск, Элеватор','Барнаул, АгроБаза',     'Семена подсолнеч.',   3200.00, interval '12 hours', interval '36 hours',  65000.00, 'IN_TRANSIT')
) AS s(client_name, carrier_name, plate_no, driver_license, pickup_address, delivery_address, cargo_description, cargo_weight, pickup_shift, delivery_shift, price, status)
JOIN client  cl ON cl.name = s.client_name
JOIN carrier cr ON cr.name = s.carrier_name
LEFT JOIN vehicle v ON v.plate_no = s.plate_no
LEFT JOIN driver  dr ON dr.license_number = s.driver_license

ON CONFLICT DO NOTHING;



INSERT INTO shipment_status_history (shipment_id, status, changed_at, changed_by, note)
SELECT s.id, s.status, s.created_at, NULL, 'seed: initial'
FROM shipment s
WHERE NOT EXISTS (
  SELECT 1 FROM shipment_status_history h
  WHERE h.shipment_id = s.id AND h.status = s.status
);


INSERT INTO shipment_status_history (shipment_id, status, changed_at, changed_by, note)
SELECT s.id, 'IN_TRANSIT', now(), NULL, 'seed: moved to transit'
FROM shipment s
WHERE s.status <> 'IN_TRANSIT'
ORDER BY s.id
LIMIT 1
ON CONFLICT DO NOTHING]
	at liquibase.command.CommandScope.execute(CommandScope.java:236)
	at liquibase.Liquibase.lambda$update$0(Liquibase.java:223)
	at liquibase.Scope.lambda$child$0(Scope.java:197)
	at liquibase.Scope.child(Scope.java:206)
	at liquibase.Scope.child(Scope.java:196)
	at liquibase.Scope.child(Scope.java:175)
	at liquibase.Liquibase.runInScope(Liquibase.java:1361)
	at liquibase.Liquibase.update(Liquibase.java:215)
	at liquibase.Liquibase.update(Liquibase.java:197)
	at liquibase.integration.spring.SpringLiquibase.performUpdate(SpringLiquibase.java:329)
	at liquibase.integration.spring.SpringLiquibase.afterPropertiesSet(SpringLiquibase.java:284)
	at org.springframework.beans.factory.support.AbstractAutowireCapableBeanFactory.invokeInitMethods(AbstractAutowireCapableBeanFactory.java:1873)
	at org.springframework.beans.factory.support.AbstractAutowireCapableBeanFactory.initializeBean(AbstractAutowireCapableBeanFactory.java:1822)
	... 17 common frames omitted
Caused by: liquibase.exception.LiquibaseException: liquibase.exception.MigrationFailedException: Migration failed for changeset db/changelog/060-insert-test-data.yaml::060-seed-core::pogodin:
     Reason: liquibase.exception.DatabaseException: ERROR: duplicate key value violates unique constraint "vehicle_vin_key"
  Подробности: Key (vin)=(VF1ABCD1234567890) already exists. [Failed SQL: (0) INSERT INTO client (name, inn, kpp, phone, email, address, created_at)
VALUES
  ('ACME Logistics LLC', '770123456789', '770101001', '+7 (495) 111-22-33', 'ops@acme.example', 'Москва, ул. Примерная, 1', now()),
  ('Globex Import',       '780987654321', '780901001', '+7 (812) 222-33-44', 'contact@globex.example', 'Санкт-Петербург, Невский 10', now()),
  ('ARM_Cortex',       '964452667400', '693783635', '+7 (812) 222-33-43', 'armcont@globex.com', 'Омск, Ленина 12', now()),
  ('Groza Holding',       '390115923547', '640511284', '+7 (812) 222-33-22', 'groza@globex.example', 'Москва, Петрова 4', now()),
  ('AliMoll',       '804202671674', '722366640', '+7 (812) 222-33-67', 'alimoll@globex.example', 'Курск, Солнечная 99', now()),
  ('Soyuz Agro',          '540555444333', '540501001', '+7 (383) 333-44-55', 'log@soyuz.example',      'Новосибирск, Лесная 7', now())
ON CONFLICT (name) DO NOTHING;


INSERT INTO carrier (name, inn, phone, email, created_at)
VALUES
  ('FastCarrier', '500100200300', '+7 (495) 700-00-01', 'desk@fastcarrier.example', now()),
  ('Radeport', '5605190356', '+7 (495) 700-00-22', 'redepo@fastcarrier.example', now()),
  ('Сорти', '990219866385', '+7 (495) 700-00-33', 'corty@fastcarrier.example', now()),
  ('Рогачев', '757851974974', '+7 (495) 700-00-44', 'rogach@fastcarrier.example', now()),
  ('ИП Печенька', '6980951490', '+7 (495) 700-00-55', 'pe4enka@fastcarrier.example', now()),
  ('GeForce', '6359274998', '+7 (495) 700-00-66', 'geforce@fastcarrier.example', now()),
  ('EuroCarrier', '326161767987', '+7 (812) 800-00-02', 'info@eurocarrier.example', now())
ON CONFLICT (name) DO NOTHING;



INSERT INTO app_user (username, pass_hash, role, active, created_at)
VALUES
  ('admin',   '{bcrypt}$2a$10$Yb5kG8x1vZcUo1mE3bVh1eS1Yx9oZlXbHk0TnQ9xE1f9qk4P8YQSO', 'ADMIN',   true, now()),
  ('manager', '{bcrypt}$2a$10$Yb5kG8x1vZcUo1mE3bVh1eS1Yx9oZlXbHk0TnQ9xE1f9qk4P8YQSO', 'MANAGER', true, now()),
  ('viewer',  '{bcrypt}$2a$10$Yb5kG8x1vZcUo1mE3bVh1eS1Yx9oZlXbHk0TnQ9xE1f9qk4P8YQSO', 'VIEWER',  true, now())
ON CONFLICT (username) DO NOTHING;


INSERT INTO vehicle (carrier_id, plate_no, vin, make, model, year, capacity_kg, type, active, created_at)
SELECT c.id, v.plate_no, v.vin, v.make, v.model, v.year, v.capacity_kg, v.type, v.active, now()
FROM (
  VALUES
    ('FastCarrier', 'A111AA77', 'VF1ABCD1234567890', 'Volvo',   'FH',   2018, 20000.00, 'TRUCK', true),
    ('Рогачев', 'A222AA31', 'VF1ABCD1234561111', 'BMW',   'FH',   2018, 20000.00, 'TRUCK', true),
    ('ИП Печенька', 'A333AA77', 'VF1ABCD1234567333', 'Kamaz',   'FH',   2021, 20000.00, 'TRUCK', true),
    ('ИП Печенька', 'А444AA77', 'VF1ABCD1234564444', 'Van',   'FH',   2011, 22000.00, 'TRUCK', true),
    ('Рогачев', 'A555AA77', 'VF1ABCD1234567890', 'Gazel',   'FH',   2020, 5000.00, 'TRUCK', true),
    ('Сорти', 'A111AA98', 'VF1ABCD1234567770', 'Volvo',   'FH',   2019, 23000.00, 'TRUCK', true),
    ('FastCarrier', 'B222BB77', 'WDBXYZ98765432100', 'Mercedes','Actros',2022, 35000.00, 'TRUCK', true),
    ('EuroCarrier', 'C333CC98', 'XTA21099012345678', 'GAZ',     'Next', 2023,  3500.00, 'VAN',   true)
) AS v(carrier_name, plate_no, vin, make, model, year, capacity_kg, type, active)
JOIN carrier c ON c.name = v.carrier_name
ON CONFLICT (plate_no) DO NOTHING;


INSERT INTO driver (carrier_id, full_name, license_number, license_valid_until, phone, active, created_at)
SELECT c.id, d.full_name, d.license_number, d.license_valid_until, d.phone, d.active, now()
FROM (
  VALUES
    ('FastCarrier', 'Иванов Иван Иванович',   '77 11 123456', date '2027-12-31', '+7 (900) 111-11-11', true),
    ('ИП Печенька', 'Печеньков Печенька Печеньевич',   '73 71 123456', date '2027-12-23', '+7 (900) 111-11-22', true),
    ('ИП Печенька', 'Пирогов Петр Иванович',   '74 77 123456', date '2027-11-21', '+7 (900) 111-11-33', true),
    ('Сорти', 'Душин Сергей Иванович',   '75 87 123456', date '2027-12-12', '+7 (900) 111-11-44', true),
    ('Рогачев', 'Сладев Данила Яковлевич',   '76 57 123456', date '2027-12-14', '+7 (900) 111-11-55', true),
    ('FastCarrier', 'Быстров Лев Алексеевич',   '77 24 234567', date '2026-06-30', '+7 (900) 222-22-22', true),
    ('EuroCarrier', 'Сидоров Сергей Сергеевич','98 33 345678', date '2028-03-31', '+7 (900) 333-33-33', true)
) AS d(carrier_name, full_name, license_number, license_valid_until, phone, active)
JOIN carrier c ON c.name = d.carrier_name
ON CONFLICT (license_number) DO NOTHING;



INSERT INTO shipment
  (client_id, carrier_id, vehicle_id, driver_id,
   pickup_address, delivery_address,
   cargo_description, cargo_weight,
   planned_pickup_at, planned_delivery_at,
   price, status, created_at, updated_at)
SELECT
  cl.id, cr.id, v.id, dr.id,
  s.pickup_address, s.delivery_address,
  s.cargo_description, s.cargo_weight,
  now() + s.pickup_shift, now() + s.delivery_shift,
  s.price, s.status, now(), now()
FROM (
  VALUES
    
    ('ACME Logistics LLC', 'FastCarrier', 'A111AA77', '77 11 123456', 'Москва, Склад 1',      'Тверь, Магазин 5',      'Паллеты 33Е',       18000.00, interval '1 day', interval '2 days', 120000.00, 'ASSIGNED'),
    ('Globex Import',      'FastCarrier', 'B222BB77', '77 22 234567', 'СПб, Терминал Сев',    'Великий Новгород, ТЦ',  'Стройматериалы',     20000.00, interval '2 days', interval '4 days', 150000.00, 'NEW'),
    ('Soyuz Agro',         'EuroCarrier', 'C333CC98', '98 33 345678', 'Новосибирск, Элеватор','Барнаул, АгроБаза',     'Семена подсолнеч.',   3200.00, interval '12 hours', interval '36 hours',  65000.00, 'IN_TRANSIT')
) AS s(client_name, carrier_name, plate_no, driver_license, pickup_address, delivery_address, cargo_description, cargo_weight, pickup_shift, delivery_shift, price, status)
JOIN client  cl ON cl.name = s.client_name
JOIN carrier cr ON cr.name = s.carrier_name
LEFT JOIN vehicle v ON v.plate_no = s.plate_no
LEFT JOIN driver  dr ON dr.license_number = s.driver_license

ON CONFLICT DO NOTHING;



INSERT INTO shipment_status_history (shipment_id, status, changed_at, changed_by, note)
SELECT s.id, s.status, s.created_at, NULL, 'seed: initial'
FROM shipment s
WHERE NOT EXISTS (
  SELECT 1 FROM shipment_status_history h
  WHERE h.shipment_id = s.id AND h.status = s.status
);


INSERT INTO shipment_status_history (shipment_id, status, changed_at, changed_by, note)
SELECT s.id, 'IN_TRANSIT', now(), NULL, 'seed: moved to transit'
FROM shipment s
WHERE s.status <> 'IN_TRANSIT'
ORDER BY s.id
LIMIT 1
ON CONFLICT DO NOTHING]
	at liquibase.changelog.ChangeLogIterator.run(ChangeLogIterator.java:122)
	at liquibase.command.core.AbstractUpdateCommandStep.lambda$run$0(AbstractUpdateCommandStep.java:87)
	at liquibase.Scope.lambda$child$0(Scope.java:197)
	at liquibase.Scope.child(Scope.java:206)
	at liquibase.Scope.child(Scope.java:196)
	at liquibase.Scope.child(Scope.java:175)
	at liquibase.command.core.AbstractUpdateCommandStep.run(AbstractUpdateCommandStep.java:86)
	at liquibase.command.core.UpdateCommandStep.run(UpdateCommandStep.java:102)
	at liquibase.command.CommandScope.execute(CommandScope.java:213)
	... 29 common frames omitted
Caused by: liquibase.exception.MigrationFailedException: Migration failed for changeset db/changelog/060-insert-test-data.yaml::060-seed-core::pogodin:
     Reason: liquibase.exception.DatabaseException: ERROR: duplicate key value violates unique constraint "vehicle_vin_key"
  Подробности: Key (vin)=(VF1ABCD1234567890) already exists. [Failed SQL: (0) INSERT INTO client (name, inn, kpp, phone, email, address, created_at)
VALUES
  ('ACME Logistics LLC', '770123456789', '770101001', '+7 (495) 111-22-33', 'ops@acme.example', 'Москва, ул. Примерная, 1', now()),
  ('Globex Import',       '780987654321', '780901001', '+7 (812) 222-33-44', 'contact@globex.example', 'Санкт-Петербург, Невский 10', now()),
  ('ARM_Cortex',       '964452667400', '693783635', '+7 (812) 222-33-43', 'armcont@globex.com', 'Омск, Ленина 12', now()),
  ('Groza Holding',       '390115923547', '640511284', '+7 (812) 222-33-22', 'groza@globex.example', 'Москва, Петрова 4', now()),
  ('AliMoll',       '804202671674', '722366640', '+7 (812) 222-33-67', 'alimoll@globex.example', 'Курск, Солнечная 99', now()),
  ('Soyuz Agro',          '540555444333', '540501001', '+7 (383) 333-44-55', 'log@soyuz.example',      'Новосибирск, Лесная 7', now())
ON CONFLICT (name) DO NOTHING;


INSERT INTO carrier (name, inn, phone, email, created_at)
VALUES
  ('FastCarrier', '500100200300', '+7 (495) 700-00-01', 'desk@fastcarrier.example', now()),
  ('Radeport', '5605190356', '+7 (495) 700-00-22', 'redepo@fastcarrier.example', now()),
  ('Сорти', '990219866385', '+7 (495) 700-00-33', 'corty@fastcarrier.example', now()),
  ('Рогачев', '757851974974', '+7 (495) 700-00-44', 'rogach@fastcarrier.example', now()),
  ('ИП Печенька', '6980951490', '+7 (495) 700-00-55', 'pe4enka@fastcarrier.example', now()),
  ('GeForce', '6359274998', '+7 (495) 700-00-66', 'geforce@fastcarrier.example', now()),
  ('EuroCarrier', '326161767987', '+7 (812) 800-00-02', 'info@eurocarrier.example', now())
ON CONFLICT (name) DO NOTHING;



INSERT INTO app_user (username, pass_hash, role, active, created_at)
VALUES
  ('admin',   '{bcrypt}$2a$10$Yb5kG8x1vZcUo1mE3bVh1eS1Yx9oZlXbHk0TnQ9xE1f9qk4P8YQSO', 'ADMIN',   true, now()),
  ('manager', '{bcrypt}$2a$10$Yb5kG8x1vZcUo1mE3bVh1eS1Yx9oZlXbHk0TnQ9xE1f9qk4P8YQSO', 'MANAGER', true, now()),
  ('viewer',  '{bcrypt}$2a$10$Yb5kG8x1vZcUo1mE3bVh1eS1Yx9oZlXbHk0TnQ9xE1f9qk4P8YQSO', 'VIEWER',  true, now())
ON CONFLICT (username) DO NOTHING;


INSERT INTO vehicle (carrier_id, plate_no, vin, make, model, year, capacity_kg, type, active, created_at)
SELECT c.id, v.plate_no, v.vin, v.make, v.model, v.year, v.capacity_kg, v.type, v.active, now()
FROM (
  VALUES
    ('FastCarrier', 'A111AA77', 'VF1ABCD1234567890', 'Volvo',   'FH',   2018, 20000.00, 'TRUCK', true),
    ('Рогачев', 'A222AA31', 'VF1ABCD1234561111', 'BMW',   'FH',   2018, 20000.00, 'TRUCK', true),
    ('ИП Печенька', 'A333AA77', 'VF1ABCD1234567333', 'Kamaz',   'FH',   2021, 20000.00, 'TRUCK', true),
    ('ИП Печенька', 'А444AA77', 'VF1ABCD1234564444', 'Van',   'FH',   2011, 22000.00, 'TRUCK', true),
    ('Рогачев', 'A555AA77', 'VF1ABCD1234567890', 'Gazel',   'FH',   2020, 5000.00, 'TRUCK', true),
    ('Сорти', 'A111AA98', 'VF1ABCD1234567770', 'Volvo',   'FH',   2019, 23000.00, 'TRUCK', true),
    ('FastCarrier', 'B222BB77', 'WDBXYZ98765432100', 'Mercedes','Actros',2022, 35000.00, 'TRUCK', true),
    ('EuroCarrier', 'C333CC98', 'XTA21099012345678', 'GAZ',     'Next', 2023,  3500.00, 'VAN',   true)
) AS v(carrier_name, plate_no, vin, make, model, year, capacity_kg, type, active)
JOIN carrier c ON c.name = v.carrier_name
ON CONFLICT (plate_no) DO NOTHING;


INSERT INTO driver (carrier_id, full_name, license_number, license_valid_until, phone, active, created_at)
SELECT c.id, d.full_name, d.license_number, d.license_valid_until, d.phone, d.active, now()
FROM (
  VALUES
    ('FastCarrier', 'Иванов Иван Иванович',   '77 11 123456', date '2027-12-31', '+7 (900) 111-11-11', true),
    ('ИП Печенька', 'Печеньков Печенька Печеньевич',   '73 71 123456', date '2027-12-23', '+7 (900) 111-11-22', true),
    ('ИП Печенька', 'Пирогов Петр Иванович',   '74 77 123456', date '2027-11-21', '+7 (900) 111-11-33', true),
    ('Сорти', 'Душин Сергей Иванович',   '75 87 123456', date '2027-12-12', '+7 (900) 111-11-44', true),
    ('Рогачев', 'Сладев Данила Яковлевич',   '76 57 123456', date '2027-12-14', '+7 (900) 111-11-55', true),
    ('FastCarrier', 'Быстров Лев Алексеевич',   '77 24 234567', date '2026-06-30', '+7 (900) 222-22-22', true),
    ('EuroCarrier', 'Сидоров Сергей Сергеевич','98 33 345678', date '2028-03-31', '+7 (900) 333-33-33', true)
) AS d(carrier_name, full_name, license_number, license_valid_until, phone, active)
JOIN carrier c ON c.name = d.carrier_name
ON CONFLICT (license_number) DO NOTHING;



INSERT INTO shipment
  (client_id, carrier_id, vehicle_id, driver_id,
   pickup_address, delivery_address,
   cargo_description, cargo_weight,
   planned_pickup_at, planned_delivery_at,
   price, status, created_at, updated_at)
SELECT
  cl.id, cr.id, v.id, dr.id,
  s.pickup_address, s.delivery_address,
  s.cargo_description, s.cargo_weight,
  now() + s.pickup_shift, now() + s.delivery_shift,
  s.price, s.status, now(), now()
FROM (
  VALUES
    
    ('ACME Logistics LLC', 'FastCarrier', 'A111AA77', '77 11 123456', 'Москва, Склад 1',      'Тверь, Магазин 5',      'Паллеты 33Е',       18000.00, interval '1 day', interval '2 days', 120000.00, 'ASSIGNED'),
    ('Globex Import',      'FastCarrier', 'B222BB77', '77 22 234567', 'СПб, Терминал Сев',    'Великий Новгород, ТЦ',  'Стройматериалы',     20000.00, interval '2 days', interval '4 days', 150000.00, 'NEW'),
    ('Soyuz Agro',         'EuroCarrier', 'C333CC98', '98 33 345678', 'Новосибирск, Элеватор','Барнаул, АгроБаза',     'Семена подсолнеч.',   3200.00, interval '12 hours', interval '36 hours',  65000.00, 'IN_TRANSIT')
) AS s(client_name, carrier_name, plate_no, driver_license, pickup_address, delivery_address, cargo_description, cargo_weight, pickup_shift, delivery_shift, price, status)
JOIN client  cl ON cl.name = s.client_name
JOIN carrier cr ON cr.name = s.carrier_name
LEFT JOIN vehicle v ON v.plate_no = s.plate_no
LEFT JOIN driver  dr ON dr.license_number = s.driver_license

ON CONFLICT DO NOTHING;



INSERT INTO shipment_status_history (shipment_id, status, changed_at, changed_by, note)
SELECT s.id, s.status, s.created_at, NULL, 'seed: initial'
FROM shipment s
WHERE NOT EXISTS (
  SELECT 1 FROM shipment_status_history h
  WHERE h.shipment_id = s.id AND h.status = s.status
);


INSERT INTO shipment_status_history (shipment_id, status, changed_at, changed_by, note)
SELECT s.id, 'IN_TRANSIT', now(), NULL, 'seed: moved to transit'
FROM shipment s
WHERE s.status <> 'IN_TRANSIT'
ORDER BY s.id
LIMIT 1
ON CONFLICT DO NOTHING]
	at liquibase.changelog.ChangeSet.execute(ChangeSet.java:768)
	at liquibase.changelog.visitor.UpdateVisitor.executeAcceptedChange(UpdateVisitor.java:120)
	at liquibase.changelog.visitor.UpdateVisitor.visit(UpdateVisitor.java:70)
	at liquibase.changelog.ChangeLogIterator$2.lambda$run$0(ChangeLogIterator.java:110)
	at liquibase.Scope.lambda$child$0(Scope.java:197)
	at liquibase.Scope.child(Scope.java:206)
	at liquibase.Scope.child(Scope.java:196)
	at liquibase.Scope.child(Scope.java:175)
	at liquibase.Scope.child(Scope.java:263)
	at liquibase.changelog.ChangeLogIterator$2.run(ChangeLogIterator.java:100)
	at liquibase.Scope.lambda$child$0(Scope.java:197)
	at liquibase.Scope.child(Scope.java:206)
	at liquibase.Scope.child(Scope.java:196)
	at liquibase.Scope.child(Scope.java:175)
	at liquibase.Scope.child(Scope.java:263)
	at liquibase.Scope.child(Scope.java:267)
	at liquibase.changelog.ChangeLogIterator.run(ChangeLogIterator.java:74)
	... 37 common frames omitted
Caused by: liquibase.exception.DatabaseException: ERROR: duplicate key value violates unique constraint "vehicle_vin_key"
  Подробности: Key (vin)=(VF1ABCD1234567890) already exists. [Failed SQL: (0) INSERT INTO client (name, inn, kpp, phone, email, address, created_at)
VALUES
  ('ACME Logistics LLC', '770123456789', '770101001', '+7 (495) 111-22-33', 'ops@acme.example', 'Москва, ул. Примерная, 1', now()),
  ('Globex Import',       '780987654321', '780901001', '+7 (812) 222-33-44', 'contact@globex.example', 'Санкт-Петербург, Невский 10', now()),
  ('ARM_Cortex',       '964452667400', '693783635', '+7 (812) 222-33-43', 'armcont@globex.com', 'Омск, Ленина 12', now()),
  ('Groza Holding',       '390115923547', '640511284', '+7 (812) 222-33-22', 'groza@globex.example', 'Москва, Петрова 4', now()),
  ('AliMoll',       '804202671674', '722366640', '+7 (812) 222-33-67', 'alimoll@globex.example', 'Курск, Солнечная 99', now()),
  ('Soyuz Agro',          '540555444333', '540501001', '+7 (383) 333-44-55', 'log@soyuz.example',      'Новосибирск, Лесная 7', now())
ON CONFLICT (name) DO NOTHING;


INSERT INTO carrier (name, inn, phone, email, created_at)
VALUES
  ('FastCarrier', '500100200300', '+7 (495) 700-00-01', 'desk@fastcarrier.example', now()),
  ('Radeport', '5605190356', '+7 (495) 700-00-22', 'redepo@fastcarrier.example', now()),
  ('Сорти', '990219866385', '+7 (495) 700-00-33', 'corty@fastcarrier.example', now()),
  ('Рогачев', '757851974974', '+7 (495) 700-00-44', 'rogach@fastcarrier.example', now()),
  ('ИП Печенька', '6980951490', '+7 (495) 700-00-55', 'pe4enka@fastcarrier.example', now()),
  ('GeForce', '6359274998', '+7 (495) 700-00-66', 'geforce@fastcarrier.example', now()),
  ('EuroCarrier', '326161767987', '+7 (812) 800-00-02', 'info@eurocarrier.example', now())
ON CONFLICT (name) DO NOTHING;



INSERT INTO app_user (username, pass_hash, role, active, created_at)
VALUES
  ('admin',   '{bcrypt}$2a$10$Yb5kG8x1vZcUo1mE3bVh1eS1Yx9oZlXbHk0TnQ9xE1f9qk4P8YQSO', 'ADMIN',   true, now()),
  ('manager', '{bcrypt}$2a$10$Yb5kG8x1vZcUo1mE3bVh1eS1Yx9oZlXbHk0TnQ9xE1f9qk4P8YQSO', 'MANAGER', true, now()),
  ('viewer',  '{bcrypt}$2a$10$Yb5kG8x1vZcUo1mE3bVh1eS1Yx9oZlXbHk0TnQ9xE1f9qk4P8YQSO', 'VIEWER',  true, now())
ON CONFLICT (username) DO NOTHING;


INSERT INTO vehicle (carrier_id, plate_no, vin, make, model, year, capacity_kg, type, active, created_at)
SELECT c.id, v.plate_no, v.vin, v.make, v.model, v.year, v.capacity_kg, v.type, v.active, now()
FROM (
  VALUES
    ('FastCarrier', 'A111AA77', 'VF1ABCD1234567890', 'Volvo',   'FH',   2018, 20000.00, 'TRUCK', true),
    ('Рогачев', 'A222AA31', 'VF1ABCD1234561111', 'BMW',   'FH',   2018, 20000.00, 'TRUCK', true),
    ('ИП Печенька', 'A333AA77', 'VF1ABCD1234567333', 'Kamaz',   'FH',   2021, 20000.00, 'TRUCK', true),
    ('ИП Печенька', 'А444AA77', 'VF1ABCD1234564444', 'Van',   'FH',   2011, 22000.00, 'TRUCK', true),
    ('Рогачев', 'A555AA77', 'VF1ABCD1234567890', 'Gazel',   'FH',   2020, 5000.00, 'TRUCK', true),
    ('Сорти', 'A111AA98', 'VF1ABCD1234567770', 'Volvo',   'FH',   2019, 23000.00, 'TRUCK', true),
    ('FastCarrier', 'B222BB77', 'WDBXYZ98765432100', 'Mercedes','Actros',2022, 35000.00, 'TRUCK', true),
    ('EuroCarrier', 'C333CC98', 'XTA21099012345678', 'GAZ',     'Next', 2023,  3500.00, 'VAN',   true)
) AS v(carrier_name, plate_no, vin, make, model, year, capacity_kg, type, active)
JOIN carrier c ON c.name = v.carrier_name
ON CONFLICT (plate_no) DO NOTHING;


INSERT INTO driver (carrier_id, full_name, license_number, license_valid_until, phone, active, created_at)
SELECT c.id, d.full_name, d.license_number, d.license_valid_until, d.phone, d.active, now()
FROM (
  VALUES
    ('FastCarrier', 'Иванов Иван Иванович',   '77 11 123456', date '2027-12-31', '+7 (900) 111-11-11', true),
    ('ИП Печенька', 'Печеньков Печенька Печеньевич',   '73 71 123456', date '2027-12-23', '+7 (900) 111-11-22', true),
    ('ИП Печенька', 'Пирогов Петр Иванович',   '74 77 123456', date '2027-11-21', '+7 (900) 111-11-33', true),
    ('Сорти', 'Душин Сергей Иванович',   '75 87 123456', date '2027-12-12', '+7 (900) 111-11-44', true),
    ('Рогачев', 'Сладев Данила Яковлевич',   '76 57 123456', date '2027-12-14', '+7 (900) 111-11-55', true),
    ('FastCarrier', 'Быстров Лев Алексеевич',   '77 24 234567', date '2026-06-30', '+7 (900) 222-22-22', true),
    ('EuroCarrier', 'Сидоров Сергей Сергеевич','98 33 345678', date '2028-03-31', '+7 (900) 333-33-33', true)
) AS d(carrier_name, full_name, license_number, license_valid_until, phone, active)
JOIN carrier c ON c.name = d.carrier_name
ON CONFLICT (license_number) DO NOTHING;



INSERT INTO shipment
  (client_id, carrier_id, vehicle_id, driver_id,
   pickup_address, delivery_address,
   cargo_description, cargo_weight,
   planned_pickup_at, planned_delivery_at,
   price, status, created_at, updated_at)
SELECT
  cl.id, cr.id, v.id, dr.id,
  s.pickup_address, s.delivery_address,
  s.cargo_description, s.cargo_weight,
  now() + s.pickup_shift, now() + s.delivery_shift,
  s.price, s.status, now(), now()
FROM (
  VALUES
    
    ('ACME Logistics LLC', 'FastCarrier', 'A111AA77', '77 11 123456', 'Москва, Склад 1',      'Тверь, Магазин 5',      'Паллеты 33Е',       18000.00, interval '1 day', interval '2 days', 120000.00, 'ASSIGNED'),
    ('Globex Import',      'FastCarrier', 'B222BB77', '77 22 234567', 'СПб, Терминал Сев',    'Великий Новгород, ТЦ',  'Стройматериалы',     20000.00, interval '2 days', interval '4 days', 150000.00, 'NEW'),
    ('Soyuz Agro',         'EuroCarrier', 'C333CC98', '98 33 345678', 'Новосибирск, Элеватор','Барнаул, АгроБаза',     'Семена подсолнеч.',   3200.00, interval '12 hours', interval '36 hours',  65000.00, 'IN_TRANSIT')
) AS s(client_name, carrier_name, plate_no, driver_license, pickup_address, delivery_address, cargo_description, cargo_weight, pickup_shift, delivery_shift, price, status)
JOIN client  cl ON cl.name = s.client_name
JOIN carrier cr ON cr.name = s.carrier_name
LEFT JOIN vehicle v ON v.plate_no = s.plate_no
LEFT JOIN driver  dr ON dr.license_number = s.driver_license

ON CONFLICT DO NOTHING;



INSERT INTO shipment_status_history (shipment_id, status, changed_at, changed_by, note)
SELECT s.id, s.status, s.created_at, NULL, 'seed: initial'
FROM shipment s
WHERE NOT EXISTS (
  SELECT 1 FROM shipment_status_history h
  WHERE h.shipment_id = s.id AND h.status = s.status
);


INSERT INTO shipment_status_history (shipment_id, status, changed_at, changed_by, note)
SELECT s.id, 'IN_TRANSIT', now(), NULL, 'seed: moved to transit'
FROM shipment s
WHERE s.status <> 'IN_TRANSIT'
ORDER BY s.id
LIMIT 1
ON CONFLICT DO NOTHING]
	at liquibase.executor.jvm.JdbcExecutor$ExecuteStatementCallback.doInStatement(JdbcExecutor.java:467)
	at liquibase.executor.jvm.JdbcExecutor.execute(JdbcExecutor.java:77)
	at liquibase.executor.jvm.JdbcExecutor.execute(JdbcExecutor.java:180)
	at liquibase.database.AbstractJdbcDatabase.execute(AbstractJdbcDatabase.java:1291)
	at liquibase.database.AbstractJdbcDatabase.executeStatements(AbstractJdbcDatabase.java:1273)
	at liquibase.changelog.ChangeSet.execute(ChangeSet.java:728)
	... 53 common frames omitted
Caused by: org.postgresql.util.PSQLException: ERROR: duplicate key value violates unique constraint "vehicle_vin_key"
  Подробности: Key (vin)=(VF1ABCD1234567890) already exists.
	at org.postgresql.core.v3.QueryExecutorImpl.receiveErrorResponse(QueryExecutorImpl.java:2734)
	at org.postgresql.core.v3.QueryExecutorImpl.processResults(QueryExecutorImpl.java:2421)
	at org.postgresql.core.v3.QueryExecutorImpl.execute(QueryExecutorImpl.java:372)
	at org.postgresql.jdbc.PgStatement.executeInternal(PgStatement.java:518)
	at org.postgresql.jdbc.PgStatement.execute(PgStatement.java:435)
	at org.postgresql.jdbc.PgStatement.executeWithFlags(PgStatement.java:357)
	at org.postgresql.jdbc.PgStatement.executeCachedSql(PgStatement.java:342)
	at org.postgresql.jdbc.PgStatement.executeWithFlags(PgStatement.java:318)
	at org.postgresql.jdbc.PgStatement.execute(PgStatement.java:313)
	at com.zaxxer.hikari.pool.ProxyStatement.execute(ProxyStatement.java:95)
	at com.zaxxer.hikari.pool.HikariProxyStatement.execute(HikariProxyStatement.java)
	at liquibase.executor.jvm.JdbcExecutor$ExecuteStatementCallback.doInStatement(JdbcExecutor.java:461)
	... 58 common frames omitted
2025-09-29 17:51:40,296 INFO  Version [Version.java:21] HV000001: Hibernate Validator 8.0.3.Final
2025-09-29 17:51:40,325 INFO  LogisticsApplication [StartupInfoLogger.java:53] Starting LogisticsApplication using Java 17.0.5 with PID 29424 (C:\Users\1\Desktop\LOGISTICS\logistics\target\classes started by 1 in C:\Users\1\Desktop\LOGISTICS\logistics)
2025-09-29 17:51:40,325 INFO  LogisticsApplication [SpringApplication.java:652] No active profile set, falling back to 1 default profile: "default"
2025-09-29 17:51:40,738 INFO  RepositoryConfigurationDelegate [RepositoryConfigurationDelegate.java:145] Bootstrapping Spring Data JPA repositories in DEFAULT mode.
2025-09-29 17:51:40,785 INFO  RepositoryConfigurationDelegate [RepositoryConfigurationDelegate.java:213] Finished Spring Data repository scanning in 40 ms. Found 7 JPA repository interfaces.
2025-09-29 17:51:41,049 INFO  TomcatWebServer [TomcatWebServer.java:111] Tomcat initialized with port 8080 (http)
2025-09-29 17:51:41,055 INFO  Http11NioProtocol [DirectJDKLog.java:168] Initializing ProtocolHandler ["http-nio-8080"]
2025-09-29 17:51:41,057 INFO  StandardService [DirectJDKLog.java:168] Starting service [Tomcat]
2025-09-29 17:51:41,057 INFO  StandardEngine [DirectJDKLog.java:168] Starting Servlet engine: [Apache Tomcat/10.1.46]
2025-09-29 17:51:41,090 INFO  [/] [DirectJDKLog.java:168] Initializing Spring embedded WebApplicationContext
2025-09-29 17:51:41,091 INFO  ServletWebServerApplicationContext [ServletWebServerApplicationContext.java:301] Root WebApplicationContext: initialization completed in 743 ms
2025-09-29 17:51:41,164 INFO  HikariDataSource [HikariDataSource.java:109] HikariPool-1 - Starting...
2025-09-29 17:51:41,258 INFO  HikariPool [HikariPool.java:580] HikariPool-1 - Added connection org.postgresql.jdbc.PgConnection@4f820f42
2025-09-29 17:51:41,259 INFO  HikariDataSource [HikariDataSource.java:122] HikariPool-1 - Start completed.
2025-09-29 17:51:41,336 INFO  database [JavaLogger.java:37] Set default schema name to public
2025-09-29 17:51:41,674 INFO  changelog [JavaLogger.java:37] Creating database history table with name: public.databasechangelog
2025-09-29 17:51:41,699 INFO  changelog [JavaLogger.java:37] Reading from public.databasechangelog
2025-09-29 17:51:41,776 INFO  lockservice [JavaLogger.java:37] Successfully acquired change log lock
2025-09-29 17:51:41,793 INFO  command [JavaLogger.java:37] Using deploymentId: 9157501793
2025-09-29 17:51:41,795 INFO  changelog [JavaLogger.java:37] Reading from public.databasechangelog
2025-09-29 17:51:41,839 INFO  changelog [JavaLogger.java:37] Table client created
2025-09-29 17:51:41,842 INFO  changelog [JavaLogger.java:37] ChangeSet db/changelog/010-tables.yaml::010-client::pogodin ran successfully in 18ms
2025-09-29 17:51:41,862 INFO  changelog [JavaLogger.java:37] Table carrier created
2025-09-29 17:51:41,864 INFO  changelog [JavaLogger.java:37] ChangeSet db/changelog/010-tables.yaml::011-carrier::pogodin ran successfully in 14ms
2025-09-29 17:51:41,882 INFO  changelog [JavaLogger.java:37] Table driver created
2025-09-29 17:51:41,884 INFO  changelog [JavaLogger.java:37] ChangeSet db/changelog/010-tables.yaml::012-driver::pogodin ran successfully in 16ms
2025-09-29 17:51:41,905 INFO  changelog [JavaLogger.java:37] Table vehicle created
2025-09-29 17:51:41,912 INFO  changelog [JavaLogger.java:37] Custom SQL executed
2025-09-29 17:51:41,914 INFO  changelog [JavaLogger.java:37] ChangeSet db/changelog/010-tables.yaml::013-vehicle::pogodin ran successfully in 25ms
2025-09-29 17:51:41,932 INFO  changelog [JavaLogger.java:37] Table app_user created
2025-09-29 17:51:41,934 INFO  changelog [JavaLogger.java:37] ChangeSet db/changelog/010-tables.yaml::014-app_user::pogodin ran successfully in 15ms
2025-09-29 17:51:41,952 INFO  changelog [JavaLogger.java:37] Table shipment created
2025-09-29 17:51:41,954 INFO  changelog [JavaLogger.java:37] Custom SQL executed
2025-09-29 17:51:41,957 INFO  changelog [JavaLogger.java:37] ChangeSet db/changelog/010-tables.yaml::015-shipment::pogodin ran successfully in 17ms
2025-09-29 17:51:41,972 INFO  changelog [JavaLogger.java:37] Table shipment_status_history created
2025-09-29 17:51:41,974 INFO  changelog [JavaLogger.java:37] ChangeSet db/changelog/010-tables.yaml::016-shipment-status-history::pogodin ran successfully in 12ms
2025-09-29 17:51:41,987 INFO  changelog [JavaLogger.java:37] Index idx_shipment_client created
2025-09-29 17:51:41,992 INFO  changelog [JavaLogger.java:37] Index idx_shipment_carrier created
2025-09-29 17:51:41,996 INFO  changelog [JavaLogger.java:37] Index idx_shipment_status created
2025-09-29 17:51:42,001 INFO  changelog [JavaLogger.java:37] Index idx_hist_shipment_changed_at_desc created
2025-09-29 17:51:42,003 INFO  changelog [JavaLogger.java:37] ChangeSet db/changelog/020-indexes.yaml::020-indexes::pogodin ran successfully in 22ms
2025-09-29 17:51:42,012 INFO  changelog [JavaLogger.java:37] Custom SQL executed
2025-09-29 17:51:42,014 INFO  changelog [JavaLogger.java:37] ChangeSet db/changelog/030-triggers.yaml::030-func-set-updated-at::pogodin ran successfully in 5ms
2025-09-29 17:51:42,022 WARN  executor [JavaLogger.java:37] trigger "set_updated_at" for relation "shipment" does not exist, skipping
2025-09-29 17:51:42,023 INFO  changelog [JavaLogger.java:37] Custom SQL executed
2025-09-29 17:51:42,025 INFO  changelog [JavaLogger.java:37] ChangeSet db/changelog/030-triggers.yaml::031-trigger-set-updated-at::pogodin ran successfully in 6ms
2025-09-29 17:51:42,034 INFO  changelog [JavaLogger.java:37] Custom SQL executed
2025-09-29 17:51:42,036 INFO  changelog [JavaLogger.java:37] ChangeSet db/changelog/030-triggers.yaml::032-func-validate-shipment::pogodin ran successfully in 7ms
2025-09-29 17:51:42,043 WARN  executor [JavaLogger.java:37] trigger "validate_shipment_assignment_ins" for relation "shipment" does not exist, skipping
2025-09-29 17:51:42,044 WARN  executor [JavaLogger.java:37] trigger "validate_shipment_assignment_upd" for relation "shipment" does not exist, skipping
2025-09-29 17:51:42,046 INFO  changelog [JavaLogger.java:37] Custom SQL executed
2025-09-29 17:51:42,048 INFO  changelog [JavaLogger.java:37] ChangeSet db/changelog/030-triggers.yaml::033-triggers-validate-shipment::pogodin ran successfully in 8ms
2025-09-29 17:51:42,054 INFO  changelog [JavaLogger.java:37] Custom SQL executed
2025-09-29 17:51:42,056 INFO  changelog [JavaLogger.java:37] ChangeSet db/changelog/030-triggers.yaml::034-func-log-status-change::pogodin ran successfully in 5ms
2025-09-29 17:51:42,063 WARN  executor [JavaLogger.java:37] trigger "log_status_change_ins" for relation "shipment" does not exist, skipping
2025-09-29 17:51:42,064 WARN  executor [JavaLogger.java:37] trigger "log_status_change_upd" for relation "shipment" does not exist, skipping
2025-09-29 17:51:42,065 INFO  changelog [JavaLogger.java:37] Custom SQL executed
2025-09-29 17:51:42,067 INFO  changelog [JavaLogger.java:37] ChangeSet db/changelog/030-triggers.yaml::035-triggers-log-status-change::pogodin ran successfully in 7ms
2025-09-29 17:51:42,074 INFO  changelog [JavaLogger.java:37] Custom SQL executed
2025-09-29 17:51:42,076 INFO  changelog [JavaLogger.java:37] ChangeSet db/changelog/040-procedures.yaml::proc_get_shipments_by_client::pogodin ran successfully in 5ms
2025-09-29 17:51:42,081 INFO  changelog [JavaLogger.java:37] Custom SQL executed
2025-09-29 17:51:42,084 INFO  changelog [JavaLogger.java:37] ChangeSet db/changelog/040-procedures.yaml::proc_update_vehicle_status::pogodin ran successfully in 5ms
2025-09-29 17:51:42,090 INFO  changelog [JavaLogger.java:37] Custom SQL executed
2025-09-29 17:51:42,092 INFO  changelog [JavaLogger.java:37] ChangeSet db/changelog/040-procedures.yaml::proc_delete_client::pogodin ran successfully in 4ms
2025-09-29 17:51:42,101 INFO  changelog [JavaLogger.java:37] Custom SQL executed
2025-09-29 17:51:42,103 INFO  changelog [JavaLogger.java:37] ChangeSet db/changelog/050-views.yaml::050-v-shipment-overview::pogodin ran successfully in 7ms
2025-09-29 17:51:42,111 INFO  changelog [JavaLogger.java:37] Custom SQL executed
2025-09-29 17:51:42,112 INFO  changelog [JavaLogger.java:37] ChangeSet db/changelog/050-views.yaml::051-v-shipment-last-status::pogodin ran successfully in 5ms
2025-09-29 17:51:42,120 INFO  changelog [JavaLogger.java:37] Custom SQL executed
2025-09-29 17:51:42,122 INFO  changelog [JavaLogger.java:37] ChangeSet db/changelog/050-views.yaml::052-v-carrier-summary::pogodin ran successfully in 5ms
2025-09-29 17:51:42,130 INFO  changelog [JavaLogger.java:37] Custom SQL executed
2025-09-29 17:51:42,131 INFO  changelog [JavaLogger.java:37] ChangeSet db/changelog/050-views.yaml::053-v-client-stats::pogodin ran successfully in 6ms
2025-09-29 17:51:42,153 INFO  changelog [JavaLogger.java:37] Custom SQL executed
2025-09-29 17:51:42,156 INFO  changelog [JavaLogger.java:37] ChangeSet db/changelog/060-insert-test-data.yaml::060-seed-core::pogodin ran successfully in 20ms
2025-09-29 17:51:42,161 INFO  util [JavaLogger.java:37] UPDATE SUMMARY
2025-09-29 17:51:42,161 INFO  util [JavaLogger.java:37] Run:                         22
2025-09-29 17:51:42,161 INFO  util [JavaLogger.java:37] Previously run:               0
2025-09-29 17:51:42,161 INFO  util [JavaLogger.java:37] Filtered out:                 0
2025-09-29 17:51:42,161 INFO  util [JavaLogger.java:37] -------------------------------
2025-09-29 17:51:42,161 INFO  util [JavaLogger.java:37] Total change sets:           22

2025-09-29 17:51:42,162 INFO  util [JavaLogger.java:37] Update summary generated
2025-09-29 17:51:42,162 INFO  command [JavaLogger.java:37] Update command completed successfully.
2025-09-29 17:51:42,166 INFO  lockservice [JavaLogger.java:37] Successfully released change log lock
2025-09-29 17:51:42,167 INFO  command [JavaLogger.java:37] Command execution complete
2025-09-29 17:51:42,210 INFO  LogHelper [LogHelper.java:31] HHH000204: Processing PersistenceUnitInfo [name: default]
2025-09-29 17:51:42,236 INFO  Version [Version.java:44] HHH000412: Hibernate ORM core version 6.6.29.Final
2025-09-29 17:51:42,259 INFO  RegionFactoryInitiator [RegionFactoryInitiator.java:50] HHH000026: Second-level cache disabled
2025-09-29 17:51:42,403 INFO  SpringPersistenceUnitInfo [SpringPersistenceUnitInfo.java:87] No LoadTimeWeaver setup: ignoring JPA class transformer
2025-09-29 17:51:42,428 WARN  deprecation [DialectFactoryImpl.java:153] HHH90000025: PostgreSQLDialect does not need to be specified explicitly using 'hibernate.dialect' (remove the property setting and it will be selected by default)
2025-09-29 17:51:42,439 INFO  pooling [JdbcEnvironmentInitiator.java:163] HHH10001005: Database info:
	Database JDBC URL [Connecting through datasource 'HikariDataSource (HikariPool-1)']
	Database driver: undefined/unknown
	Database version: 14.5
	Autocommit mode: undefined/unknown
	Isolation level: undefined/unknown
	Minimum pool size: undefined/unknown
	Maximum pool size: undefined/unknown
2025-09-29 17:51:43,000 INFO  JtaPlatformInitiator [JtaPlatformInitiator.java:59] HHH000489: No JTA platform available (set 'hibernate.transaction.jta.platform' to enable JTA platform integration)
2025-09-29 17:51:43,003 INFO  LocalContainerEntityManagerFactoryBean [AbstractEntityManagerFactoryBean.java:447] Initialized JPA EntityManagerFactory for persistence unit 'default'
2025-09-29 17:51:43,291 INFO  QueryEnhancerFactory [QueryEnhancerFactory.java:49] Hibernate is in classpath; If applicable, HQL parser will be used.
2025-09-29 17:51:43,543 WARN  JpaBaseConfiguration$JpaWebConfiguration [JpaBaseConfiguration.java:258] spring.jpa.open-in-view is enabled by default. Therefore, database queries may be performed during view rendering. Explicitly configure spring.jpa.open-in-view to disable this warning
2025-09-29 17:51:43,757 INFO  Http11NioProtocol [DirectJDKLog.java:168] Starting ProtocolHandler ["http-nio-8080"]
2025-09-29 17:51:43,768 INFO  TomcatWebServer [TomcatWebServer.java:243] Tomcat started on port 8080 (http) with context path '/'
2025-09-29 17:51:43,775 INFO  LogisticsApplication [StartupInfoLogger.java:59] Started LogisticsApplication in 3.674 seconds (process running for 4.099)
2025-09-30 10:05:12,822 WARN  HikariPool [HikariPool.java:825] HikariPool-1 - Thread starvation or clock leap detected (housekeeper delta=10h59m58s923ms452µs600ns).
2025-09-30 10:18:37,457 INFO  GracefulShutdown [GracefulShutdown.java:54] Commencing graceful shutdown. Waiting for active requests to complete
2025-09-30 10:18:37,484 INFO  GracefulShutdown [GracefulShutdown.java:76] Graceful shutdown complete
2025-09-30 10:18:37,487 INFO  LocalContainerEntityManagerFactoryBean [AbstractEntityManagerFactoryBean.java:660] Closing JPA EntityManagerFactory for persistence unit 'default'
2025-09-30 10:18:37,488 INFO  HikariDataSource [HikariDataSource.java:349] HikariPool-1 - Shutdown initiated...
2025-09-30 10:18:37,490 INFO  HikariDataSource [HikariDataSource.java:351] HikariPool-1 - Shutdown completed.
2025-10-01 17:31:38,343 INFO  Version [Version.java:21] HV000001: Hibernate Validator 8.0.3.Final
2025-10-01 17:31:38,377 INFO  LogisticsApplication [StartupInfoLogger.java:53] Starting LogisticsApplication using Java 17.0.5 with PID 11284 (C:\Users\1\Desktop\LOGISTICS\logistics\target\classes started by 1 in C:\Users\1\Desktop\LOGISTICS\logistics)
2025-10-01 17:31:38,378 INFO  LogisticsApplication [SpringApplication.java:652] No active profile set, falling back to 1 default profile: "default"
2025-10-01 17:31:38,927 INFO  RepositoryConfigurationDelegate [RepositoryConfigurationDelegate.java:145] Bootstrapping Spring Data JPA repositories in DEFAULT mode.
2025-10-01 17:31:38,972 INFO  RepositoryConfigurationDelegate [RepositoryConfigurationDelegate.java:213] Finished Spring Data repository scanning in 39 ms. Found 7 JPA repository interfaces.
2025-10-01 17:31:39,282 INFO  TomcatWebServer [TomcatWebServer.java:111] Tomcat initialized with port 8080 (http)
2025-10-01 17:31:39,290 INFO  Http11NioProtocol [DirectJDKLog.java:168] Initializing ProtocolHandler ["http-nio-8080"]
2025-10-01 17:31:39,291 INFO  StandardService [DirectJDKLog.java:168] Starting service [Tomcat]
2025-10-01 17:31:39,292 INFO  StandardEngine [DirectJDKLog.java:168] Starting Servlet engine: [Apache Tomcat/10.1.46]
2025-10-01 17:31:39,327 INFO  [/] [DirectJDKLog.java:168] Initializing Spring embedded WebApplicationContext
2025-10-01 17:31:39,327 INFO  ServletWebServerApplicationContext [ServletWebServerApplicationContext.java:301] Root WebApplicationContext: initialization completed in 925 ms
2025-10-01 17:31:39,415 INFO  HikariDataSource [HikariDataSource.java:109] HikariPool-1 - Starting...
2025-10-01 17:31:39,598 INFO  HikariPool [HikariPool.java:580] HikariPool-1 - Added connection org.postgresql.jdbc.PgConnection@445bce9a
2025-10-01 17:31:39,599 INFO  HikariDataSource [HikariDataSource.java:122] HikariPool-1 - Start completed.
2025-10-01 17:31:39,719 INFO  database [JavaLogger.java:37] Set default schema name to public
2025-10-01 17:31:40,176 INFO  changelog [JavaLogger.java:37] Reading from public.databasechangelog
2025-10-01 17:31:40,232 INFO  changelog [JavaLogger.java:37] Reading from public.databasechangelog
2025-10-01 17:31:40,239 INFO  util [JavaLogger.java:37] UPDATE SUMMARY
2025-10-01 17:31:40,240 INFO  util [JavaLogger.java:37] Run:                          0
2025-10-01 17:31:40,240 INFO  util [JavaLogger.java:37] Previously run:              22
2025-10-01 17:31:40,240 INFO  util [JavaLogger.java:37] Filtered out:                 0
2025-10-01 17:31:40,240 INFO  util [JavaLogger.java:37] -------------------------------
2025-10-01 17:31:40,240 INFO  util [JavaLogger.java:37] Total change sets:           22

2025-10-01 17:31:40,240 INFO  util [JavaLogger.java:37] Update summary generated
2025-10-01 17:31:40,255 INFO  lockservice [JavaLogger.java:37] Successfully released change log lock
2025-10-01 17:31:40,257 INFO  command [JavaLogger.java:37] Command execution complete
2025-10-01 17:31:40,303 INFO  LogHelper [LogHelper.java:31] HHH000204: Processing PersistenceUnitInfo [name: default]
2025-10-01 17:31:40,354 INFO  Version [Version.java:44] HHH000412: Hibernate ORM core version 6.6.29.Final
2025-10-01 17:31:40,379 INFO  RegionFactoryInitiator [RegionFactoryInitiator.java:50] HHH000026: Second-level cache disabled
2025-10-01 17:31:40,559 INFO  SpringPersistenceUnitInfo [SpringPersistenceUnitInfo.java:87] No LoadTimeWeaver setup: ignoring JPA class transformer
2025-10-01 17:31:40,593 WARN  deprecation [DialectFactoryImpl.java:153] HHH90000025: PostgreSQLDialect does not need to be specified explicitly using 'hibernate.dialect' (remove the property setting and it will be selected by default)
2025-10-01 17:31:40,603 INFO  pooling [JdbcEnvironmentInitiator.java:163] HHH10001005: Database info:
	Database JDBC URL [Connecting through datasource 'HikariDataSource (HikariPool-1)']
	Database driver: undefined/unknown
	Database version: 14.5
	Autocommit mode: undefined/unknown
	Isolation level: undefined/unknown
	Minimum pool size: undefined/unknown
	Maximum pool size: undefined/unknown
2025-10-01 17:31:41,193 INFO  JtaPlatformInitiator [JtaPlatformInitiator.java:59] HHH000489: No JTA platform available (set 'hibernate.transaction.jta.platform' to enable JTA platform integration)
2025-10-01 17:31:41,196 INFO  LocalContainerEntityManagerFactoryBean [AbstractEntityManagerFactoryBean.java:447] Initialized JPA EntityManagerFactory for persistence unit 'default'
2025-10-01 17:31:41,463 INFO  QueryEnhancerFactory [QueryEnhancerFactory.java:49] Hibernate is in classpath; If applicable, HQL parser will be used.
2025-10-01 17:31:41,724 WARN  JpaBaseConfiguration$JpaWebConfiguration [JpaBaseConfiguration.java:258] spring.jpa.open-in-view is enabled by default. Therefore, database queries may be performed during view rendering. Explicitly configure spring.jpa.open-in-view to disable this warning
2025-10-01 17:31:41,946 INFO  Http11NioProtocol [DirectJDKLog.java:168] Starting ProtocolHandler ["http-nio-8080"]
2025-10-01 17:31:41,958 INFO  TomcatWebServer [TomcatWebServer.java:243] Tomcat started on port 8080 (http) with context path '/'
2025-10-01 17:31:41,964 INFO  LogisticsApplication [StartupInfoLogger.java:59] Started LogisticsApplication in 3.847 seconds (process running for 4.463)
2025-10-01 17:33:51,456 INFO  [/] [DirectJDKLog.java:168] Initializing Spring DispatcherServlet 'dispatcherServlet'
2025-10-01 17:33:51,457 INFO  DispatcherServlet [FrameworkServlet.java:532] Initializing Servlet 'dispatcherServlet'
2025-10-01 17:33:51,457 INFO  DispatcherServlet [FrameworkServlet.java:554] Completed initialization in 0 ms
2025-10-01 17:33:51,590 WARN  SpringDataJacksonConfiguration$PageModule$WarningLoggingModifier [SpringDataJacksonConfiguration.java:156] Serializing PageImpl instances as-is is not supported, meaning that there is no guarantee about the stability of the resulting JSON structure!
	For a stable JSON structure, please use Spring Data's PagedModel (globally via @EnableSpringDataWebSupport(pageSerializationMode = VIA_DTO))
	or Spring HATEOAS and Spring Data's PagedResourcesAssembler as documented in https://docs.spring.io/spring-data/commons/reference/repositories/core-extensions.html#core.web.pageables.

2025-10-01 17:50:46,399 INFO  Http11Processor [DirectJDKLog.java:170] Error parsing HTTP request header
 Note: further occurrences of HTTP request parsing errors will be logged at DEBUG level.
java.lang.IllegalArgumentException: Invalid character found in method name [0x160x030x010x060xe00x010x000x060xdc0x030x03f0x010x010xad0xb40x16U0xde0x81FLx\!0xe70x0dN20x130xcf50x8b0xee0x960x95H0xcd'0x120x11$\ ]. HTTP method names must be tokens
	at org.apache.coyote.http11.Http11InputBuffer.parseRequestLine(Http11InputBuffer.java:403)
	at org.apache.coyote.http11.Http11Processor.service(Http11Processor.java:271)
	at org.apache.coyote.AbstractProcessorLight.process(AbstractProcessorLight.java:63)
	at org.apache.coyote.AbstractProtocol$ConnectionHandler.process(AbstractProtocol.java:903)
	at org.apache.tomcat.util.net.NioEndpoint$SocketProcessor.doRun(NioEndpoint.java:1776)
	at org.apache.tomcat.util.net.SocketProcessorBase.run(SocketProcessorBase.java:52)
	at org.apache.tomcat.util.threads.ThreadPoolExecutor.runWorker(ThreadPoolExecutor.java:975)
	at org.apache.tomcat.util.threads.ThreadPoolExecutor$Worker.run(ThreadPoolExecutor.java:493)
	at org.apache.tomcat.util.threads.TaskThread$WrappingRunnable.run(TaskThread.java:63)
	at java.base/java.lang.Thread.run(Thread.java:833)
2025-10-02 10:27:35,934 WARN  HikariPool [HikariPool.java:825] HikariPool-1 - Thread starvation or clock leap detected (housekeeper delta=16h26m25s909ms718µs500ns).
2025-10-02 17:52:18,150 INFO  Http11Processor [DirectJDKLog.java:170] Error parsing HTTP request header
 Note: further occurrences of HTTP request parsing errors will be logged at DEBUG level.
java.lang.IllegalArgumentException: Invalid character found in method name [0x160x030x010x060xc00x010x000x060xbc0x030x030xa40xe80xfc0xef0x0b0xdf!0xaee0xc10x950xf90x140xdfX;0xf8l0x0d0x890xc20x8bhTV0xefi0xb60xd50x8af3 ]. HTTP method names must be tokens
	at org.apache.coyote.http11.Http11InputBuffer.parseRequestLine(Http11InputBuffer.java:403)
	at org.apache.coyote.http11.Http11Processor.service(Http11Processor.java:271)
	at org.apache.coyote.AbstractProcessorLight.process(AbstractProcessorLight.java:63)
	at org.apache.coyote.AbstractProtocol$ConnectionHandler.process(AbstractProtocol.java:903)
	at org.apache.tomcat.util.net.NioEndpoint$SocketProcessor.doRun(NioEndpoint.java:1776)
	at org.apache.tomcat.util.net.SocketProcessorBase.run(SocketProcessorBase.java:52)
	at org.apache.tomcat.util.threads.ThreadPoolExecutor.runWorker(ThreadPoolExecutor.java:975)
	at org.apache.tomcat.util.threads.ThreadPoolExecutor$Worker.run(ThreadPoolExecutor.java:493)
	at org.apache.tomcat.util.threads.TaskThread$WrappingRunnable.run(TaskThread.java:63)
	at java.base/java.lang.Thread.run(Thread.java:833)
2025-10-03 10:32:10,327 WARN  HikariPool [HikariPool.java:825] HikariPool-1 - Thread starvation or clock leap detected (housekeeper delta=16h19m27s350ms939µs500ns).
2025-10-03 17:54:16,898 INFO  Http11Processor [DirectJDKLog.java:170] Error parsing HTTP request header
 Note: further occurrences of HTTP request parsing errors will be logged at DEBUG level.
java.lang.IllegalArgumentException: Invalid character found in method name [0x160x030x010x070x000x010x000x060xfc0x030x03)0x9e0xa70xd8R0x9c0x00*h0x8fB[0x840xe40x910xc80xdf?s0xdd0xaa0x860x050x180x000xd20xe2 ]. HTTP method names must be tokens
	at org.apache.coyote.http11.Http11InputBuffer.parseRequestLine(Http11InputBuffer.java:403)
	at org.apache.coyote.http11.Http11Processor.service(Http11Processor.java:271)
	at org.apache.coyote.AbstractProcessorLight.process(AbstractProcessorLight.java:63)
	at org.apache.coyote.AbstractProtocol$ConnectionHandler.process(AbstractProtocol.java:903)
	at org.apache.tomcat.util.net.NioEndpoint$SocketProcessor.doRun(NioEndpoint.java:1776)
	at org.apache.tomcat.util.net.SocketProcessorBase.run(SocketProcessorBase.java:52)
	at org.apache.tomcat.util.threads.ThreadPoolExecutor.runWorker(ThreadPoolExecutor.java:975)
	at org.apache.tomcat.util.threads.ThreadPoolExecutor$Worker.run(ThreadPoolExecutor.java:493)
	at org.apache.tomcat.util.threads.TaskThread$WrappingRunnable.run(TaskThread.java:63)
	at java.base/java.lang.Thread.run(Thread.java:833)
2025-10-06 10:16:00,864 INFO  Http11Processor [DirectJDKLog.java:170] Error parsing HTTP request header
 Note: further occurrences of HTTP request parsing errors will be logged at DEBUG level.
java.lang.IllegalArgumentException: Invalid character found in method name [0x160x030x010x070x000x010x000x060xfc0x030x03C0x9d0xbd0x1e+^RJ'0xc20xdf0xa170xd20xbe0x880xe80x080x91S0xdc?=O0x19+0xf60x042ZC0xa7 ]. HTTP method names must be tokens
	at org.apache.coyote.http11.Http11InputBuffer.parseRequestLine(Http11InputBuffer.java:403)
	at org.apache.coyote.http11.Http11Processor.service(Http11Processor.java:271)
	at org.apache.coyote.AbstractProcessorLight.process(AbstractProcessorLight.java:63)
	at org.apache.coyote.AbstractProtocol$ConnectionHandler.process(AbstractProtocol.java:903)
	at org.apache.tomcat.util.net.NioEndpoint$SocketProcessor.doRun(NioEndpoint.java:1776)
	at org.apache.tomcat.util.net.SocketProcessorBase.run(SocketProcessorBase.java:52)
	at org.apache.tomcat.util.threads.ThreadPoolExecutor.runWorker(ThreadPoolExecutor.java:975)
	at org.apache.tomcat.util.threads.ThreadPoolExecutor$Worker.run(ThreadPoolExecutor.java:493)
	at org.apache.tomcat.util.threads.TaskThread$WrappingRunnable.run(TaskThread.java:63)
	at java.base/java.lang.Thread.run(Thread.java:833)
2025-10-06 10:16:01,021 WARN  HikariPool [HikariPool.java:825] HikariPool-1 - Thread starvation or clock leap detected (housekeeper delta=2d9h21m8s384ms509µs800ns).
2025-10-07 10:45:44,295 WARN  HikariPool [HikariPool.java:825] HikariPool-1 - Thread starvation or clock leap detected (housekeeper delta=10h3m32s125ms833µs400ns).
2025-10-07 10:45:46,525 INFO  Http11Processor [DirectJDKLog.java:170] Error parsing HTTP request header
 Note: further occurrences of HTTP request parsing errors will be logged at DEBUG level.
java.lang.IllegalArgumentException: Invalid character found in method name [0x160x030x010x070x000x010x000x060xfc0x030x030x0f:0x0b=0x080xf30xedZ:0x92!,0xd10xaba50xf30xa80xf50xb760x0f0x920x140x82z0xb80x0c0xec0x1a0x0b0xd9 ]. HTTP method names must be tokens
	at org.apache.coyote.http11.Http11InputBuffer.parseRequestLine(Http11InputBuffer.java:403)
	at org.apache.coyote.http11.Http11Processor.service(Http11Processor.java:271)
	at org.apache.coyote.AbstractProcessorLight.process(AbstractProcessorLight.java:63)
	at org.apache.coyote.AbstractProtocol$ConnectionHandler.process(AbstractProtocol.java:903)
	at org.apache.tomcat.util.net.NioEndpoint$SocketProcessor.doRun(NioEndpoint.java:1776)
	at org.apache.tomcat.util.net.SocketProcessorBase.run(SocketProcessorBase.java:52)
	at org.apache.tomcat.util.threads.ThreadPoolExecutor.runWorker(ThreadPoolExecutor.java:975)
	at org.apache.tomcat.util.threads.ThreadPoolExecutor$Worker.run(ThreadPoolExecutor.java:493)
	at org.apache.tomcat.util.threads.TaskThread$WrappingRunnable.run(TaskThread.java:63)
	at java.base/java.lang.Thread.run(Thread.java:833)
2025-10-07 12:27:00,491 WARN  PoolBase [PoolBase.java:185] HikariPool-1 - Failed to validate connection org.postgresql.jdbc.PgConnection@9fac0fc (Соединение уже было закрыто). Possibly consider using a shorter maxLifetime value.
2025-10-07 12:27:15,687 WARN  PoolBase [PoolBase.java:185] HikariPool-1 - Failed to validate connection org.postgresql.jdbc.PgConnection@5f0f2e93 (Соединение уже было закрыто). Possibly consider using a shorter maxLifetime value.
2025-10-07 12:27:16,746 WARN  PoolBase [PoolBase.java:185] HikariPool-1 - Failed to validate connection org.postgresql.jdbc.PgConnection@33af4f20 (Соединение уже было закрыто). Possibly consider using a shorter maxLifetime value.
2025-10-07 12:27:49,243 WARN  PoolBase [PoolBase.java:185] HikariPool-1 - Failed to validate connection org.postgresql.jdbc.PgConnection@21a3209c (Соединение уже было закрыто). Possibly consider using a shorter maxLifetime value.
2025-10-07 12:27:56,218 WARN  PoolBase [PoolBase.java:185] HikariPool-1 - Failed to validate connection org.postgresql.jdbc.PgConnection@70878f8 (Соединение уже было закрыто). Possibly consider using a shorter maxLifetime value.
2025-10-07 12:27:58,582 WARN  PoolBase [PoolBase.java:185] HikariPool-1 - Failed to validate connection org.postgresql.jdbc.PgConnection@76889fe8 (Соединение уже было закрыто). Possibly consider using a shorter maxLifetime value.
2025-10-07 12:28:00,889 WARN  PoolBase [PoolBase.java:185] HikariPool-1 - Failed to validate connection org.postgresql.jdbc.PgConnection@6ca2235 (Соединение уже было закрыто). Possibly consider using a shorter maxLifetime value.
2025-10-07 12:28:08,018 WARN  PoolBase [PoolBase.java:185] HikariPool-1 - Failed to validate connection org.postgresql.jdbc.PgConnection@42c155ac (Соединение уже было закрыто). Possibly consider using a shorter maxLifetime value.
2025-10-07 12:28:10,298 WARN  PoolBase [PoolBase.java:185] HikariPool-1 - Failed to validate connection org.postgresql.jdbc.PgConnection@1e93e81 (Соединение уже было закрыто). Possibly consider using a shorter maxLifetime value.
2025-10-07 12:28:28,888 WARN  PoolBase [PoolBase.java:185] HikariPool-1 - Failed to validate connection org.postgresql.jdbc.PgConnection@56656f03 (Соединение уже было закрыто). Possibly consider using a shorter maxLifetime value.
2025-10-07 12:28:30,953 WARN  PoolBase [PoolBase.java:388] HikariPool-1 - Pool is empty, failed to create/setup connection (5752eb81-dc4b-4367-a4dd-f5134395a50b)
org.postgresql.util.PSQLException: Подсоединение по адресу localhost:5432 отклонено. Проверьте что хост и порт указаны правильно и что postmaster принимает TCP/IP-подсоединения.
	at org.postgresql.core.v3.ConnectionFactoryImpl.openConnectionImpl(ConnectionFactoryImpl.java:373)
	at org.postgresql.core.ConnectionFactory.openConnection(ConnectionFactory.java:57)
	at org.postgresql.jdbc.PgConnection.<init>(PgConnection.java:277)
	at org.postgresql.Driver.makeConnection(Driver.java:448)
	at org.postgresql.Driver.connect(Driver.java:298)
	at com.zaxxer.hikari.util.DriverDataSource.getConnection(DriverDataSource.java:144)
	at com.zaxxer.hikari.pool.PoolBase.newConnection(PoolBase.java:370)
	at com.zaxxer.hikari.pool.PoolBase.newPoolEntry(PoolBase.java:207)
	at com.zaxxer.hikari.pool.HikariPool.createPoolEntry(HikariPool.java:488)
	at com.zaxxer.hikari.pool.HikariPool$PoolEntryCreator.call(HikariPool.java:752)
	at com.zaxxer.hikari.pool.HikariPool$PoolEntryCreator.call(HikariPool.java:731)
	at java.base/java.util.concurrent.FutureTask.run(FutureTask.java:264)
	at java.base/java.util.concurrent.ThreadPoolExecutor.runWorker(ThreadPoolExecutor.java:1136)
	at java.base/java.util.concurrent.ThreadPoolExecutor$Worker.run(ThreadPoolExecutor.java:635)
	at java.base/java.lang.Thread.run(Thread.java:833)
Caused by: java.net.ConnectException: Connection refused: no further information
	at java.base/sun.nio.ch.Net.pollConnect(Native Method)
	at java.base/sun.nio.ch.Net.pollConnectNow(Net.java:672)
	at java.base/sun.nio.ch.NioSocketImpl.timedFinishConnect(NioSocketImpl.java:542)
	at java.base/sun.nio.ch.NioSocketImpl.connect(NioSocketImpl.java:597)
	at java.base/java.net.SocksSocketImpl.connect(SocksSocketImpl.java:327)
	at java.base/java.net.Socket.connect(Socket.java:633)
	at org.postgresql.core.PGStream.createSocket(PGStream.java:261)
	at org.postgresql.core.PGStream.<init>(PGStream.java:122)
	at org.postgresql.core.v3.ConnectionFactoryImpl.tryConnect(ConnectionFactoryImpl.java:146)
	at org.postgresql.core.v3.ConnectionFactoryImpl.openConnectionImpl(ConnectionFactoryImpl.java:289)
	... 14 common frames omitted
2025-10-07 12:29:36,141 WARN  PoolBase [PoolBase.java:388] HikariPool-1 - Pool is empty, failed to create/setup connection (345a8bc2-3bd9-413d-9585-fa169108237b)
org.postgresql.util.PSQLException: Подсоединение по адресу localhost:5432 отклонено. Проверьте что хост и порт указаны правильно и что postmaster принимает TCP/IP-подсоединения.
	at org.postgresql.core.v3.ConnectionFactoryImpl.openConnectionImpl(ConnectionFactoryImpl.java:373)
	at org.postgresql.core.ConnectionFactory.openConnection(ConnectionFactory.java:57)
	at org.postgresql.jdbc.PgConnection.<init>(PgConnection.java:277)
	at org.postgresql.Driver.makeConnection(Driver.java:448)
	at org.postgresql.Driver.connect(Driver.java:298)
	at com.zaxxer.hikari.util.DriverDataSource.getConnection(DriverDataSource.java:144)
	at com.zaxxer.hikari.pool.PoolBase.newConnection(PoolBase.java:370)
	at com.zaxxer.hikari.pool.PoolBase.newPoolEntry(PoolBase.java:207)
	at com.zaxxer.hikari.pool.HikariPool.createPoolEntry(HikariPool.java:488)
	at com.zaxxer.hikari.pool.HikariPool$PoolEntryCreator.call(HikariPool.java:752)
	at com.zaxxer.hikari.pool.HikariPool$PoolEntryCreator.call(HikariPool.java:731)
	at java.base/java.util.concurrent.FutureTask.run(FutureTask.java:264)
	at java.base/java.util.concurrent.ThreadPoolExecutor.runWorker(ThreadPoolExecutor.java:1136)
	at java.base/java.util.concurrent.ThreadPoolExecutor$Worker.run(ThreadPoolExecutor.java:635)
	at java.base/java.lang.Thread.run(Thread.java:833)
Caused by: java.net.ConnectException: Connection refused: no further information
	at java.base/sun.nio.ch.Net.pollConnect(Native Method)
	at java.base/sun.nio.ch.Net.pollConnectNow(Net.java:672)
	at java.base/sun.nio.ch.NioSocketImpl.timedFinishConnect(NioSocketImpl.java:542)
	at java.base/sun.nio.ch.NioSocketImpl.connect(NioSocketImpl.java:597)
	at java.base/java.net.SocksSocketImpl.connect(SocksSocketImpl.java:327)
	at java.base/java.net.Socket.connect(Socket.java:633)
	at org.postgresql.core.PGStream.createSocket(PGStream.java:261)
	at org.postgresql.core.PGStream.<init>(PGStream.java:122)
	at org.postgresql.core.v3.ConnectionFactoryImpl.tryConnect(ConnectionFactoryImpl.java:146)
	at org.postgresql.core.v3.ConnectionFactoryImpl.openConnectionImpl(ConnectionFactoryImpl.java:289)
	... 14 common frames omitted
2025-10-07 12:30:41,279 WARN  PoolBase [PoolBase.java:388] HikariPool-1 - Pool is empty, failed to create/setup connection (b67f152c-d43e-4348-a169-9c48c76e8640)
org.postgresql.util.PSQLException: Подсоединение по адресу localhost:5432 отклонено. Проверьте что хост и порт указаны правильно и что postmaster принимает TCP/IP-подсоединения.
	at org.postgresql.core.v3.ConnectionFactoryImpl.openConnectionImpl(ConnectionFactoryImpl.java:373)
	at org.postgresql.core.ConnectionFactory.openConnection(ConnectionFactory.java:57)
	at org.postgresql.jdbc.PgConnection.<init>(PgConnection.java:277)
	at org.postgresql.Driver.makeConnection(Driver.java:448)
	at org.postgresql.Driver.connect(Driver.java:298)
	at com.zaxxer.hikari.util.DriverDataSource.getConnection(DriverDataSource.java:144)
	at com.zaxxer.hikari.pool.PoolBase.newConnection(PoolBase.java:370)
	at com.zaxxer.hikari.pool.PoolBase.newPoolEntry(PoolBase.java:207)
	at com.zaxxer.hikari.pool.HikariPool.createPoolEntry(HikariPool.java:488)
	at com.zaxxer.hikari.pool.HikariPool$PoolEntryCreator.call(HikariPool.java:752)
	at com.zaxxer.hikari.pool.HikariPool$PoolEntryCreator.call(HikariPool.java:731)
	at java.base/java.util.concurrent.FutureTask.run(FutureTask.java:264)
	at java.base/java.util.concurrent.ThreadPoolExecutor.runWorker(ThreadPoolExecutor.java:1136)
	at java.base/java.util.concurrent.ThreadPoolExecutor$Worker.run(ThreadPoolExecutor.java:635)
	at java.base/java.lang.Thread.run(Thread.java:833)
Caused by: java.net.ConnectException: Connection refused: no further information
	at java.base/sun.nio.ch.Net.pollConnect(Native Method)
	at java.base/sun.nio.ch.Net.pollConnectNow(Net.java:672)
	at java.base/sun.nio.ch.NioSocketImpl.timedFinishConnect(NioSocketImpl.java:542)
	at java.base/sun.nio.ch.NioSocketImpl.connect(NioSocketImpl.java:597)
	at java.base/java.net.SocksSocketImpl.connect(SocksSocketImpl.java:327)
	at java.base/java.net.Socket.connect(Socket.java:633)
	at org.postgresql.core.PGStream.createSocket(PGStream.java:261)
	at org.postgresql.core.PGStream.<init>(PGStream.java:122)
	at org.postgresql.core.v3.ConnectionFactoryImpl.tryConnect(ConnectionFactoryImpl.java:146)
	at org.postgresql.core.v3.ConnectionFactoryImpl.openConnectionImpl(ConnectionFactoryImpl.java:289)
	... 14 common frames omitted
2025-10-07 12:31:46,391 WARN  PoolBase [PoolBase.java:388] HikariPool-1 - Pool is empty, failed to create/setup connection (395a8de8-49fe-4159-84f6-9a954566eb48)
org.postgresql.util.PSQLException: Подсоединение по адресу localhost:5432 отклонено. Проверьте что хост и порт указаны правильно и что postmaster принимает TCP/IP-подсоединения.
	at org.postgresql.core.v3.ConnectionFactoryImpl.openConnectionImpl(ConnectionFactoryImpl.java:373)
	at org.postgresql.core.ConnectionFactory.openConnection(ConnectionFactory.java:57)
	at org.postgresql.jdbc.PgConnection.<init>(PgConnection.java:277)
	at org.postgresql.Driver.makeConnection(Driver.java:448)
	at org.postgresql.Driver.connect(Driver.java:298)
	at com.zaxxer.hikari.util.DriverDataSource.getConnection(DriverDataSource.java:144)
	at com.zaxxer.hikari.pool.PoolBase.newConnection(PoolBase.java:370)
	at com.zaxxer.hikari.pool.PoolBase.newPoolEntry(PoolBase.java:207)
	at com.zaxxer.hikari.pool.HikariPool.createPoolEntry(HikariPool.java:488)
	at com.zaxxer.hikari.pool.HikariPool$PoolEntryCreator.call(HikariPool.java:752)
	at com.zaxxer.hikari.pool.HikariPool$PoolEntryCreator.call(HikariPool.java:731)
	at java.base/java.util.concurrent.FutureTask.run(FutureTask.java:264)
	at java.base/java.util.concurrent.ThreadPoolExecutor.runWorker(ThreadPoolExecutor.java:1136)
	at java.base/java.util.concurrent.ThreadPoolExecutor$Worker.run(ThreadPoolExecutor.java:635)
	at java.base/java.lang.Thread.run(Thread.java:833)
Caused by: java.net.ConnectException: Connection refused: no further information
	at java.base/sun.nio.ch.Net.pollConnect(Native Method)
	at java.base/sun.nio.ch.Net.pollConnectNow(Net.java:672)
	at java.base/sun.nio.ch.NioSocketImpl.timedFinishConnect(NioSocketImpl.java:542)
	at java.base/sun.nio.ch.NioSocketImpl.connect(NioSocketImpl.java:597)
	at java.base/java.net.SocksSocketImpl.connect(SocksSocketImpl.java:327)
	at java.base/java.net.Socket.connect(Socket.java:633)
	at org.postgresql.core.PGStream.createSocket(PGStream.java:261)
	at org.postgresql.core.PGStream.<init>(PGStream.java:122)
	at org.postgresql.core.v3.ConnectionFactoryImpl.tryConnect(ConnectionFactoryImpl.java:146)
	at org.postgresql.core.v3.ConnectionFactoryImpl.openConnectionImpl(ConnectionFactoryImpl.java:289)
	... 14 common frames omitted
2025-10-07 12:32:51,482 WARN  PoolBase [PoolBase.java:388] HikariPool-1 - Pool is empty, failed to create/setup connection (1a90b6f9-4e26-47d4-b20c-32febdde2ea1)
org.postgresql.util.PSQLException: Подсоединение по адресу localhost:5432 отклонено. Проверьте что хост и порт указаны правильно и что postmaster принимает TCP/IP-подсоединения.
	at org.postgresql.core.v3.ConnectionFactoryImpl.openConnectionImpl(ConnectionFactoryImpl.java:373)
	at org.postgresql.core.ConnectionFactory.openConnection(ConnectionFactory.java:57)
	at org.postgresql.jdbc.PgConnection.<init>(PgConnection.java:277)
	at org.postgresql.Driver.makeConnection(Driver.java:448)
	at org.postgresql.Driver.connect(Driver.java:298)
	at com.zaxxer.hikari.util.DriverDataSource.getConnection(DriverDataSource.java:144)
	at com.zaxxer.hikari.pool.PoolBase.newConnection(PoolBase.java:370)
	at com.zaxxer.hikari.pool.PoolBase.newPoolEntry(PoolBase.java:207)
	at com.zaxxer.hikari.pool.HikariPool.createPoolEntry(HikariPool.java:488)
	at com.zaxxer.hikari.pool.HikariPool$PoolEntryCreator.call(HikariPool.java:752)
	at com.zaxxer.hikari.pool.HikariPool$PoolEntryCreator.call(HikariPool.java:731)
	at java.base/java.util.concurrent.FutureTask.run(FutureTask.java:264)
	at java.base/java.util.concurrent.ThreadPoolExecutor.runWorker(ThreadPoolExecutor.java:1136)
	at java.base/java.util.concurrent.ThreadPoolExecutor$Worker.run(ThreadPoolExecutor.java:635)
	at java.base/java.lang.Thread.run(Thread.java:833)
Caused by: java.net.ConnectException: Connection refused: no further information
	at java.base/sun.nio.ch.Net.pollConnect(Native Method)
	at java.base/sun.nio.ch.Net.pollConnectNow(Net.java:672)
	at java.base/sun.nio.ch.NioSocketImpl.timedFinishConnect(NioSocketImpl.java:542)
	at java.base/sun.nio.ch.NioSocketImpl.connect(NioSocketImpl.java:597)
	at java.base/java.net.SocksSocketImpl.connect(SocksSocketImpl.java:327)
	at java.base/java.net.Socket.connect(Socket.java:633)
	at org.postgresql.core.PGStream.createSocket(PGStream.java:261)
	at org.postgresql.core.PGStream.<init>(PGStream.java:122)
	at org.postgresql.core.v3.ConnectionFactoryImpl.tryConnect(ConnectionFactoryImpl.java:146)
	at org.postgresql.core.v3.ConnectionFactoryImpl.openConnectionImpl(ConnectionFactoryImpl.java:289)
	... 14 common frames omitted
2025-10-07 12:33:56,594 WARN  PoolBase [PoolBase.java:388] HikariPool-1 - Pool is empty, failed to create/setup connection (0a6c50b3-713c-461f-8b12-00cfd6a62660)
org.postgresql.util.PSQLException: Подсоединение по адресу localhost:5432 отклонено. Проверьте что хост и порт указаны правильно и что postmaster принимает TCP/IP-подсоединения.
	at org.postgresql.core.v3.ConnectionFactoryImpl.openConnectionImpl(ConnectionFactoryImpl.java:373)
	at org.postgresql.core.ConnectionFactory.openConnection(ConnectionFactory.java:57)
	at org.postgresql.jdbc.PgConnection.<init>(PgConnection.java:277)
	at org.postgresql.Driver.makeConnection(Driver.java:448)
	at org.postgresql.Driver.connect(Driver.java:298)
	at com.zaxxer.hikari.util.DriverDataSource.getConnection(DriverDataSource.java:144)
	at com.zaxxer.hikari.pool.PoolBase.newConnection(PoolBase.java:370)
	at com.zaxxer.hikari.pool.PoolBase.newPoolEntry(PoolBase.java:207)
	at com.zaxxer.hikari.pool.HikariPool.createPoolEntry(HikariPool.java:488)
	at com.zaxxer.hikari.pool.HikariPool$PoolEntryCreator.call(HikariPool.java:752)
	at com.zaxxer.hikari.pool.HikariPool$PoolEntryCreator.call(HikariPool.java:731)
	at java.base/java.util.concurrent.FutureTask.run(FutureTask.java:264)
	at java.base/java.util.concurrent.ThreadPoolExecutor.runWorker(ThreadPoolExecutor.java:1136)
	at java.base/java.util.concurrent.ThreadPoolExecutor$Worker.run(ThreadPoolExecutor.java:635)
	at java.base/java.lang.Thread.run(Thread.java:833)
Caused by: java.net.ConnectException: Connection refused: no further information
	at java.base/sun.nio.ch.Net.pollConnect(Native Method)
	at java.base/sun.nio.ch.Net.pollConnectNow(Net.java:672)
	at java.base/sun.nio.ch.NioSocketImpl.timedFinishConnect(NioSocketImpl.java:542)
	at java.base/sun.nio.ch.NioSocketImpl.connect(NioSocketImpl.java:597)
	at java.base/java.net.SocksSocketImpl.connect(SocksSocketImpl.java:327)
	at java.base/java.net.Socket.connect(Socket.java:633)
	at org.postgresql.core.PGStream.createSocket(PGStream.java:261)
	at org.postgresql.core.PGStream.<init>(PGStream.java:122)
	at org.postgresql.core.v3.ConnectionFactoryImpl.tryConnect(ConnectionFactoryImpl.java:146)
	at org.postgresql.core.v3.ConnectionFactoryImpl.openConnectionImpl(ConnectionFactoryImpl.java:289)
	... 14 common frames omitted
2025-10-07 12:35:01,750 WARN  PoolBase [PoolBase.java:388] HikariPool-1 - Pool is empty, failed to create/setup connection (0c9c6aa6-0541-4e63-8f81-4a91f35c5f9a)
org.postgresql.util.PSQLException: Подсоединение по адресу localhost:5432 отклонено. Проверьте что хост и порт указаны правильно и что postmaster принимает TCP/IP-подсоединения.
	at org.postgresql.core.v3.ConnectionFactoryImpl.openConnectionImpl(ConnectionFactoryImpl.java:373)
	at org.postgresql.core.ConnectionFactory.openConnection(ConnectionFactory.java:57)
	at org.postgresql.jdbc.PgConnection.<init>(PgConnection.java:277)
	at org.postgresql.Driver.makeConnection(Driver.java:448)
	at org.postgresql.Driver.connect(Driver.java:298)
	at com.zaxxer.hikari.util.DriverDataSource.getConnection(DriverDataSource.java:144)
	at com.zaxxer.hikari.pool.PoolBase.newConnection(PoolBase.java:370)
	at com.zaxxer.hikari.pool.PoolBase.newPoolEntry(PoolBase.java:207)
	at com.zaxxer.hikari.pool.HikariPool.createPoolEntry(HikariPool.java:488)
	at com.zaxxer.hikari.pool.HikariPool$PoolEntryCreator.call(HikariPool.java:752)
	at com.zaxxer.hikari.pool.HikariPool$PoolEntryCreator.call(HikariPool.java:731)
	at java.base/java.util.concurrent.FutureTask.run(FutureTask.java:264)
	at java.base/java.util.concurrent.ThreadPoolExecutor.runWorker(ThreadPoolExecutor.java:1136)
	at java.base/java.util.concurrent.ThreadPoolExecutor$Worker.run(ThreadPoolExecutor.java:635)
	at java.base/java.lang.Thread.run(Thread.java:833)
Caused by: java.net.ConnectException: Connection refused: no further information
	at java.base/sun.nio.ch.Net.pollConnect(Native Method)
	at java.base/sun.nio.ch.Net.pollConnectNow(Net.java:672)
	at java.base/sun.nio.ch.NioSocketImpl.timedFinishConnect(NioSocketImpl.java:542)
	at java.base/sun.nio.ch.NioSocketImpl.connect(NioSocketImpl.java:597)
	at java.base/java.net.SocksSocketImpl.connect(SocksSocketImpl.java:327)
	at java.base/java.net.Socket.connect(Socket.java:633)
	at org.postgresql.core.PGStream.createSocket(PGStream.java:261)
	at org.postgresql.core.PGStream.<init>(PGStream.java:122)
	at org.postgresql.core.v3.ConnectionFactoryImpl.tryConnect(ConnectionFactoryImpl.java:146)
	at org.postgresql.core.v3.ConnectionFactoryImpl.openConnectionImpl(ConnectionFactoryImpl.java:289)
	... 14 common frames omitted
2025-10-07 12:36:06,924 WARN  PoolBase [PoolBase.java:388] HikariPool-1 - Pool is empty, failed to create/setup connection (fd7dace4-2275-4902-ad17-ac8932912ac1)
org.postgresql.util.PSQLException: Подсоединение по адресу localhost:5432 отклонено. Проверьте что хост и порт указаны правильно и что postmaster принимает TCP/IP-подсоединения.
	at org.postgresql.core.v3.ConnectionFactoryImpl.openConnectionImpl(ConnectionFactoryImpl.java:373)
	at org.postgresql.core.ConnectionFactory.openConnection(ConnectionFactory.java:57)
	at org.postgresql.jdbc.PgConnection.<init>(PgConnection.java:277)
	at org.postgresql.Driver.makeConnection(Driver.java:448)
	at org.postgresql.Driver.connect(Driver.java:298)
	at com.zaxxer.hikari.util.DriverDataSource.getConnection(DriverDataSource.java:144)
	at com.zaxxer.hikari.pool.PoolBase.newConnection(PoolBase.java:370)
	at com.zaxxer.hikari.pool.PoolBase.newPoolEntry(PoolBase.java:207)
	at com.zaxxer.hikari.pool.HikariPool.createPoolEntry(HikariPool.java:488)
	at com.zaxxer.hikari.pool.HikariPool$PoolEntryCreator.call(HikariPool.java:752)
	at com.zaxxer.hikari.pool.HikariPool$PoolEntryCreator.call(HikariPool.java:731)
	at java.base/java.util.concurrent.FutureTask.run(FutureTask.java:264)
	at java.base/java.util.concurrent.ThreadPoolExecutor.runWorker(ThreadPoolExecutor.java:1136)
	at java.base/java.util.concurrent.ThreadPoolExecutor$Worker.run(ThreadPoolExecutor.java:635)
	at java.base/java.lang.Thread.run(Thread.java:833)
Caused by: java.net.ConnectException: Connection refused: no further information
	at java.base/sun.nio.ch.Net.pollConnect(Native Method)
	at java.base/sun.nio.ch.Net.pollConnectNow(Net.java:672)
	at java.base/sun.nio.ch.NioSocketImpl.timedFinishConnect(NioSocketImpl.java:542)
	at java.base/sun.nio.ch.NioSocketImpl.connect(NioSocketImpl.java:597)
	at java.base/java.net.SocksSocketImpl.connect(SocksSocketImpl.java:327)
	at java.base/java.net.Socket.connect(Socket.java:633)
	at org.postgresql.core.PGStream.createSocket(PGStream.java:261)
	at org.postgresql.core.PGStream.<init>(PGStream.java:122)
	at org.postgresql.core.v3.ConnectionFactoryImpl.tryConnect(ConnectionFactoryImpl.java:146)
	at org.postgresql.core.v3.ConnectionFactoryImpl.openConnectionImpl(ConnectionFactoryImpl.java:289)
	... 14 common frames omitted
2025-10-07 12:37:12,121 WARN  PoolBase [PoolBase.java:388] HikariPool-1 - Pool is empty, failed to create/setup connection (15604dd1-6c32-491b-bdf6-76b0fe25ae82)
org.postgresql.util.PSQLException: Подсоединение по адресу localhost:5432 отклонено. Проверьте что хост и порт указаны правильно и что postmaster принимает TCP/IP-подсоединения.
	at org.postgresql.core.v3.ConnectionFactoryImpl.openConnectionImpl(ConnectionFactoryImpl.java:373)
	at org.postgresql.core.ConnectionFactory.openConnection(ConnectionFactory.java:57)
	at org.postgresql.jdbc.PgConnection.<init>(PgConnection.java:277)
	at org.postgresql.Driver.makeConnection(Driver.java:448)
	at org.postgresql.Driver.connect(Driver.java:298)
	at com.zaxxer.hikari.util.DriverDataSource.getConnection(DriverDataSource.java:144)
	at com.zaxxer.hikari.pool.PoolBase.newConnection(PoolBase.java:370)
	at com.zaxxer.hikari.pool.PoolBase.newPoolEntry(PoolBase.java:207)
	at com.zaxxer.hikari.pool.HikariPool.createPoolEntry(HikariPool.java:488)
	at com.zaxxer.hikari.pool.HikariPool$PoolEntryCreator.call(HikariPool.java:752)
	at com.zaxxer.hikari.pool.HikariPool$PoolEntryCreator.call(HikariPool.java:731)
	at java.base/java.util.concurrent.FutureTask.run(FutureTask.java:264)
	at java.base/java.util.concurrent.ThreadPoolExecutor.runWorker(ThreadPoolExecutor.java:1136)
	at java.base/java.util.concurrent.ThreadPoolExecutor$Worker.run(ThreadPoolExecutor.java:635)
	at java.base/java.lang.Thread.run(Thread.java:833)
Caused by: java.net.ConnectException: Connection refused: no further information
	at java.base/sun.nio.ch.Net.pollConnect(Native Method)
	at java.base/sun.nio.ch.Net.pollConnectNow(Net.java:672)
	at java.base/sun.nio.ch.NioSocketImpl.timedFinishConnect(NioSocketImpl.java:542)
	at java.base/sun.nio.ch.NioSocketImpl.connect(NioSocketImpl.java:597)
	at java.base/java.net.SocksSocketImpl.connect(SocksSocketImpl.java:327)
	at java.base/java.net.Socket.connect(Socket.java:633)
	at org.postgresql.core.PGStream.createSocket(PGStream.java:261)
	at org.postgresql.core.PGStream.<init>(PGStream.java:122)
	at org.postgresql.core.v3.ConnectionFactoryImpl.tryConnect(ConnectionFactoryImpl.java:146)
	at org.postgresql.core.v3.ConnectionFactoryImpl.openConnectionImpl(ConnectionFactoryImpl.java:289)
	... 14 common frames omitted
2025-10-07 12:38:17,271 WARN  PoolBase [PoolBase.java:388] HikariPool-1 - Pool is empty, failed to create/setup connection (eb04c92d-f619-4252-a8e0-32cabe5c0adf)
org.postgresql.util.PSQLException: Подсоединение по адресу localhost:5432 отклонено. Проверьте что хост и порт указаны правильно и что postmaster принимает TCP/IP-подсоединения.
	at org.postgresql.core.v3.ConnectionFactoryImpl.openConnectionImpl(ConnectionFactoryImpl.java:373)
	at org.postgresql.core.ConnectionFactory.openConnection(ConnectionFactory.java:57)
	at org.postgresql.jdbc.PgConnection.<init>(PgConnection.java:277)
	at org.postgresql.Driver.makeConnection(Driver.java:448)
	at org.postgresql.Driver.connect(Driver.java:298)
	at com.zaxxer.hikari.util.DriverDataSource.getConnection(DriverDataSource.java:144)
	at com.zaxxer.hikari.pool.PoolBase.newConnection(PoolBase.java:370)
	at com.zaxxer.hikari.pool.PoolBase.newPoolEntry(PoolBase.java:207)
	at com.zaxxer.hikari.pool.HikariPool.createPoolEntry(HikariPool.java:488)
	at com.zaxxer.hikari.pool.HikariPool$PoolEntryCreator.call(HikariPool.java:752)
	at com.zaxxer.hikari.pool.HikariPool$PoolEntryCreator.call(HikariPool.java:731)
	at java.base/java.util.concurrent.FutureTask.run(FutureTask.java:264)
	at java.base/java.util.concurrent.ThreadPoolExecutor.runWorker(ThreadPoolExecutor.java:1136)
	at java.base/java.util.concurrent.ThreadPoolExecutor$Worker.run(ThreadPoolExecutor.java:635)
	at java.base/java.lang.Thread.run(Thread.java:833)
Caused by: java.net.ConnectException: Connection refused: no further information
	at java.base/sun.nio.ch.Net.pollConnect(Native Method)
	at java.base/sun.nio.ch.Net.pollConnectNow(Net.java:672)
	at java.base/sun.nio.ch.NioSocketImpl.timedFinishConnect(NioSocketImpl.java:542)
	at java.base/sun.nio.ch.NioSocketImpl.connect(NioSocketImpl.java:597)
	at java.base/java.net.SocksSocketImpl.connect(SocksSocketImpl.java:327)
	at java.base/java.net.Socket.connect(Socket.java:633)
	at org.postgresql.core.PGStream.createSocket(PGStream.java:261)
	at org.postgresql.core.PGStream.<init>(PGStream.java:122)
	at org.postgresql.core.v3.ConnectionFactoryImpl.tryConnect(ConnectionFactoryImpl.java:146)
	at org.postgresql.core.v3.ConnectionFactoryImpl.openConnectionImpl(ConnectionFactoryImpl.java:289)
	... 14 common frames omitted
2025-10-07 12:39:22,447 WARN  PoolBase [PoolBase.java:388] HikariPool-1 - Pool is empty, failed to create/setup connection (a6d4509a-e71f-4b10-a733-e737e20f4387)
org.postgresql.util.PSQLException: Подсоединение по адресу localhost:5432 отклонено. Проверьте что хост и порт указаны правильно и что postmaster принимает TCP/IP-подсоединения.
	at org.postgresql.core.v3.ConnectionFactoryImpl.openConnectionImpl(ConnectionFactoryImpl.java:373)
	at org.postgresql.core.ConnectionFactory.openConnection(ConnectionFactory.java:57)
	at org.postgresql.jdbc.PgConnection.<init>(PgConnection.java:277)
	at org.postgresql.Driver.makeConnection(Driver.java:448)
	at org.postgresql.Driver.connect(Driver.java:298)
	at com.zaxxer.hikari.util.DriverDataSource.getConnection(DriverDataSource.java:144)
	at com.zaxxer.hikari.pool.PoolBase.newConnection(PoolBase.java:370)
	at com.zaxxer.hikari.pool.PoolBase.newPoolEntry(PoolBase.java:207)
	at com.zaxxer.hikari.pool.HikariPool.createPoolEntry(HikariPool.java:488)
	at com.zaxxer.hikari.pool.HikariPool$PoolEntryCreator.call(HikariPool.java:752)
	at com.zaxxer.hikari.pool.HikariPool$PoolEntryCreator.call(HikariPool.java:731)
	at java.base/java.util.concurrent.FutureTask.run(FutureTask.java:264)
	at java.base/java.util.concurrent.ThreadPoolExecutor.runWorker(ThreadPoolExecutor.java:1136)
	at java.base/java.util.concurrent.ThreadPoolExecutor$Worker.run(ThreadPoolExecutor.java:635)
	at java.base/java.lang.Thread.run(Thread.java:833)
Caused by: java.net.ConnectException: Connection refused: no further information
	at java.base/sun.nio.ch.Net.pollConnect(Native Method)
	at java.base/sun.nio.ch.Net.pollConnectNow(Net.java:672)
	at java.base/sun.nio.ch.NioSocketImpl.timedFinishConnect(NioSocketImpl.java:549)
	at java.base/sun.nio.ch.NioSocketImpl.connect(NioSocketImpl.java:597)
	at java.base/java.net.SocksSocketImpl.connect(SocksSocketImpl.java:327)
	at java.base/java.net.Socket.connect(Socket.java:633)
	at org.postgresql.core.PGStream.createSocket(PGStream.java:261)
	at org.postgresql.core.PGStream.<init>(PGStream.java:122)
	at org.postgresql.core.v3.ConnectionFactoryImpl.tryConnect(ConnectionFactoryImpl.java:146)
	at org.postgresql.core.v3.ConnectionFactoryImpl.openConnectionImpl(ConnectionFactoryImpl.java:289)
	... 14 common frames omitted
2025-10-07 12:40:27,615 WARN  PoolBase [PoolBase.java:388] HikariPool-1 - Pool is empty, failed to create/setup connection (10790faf-54df-493b-82cc-42caa166da7d)
org.postgresql.util.PSQLException: Подсоединение по адресу localhost:5432 отклонено. Проверьте что хост и порт указаны правильно и что postmaster принимает TCP/IP-подсоединения.
	at org.postgresql.core.v3.ConnectionFactoryImpl.openConnectionImpl(ConnectionFactoryImpl.java:373)
	at org.postgresql.core.ConnectionFactory.openConnection(ConnectionFactory.java:57)
	at org.postgresql.jdbc.PgConnection.<init>(PgConnection.java:277)
	at org.postgresql.Driver.makeConnection(Driver.java:448)
	at org.postgresql.Driver.connect(Driver.java:298)
	at com.zaxxer.hikari.util.DriverDataSource.getConnection(DriverDataSource.java:144)
	at com.zaxxer.hikari.pool.PoolBase.newConnection(PoolBase.java:370)
	at com.zaxxer.hikari.pool.PoolBase.newPoolEntry(PoolBase.java:207)
	at com.zaxxer.hikari.pool.HikariPool.createPoolEntry(HikariPool.java:488)
	at com.zaxxer.hikari.pool.HikariPool$PoolEntryCreator.call(HikariPool.java:752)
	at com.zaxxer.hikari.pool.HikariPool$PoolEntryCreator.call(HikariPool.java:731)
	at java.base/java.util.concurrent.FutureTask.run(FutureTask.java:264)
	at java.base/java.util.concurrent.ThreadPoolExecutor.runWorker(ThreadPoolExecutor.java:1136)
	at java.base/java.util.concurrent.ThreadPoolExecutor$Worker.run(ThreadPoolExecutor.java:635)
	at java.base/java.lang.Thread.run(Thread.java:833)
Caused by: java.net.ConnectException: Connection refused: no further information
	at java.base/sun.nio.ch.Net.pollConnect(Native Method)
	at java.base/sun.nio.ch.Net.pollConnectNow(Net.java:672)
	at java.base/sun.nio.ch.NioSocketImpl.timedFinishConnect(NioSocketImpl.java:542)
	at java.base/sun.nio.ch.NioSocketImpl.connect(NioSocketImpl.java:597)
	at java.base/java.net.SocksSocketImpl.connect(SocksSocketImpl.java:327)
	at java.base/java.net.Socket.connect(Socket.java:633)
	at org.postgresql.core.PGStream.createSocket(PGStream.java:261)
	at org.postgresql.core.PGStream.<init>(PGStream.java:122)
	at org.postgresql.core.v3.ConnectionFactoryImpl.tryConnect(ConnectionFactoryImpl.java:146)
	at org.postgresql.core.v3.ConnectionFactoryImpl.openConnectionImpl(ConnectionFactoryImpl.java:289)
	... 14 common frames omitted
2025-10-07 12:41:32,845 WARN  PoolBase [PoolBase.java:388] HikariPool-1 - Pool is empty, failed to create/setup connection (221e0b76-9b62-4da6-9d4b-a0eeafc26991)
org.postgresql.util.PSQLException: Подсоединение по адресу localhost:5432 отклонено. Проверьте что хост и порт указаны правильно и что postmaster принимает TCP/IP-подсоединения.
	at org.postgresql.core.v3.ConnectionFactoryImpl.openConnectionImpl(ConnectionFactoryImpl.java:373)
	at org.postgresql.core.ConnectionFactory.openConnection(ConnectionFactory.java:57)
	at org.postgresql.jdbc.PgConnection.<init>(PgConnection.java:277)
	at org.postgresql.Driver.makeConnection(Driver.java:448)
	at org.postgresql.Driver.connect(Driver.java:298)
	at com.zaxxer.hikari.util.DriverDataSource.getConnection(DriverDataSource.java:144)
	at com.zaxxer.hikari.pool.PoolBase.newConnection(PoolBase.java:370)
	at com.zaxxer.hikari.pool.PoolBase.newPoolEntry(PoolBase.java:207)
	at com.zaxxer.hikari.pool.HikariPool.createPoolEntry(HikariPool.java:488)
	at com.zaxxer.hikari.pool.HikariPool$PoolEntryCreator.call(HikariPool.java:752)
	at com.zaxxer.hikari.pool.HikariPool$PoolEntryCreator.call(HikariPool.java:731)
	at java.base/java.util.concurrent.FutureTask.run(FutureTask.java:264)
	at java.base/java.util.concurrent.ThreadPoolExecutor.runWorker(ThreadPoolExecutor.java:1136)
	at java.base/java.util.concurrent.ThreadPoolExecutor$Worker.run(ThreadPoolExecutor.java:635)
	at java.base/java.lang.Thread.run(Thread.java:833)
Caused by: java.net.ConnectException: Connection refused: no further information
	at java.base/sun.nio.ch.Net.pollConnect(Native Method)
	at java.base/sun.nio.ch.Net.pollConnectNow(Net.java:672)
	at java.base/sun.nio.ch.NioSocketImpl.timedFinishConnect(NioSocketImpl.java:542)
	at java.base/sun.nio.ch.NioSocketImpl.connect(NioSocketImpl.java:597)
	at java.base/java.net.SocksSocketImpl.connect(SocksSocketImpl.java:327)
	at java.base/java.net.Socket.connect(Socket.java:633)
	at org.postgresql.core.PGStream.createSocket(PGStream.java:261)
	at org.postgresql.core.PGStream.<init>(PGStream.java:122)
	at org.postgresql.core.v3.ConnectionFactoryImpl.tryConnect(ConnectionFactoryImpl.java:146)
	at org.postgresql.core.v3.ConnectionFactoryImpl.openConnectionImpl(ConnectionFactoryImpl.java:289)
	... 14 common frames omitted
2025-10-07 12:42:38,081 WARN  PoolBase [PoolBase.java:388] HikariPool-1 - Pool is empty, failed to create/setup connection (e34c4d75-ed10-45f1-95d0-5da9e5b309dd)
org.postgresql.util.PSQLException: Подсоединение по адресу localhost:5432 отклонено. Проверьте что хост и порт указаны правильно и что postmaster принимает TCP/IP-подсоединения.
	at org.postgresql.core.v3.ConnectionFactoryImpl.openConnectionImpl(ConnectionFactoryImpl.java:373)
	at org.postgresql.core.ConnectionFactory.openConnection(ConnectionFactory.java:57)
	at org.postgresql.jdbc.PgConnection.<init>(PgConnection.java:277)
	at org.postgresql.Driver.makeConnection(Driver.java:448)
	at org.postgresql.Driver.connect(Driver.java:298)
	at com.zaxxer.hikari.util.DriverDataSource.getConnection(DriverDataSource.java:144)
	at com.zaxxer.hikari.pool.PoolBase.newConnection(PoolBase.java:370)
	at com.zaxxer.hikari.pool.PoolBase.newPoolEntry(PoolBase.java:207)
	at com.zaxxer.hikari.pool.HikariPool.createPoolEntry(HikariPool.java:488)
	at com.zaxxer.hikari.pool.HikariPool$PoolEntryCreator.call(HikariPool.java:752)
	at com.zaxxer.hikari.pool.HikariPool$PoolEntryCreator.call(HikariPool.java:731)
	at java.base/java.util.concurrent.FutureTask.run(FutureTask.java:264)
	at java.base/java.util.concurrent.ThreadPoolExecutor.runWorker(ThreadPoolExecutor.java:1136)
	at java.base/java.util.concurrent.ThreadPoolExecutor$Worker.run(ThreadPoolExecutor.java:635)
	at java.base/java.lang.Thread.run(Thread.java:833)
Caused by: java.net.ConnectException: Connection refused: no further information
	at java.base/sun.nio.ch.Net.pollConnect(Native Method)
	at java.base/sun.nio.ch.Net.pollConnectNow(Net.java:672)
	at java.base/sun.nio.ch.NioSocketImpl.timedFinishConnect(NioSocketImpl.java:542)
	at java.base/sun.nio.ch.NioSocketImpl.connect(NioSocketImpl.java:597)
	at java.base/java.net.SocksSocketImpl.connect(SocksSocketImpl.java:327)
	at java.base/java.net.Socket.connect(Socket.java:633)
	at org.postgresql.core.PGStream.createSocket(PGStream.java:261)
	at org.postgresql.core.PGStream.<init>(PGStream.java:122)
	at org.postgresql.core.v3.ConnectionFactoryImpl.tryConnect(ConnectionFactoryImpl.java:146)
	at org.postgresql.core.v3.ConnectionFactoryImpl.openConnectionImpl(ConnectionFactoryImpl.java:289)
	... 14 common frames omitted
2025-10-07 12:43:43,293 WARN  PoolBase [PoolBase.java:388] HikariPool-1 - Pool is empty, failed to create/setup connection (1a0ae5a7-45ff-4411-8029-f065821ae5b0)
org.postgresql.util.PSQLException: Подсоединение по адресу localhost:5432 отклонено. Проверьте что хост и порт указаны правильно и что postmaster принимает TCP/IP-подсоединения.
	at org.postgresql.core.v3.ConnectionFactoryImpl.openConnectionImpl(ConnectionFactoryImpl.java:373)
	at org.postgresql.core.ConnectionFactory.openConnection(ConnectionFactory.java:57)
	at org.postgresql.jdbc.PgConnection.<init>(PgConnection.java:277)
	at org.postgresql.Driver.makeConnection(Driver.java:448)
	at org.postgresql.Driver.connect(Driver.java:298)
	at com.zaxxer.hikari.util.DriverDataSource.getConnection(DriverDataSource.java:144)
	at com.zaxxer.hikari.pool.PoolBase.newConnection(PoolBase.java:370)
	at com.zaxxer.hikari.pool.PoolBase.newPoolEntry(PoolBase.java:207)
	at com.zaxxer.hikari.pool.HikariPool.createPoolEntry(HikariPool.java:488)
	at com.zaxxer.hikari.pool.HikariPool$PoolEntryCreator.call(HikariPool.java:752)
	at com.zaxxer.hikari.pool.HikariPool$PoolEntryCreator.call(HikariPool.java:731)
	at java.base/java.util.concurrent.FutureTask.run(FutureTask.java:264)
	at java.base/java.util.concurrent.ThreadPoolExecutor.runWorker(ThreadPoolExecutor.java:1136)
	at java.base/java.util.concurrent.ThreadPoolExecutor$Worker.run(ThreadPoolExecutor.java:635)
	at java.base/java.lang.Thread.run(Thread.java:833)
Caused by: java.net.ConnectException: Connection refused: no further information
	at java.base/sun.nio.ch.Net.pollConnect(Native Method)
	at java.base/sun.nio.ch.Net.pollConnectNow(Net.java:672)
	at java.base/sun.nio.ch.NioSocketImpl.timedFinishConnect(NioSocketImpl.java:542)
	at java.base/sun.nio.ch.NioSocketImpl.connect(NioSocketImpl.java:597)
	at java.base/java.net.SocksSocketImpl.connect(SocksSocketImpl.java:327)
	at java.base/java.net.Socket.connect(Socket.java:633)
	at org.postgresql.core.PGStream.createSocket(PGStream.java:261)
	at org.postgresql.core.PGStream.<init>(PGStream.java:122)
	at org.postgresql.core.v3.ConnectionFactoryImpl.tryConnect(ConnectionFactoryImpl.java:146)
	at org.postgresql.core.v3.ConnectionFactoryImpl.openConnectionImpl(ConnectionFactoryImpl.java:289)
	... 14 common frames omitted
2025-10-07 12:44:48,533 WARN  PoolBase [PoolBase.java:388] HikariPool-1 - Pool is empty, failed to create/setup connection (b348a48e-324d-4895-8ec5-c725df77609b)
org.postgresql.util.PSQLException: Подсоединение по адресу localhost:5432 отклонено. Проверьте что хост и порт указаны правильно и что postmaster принимает TCP/IP-подсоединения.
	at org.postgresql.core.v3.ConnectionFactoryImpl.openConnectionImpl(ConnectionFactoryImpl.java:373)
	at org.postgresql.core.ConnectionFactory.openConnection(ConnectionFactory.java:57)
	at org.postgresql.jdbc.PgConnection.<init>(PgConnection.java:277)
	at org.postgresql.Driver.makeConnection(Driver.java:448)
	at org.postgresql.Driver.connect(Driver.java:298)
	at com.zaxxer.hikari.util.DriverDataSource.getConnection(DriverDataSource.java:144)
	at com.zaxxer.hikari.pool.PoolBase.newConnection(PoolBase.java:370)
	at com.zaxxer.hikari.pool.PoolBase.newPoolEntry(PoolBase.java:207)
	at com.zaxxer.hikari.pool.HikariPool.createPoolEntry(HikariPool.java:488)
	at com.zaxxer.hikari.pool.HikariPool$PoolEntryCreator.call(HikariPool.java:752)
	at com.zaxxer.hikari.pool.HikariPool$PoolEntryCreator.call(HikariPool.java:731)
	at java.base/java.util.concurrent.FutureTask.run(FutureTask.java:264)
	at java.base/java.util.concurrent.ThreadPoolExecutor.runWorker(ThreadPoolExecutor.java:1136)
	at java.base/java.util.concurrent.ThreadPoolExecutor$Worker.run(ThreadPoolExecutor.java:635)
	at java.base/java.lang.Thread.run(Thread.java:833)
Caused by: java.net.ConnectException: Connection refused: no further information
	at java.base/sun.nio.ch.Net.pollConnect(Native Method)
	at java.base/sun.nio.ch.Net.pollConnectNow(Net.java:672)
	at java.base/sun.nio.ch.NioSocketImpl.timedFinishConnect(NioSocketImpl.java:542)
	at java.base/sun.nio.ch.NioSocketImpl.connect(NioSocketImpl.java:597)
	at java.base/java.net.SocksSocketImpl.connect(SocksSocketImpl.java:327)
	at java.base/java.net.Socket.connect(Socket.java:633)
	at org.postgresql.core.PGStream.createSocket(PGStream.java:261)
	at org.postgresql.core.PGStream.<init>(PGStream.java:122)
	at org.postgresql.core.v3.ConnectionFactoryImpl.tryConnect(ConnectionFactoryImpl.java:146)
	at org.postgresql.core.v3.ConnectionFactoryImpl.openConnectionImpl(ConnectionFactoryImpl.java:289)
	... 14 common frames omitted
2025-10-07 12:45:53,729 WARN  PoolBase [PoolBase.java:388] HikariPool-1 - Pool is empty, failed to create/setup connection (00c3e513-bb66-413f-a31d-90c053941777)
org.postgresql.util.PSQLException: Подсоединение по адресу localhost:5432 отклонено. Проверьте что хост и порт указаны правильно и что postmaster принимает TCP/IP-подсоединения.
	at org.postgresql.core.v3.ConnectionFactoryImpl.openConnectionImpl(ConnectionFactoryImpl.java:373)
	at org.postgresql.core.ConnectionFactory.openConnection(ConnectionFactory.java:57)
	at org.postgresql.jdbc.PgConnection.<init>(PgConnection.java:277)
	at org.postgresql.Driver.makeConnection(Driver.java:448)
	at org.postgresql.Driver.connect(Driver.java:298)
	at com.zaxxer.hikari.util.DriverDataSource.getConnection(DriverDataSource.java:144)
	at com.zaxxer.hikari.pool.PoolBase.newConnection(PoolBase.java:370)
	at com.zaxxer.hikari.pool.PoolBase.newPoolEntry(PoolBase.java:207)
	at com.zaxxer.hikari.pool.HikariPool.createPoolEntry(HikariPool.java:488)
	at com.zaxxer.hikari.pool.HikariPool$PoolEntryCreator.call(HikariPool.java:752)
	at com.zaxxer.hikari.pool.HikariPool$PoolEntryCreator.call(HikariPool.java:731)
	at java.base/java.util.concurrent.FutureTask.run(FutureTask.java:264)
	at java.base/java.util.concurrent.ThreadPoolExecutor.runWorker(ThreadPoolExecutor.java:1136)
	at java.base/java.util.concurrent.ThreadPoolExecutor$Worker.run(ThreadPoolExecutor.java:635)
	at java.base/java.lang.Thread.run(Thread.java:833)
Caused by: java.net.ConnectException: Connection refused: no further information
	at java.base/sun.nio.ch.Net.pollConnect(Native Method)
	at java.base/sun.nio.ch.Net.pollConnectNow(Net.java:672)
	at java.base/sun.nio.ch.NioSocketImpl.timedFinishConnect(NioSocketImpl.java:542)
	at java.base/sun.nio.ch.NioSocketImpl.connect(NioSocketImpl.java:597)
	at java.base/java.net.SocksSocketImpl.connect(SocksSocketImpl.java:327)
	at java.base/java.net.Socket.connect(Socket.java:633)
	at org.postgresql.core.PGStream.createSocket(PGStream.java:261)
	at org.postgresql.core.PGStream.<init>(PGStream.java:122)
	at org.postgresql.core.v3.ConnectionFactoryImpl.tryConnect(ConnectionFactoryImpl.java:146)
	at org.postgresql.core.v3.ConnectionFactoryImpl.openConnectionImpl(ConnectionFactoryImpl.java:289)
	... 14 common frames omitted
2025-10-07 12:46:58,938 WARN  PoolBase [PoolBase.java:388] HikariPool-1 - Pool is empty, failed to create/setup connection (bfde64c2-9643-4ee2-b491-3d6478c5edd9)
org.postgresql.util.PSQLException: Подсоединение по адресу localhost:5432 отклонено. Проверьте что хост и порт указаны правильно и что postmaster принимает TCP/IP-подсоединения.
	at org.postgresql.core.v3.ConnectionFactoryImpl.openConnectionImpl(ConnectionFactoryImpl.java:373)
	at org.postgresql.core.ConnectionFactory.openConnection(ConnectionFactory.java:57)
	at org.postgresql.jdbc.PgConnection.<init>(PgConnection.java:277)
	at org.postgresql.Driver.makeConnection(Driver.java:448)
	at org.postgresql.Driver.connect(Driver.java:298)
	at com.zaxxer.hikari.util.DriverDataSource.getConnection(DriverDataSource.java:144)
	at com.zaxxer.hikari.pool.PoolBase.newConnection(PoolBase.java:370)
	at com.zaxxer.hikari.pool.PoolBase.newPoolEntry(PoolBase.java:207)
	at com.zaxxer.hikari.pool.HikariPool.createPoolEntry(HikariPool.java:488)
	at com.zaxxer.hikari.pool.HikariPool$PoolEntryCreator.call(HikariPool.java:752)
	at com.zaxxer.hikari.pool.HikariPool$PoolEntryCreator.call(HikariPool.java:731)
	at java.base/java.util.concurrent.FutureTask.run(FutureTask.java:264)
	at java.base/java.util.concurrent.ThreadPoolExecutor.runWorker(ThreadPoolExecutor.java:1136)
	at java.base/java.util.concurrent.ThreadPoolExecutor$Worker.run(ThreadPoolExecutor.java:635)
	at java.base/java.lang.Thread.run(Thread.java:833)
Caused by: java.net.ConnectException: Connection refused: no further information
	at java.base/sun.nio.ch.Net.pollConnect(Native Method)
	at java.base/sun.nio.ch.Net.pollConnectNow(Net.java:672)
	at java.base/sun.nio.ch.NioSocketImpl.timedFinishConnect(NioSocketImpl.java:542)
	at java.base/sun.nio.ch.NioSocketImpl.connect(NioSocketImpl.java:597)
	at java.base/java.net.SocksSocketImpl.connect(SocksSocketImpl.java:327)
	at java.base/java.net.Socket.connect(Socket.java:633)
	at org.postgresql.core.PGStream.createSocket(PGStream.java:261)
	at org.postgresql.core.PGStream.<init>(PGStream.java:122)
	at org.postgresql.core.v3.ConnectionFactoryImpl.tryConnect(ConnectionFactoryImpl.java:146)
	at org.postgresql.core.v3.ConnectionFactoryImpl.openConnectionImpl(ConnectionFactoryImpl.java:289)
	... 14 common frames omitted
2025-10-07 12:48:04,141 WARN  PoolBase [PoolBase.java:388] HikariPool-1 - Pool is empty, failed to create/setup connection (4e8400d0-0e43-4f8c-a21f-52abe40114f8)
org.postgresql.util.PSQLException: Подсоединение по адресу localhost:5432 отклонено. Проверьте что хост и порт указаны правильно и что postmaster принимает TCP/IP-подсоединения.
	at org.postgresql.core.v3.ConnectionFactoryImpl.openConnectionImpl(ConnectionFactoryImpl.java:373)
	at org.postgresql.core.ConnectionFactory.openConnection(ConnectionFactory.java:57)
	at org.postgresql.jdbc.PgConnection.<init>(PgConnection.java:277)
	at org.postgresql.Driver.makeConnection(Driver.java:448)
	at org.postgresql.Driver.connect(Driver.java:298)
	at com.zaxxer.hikari.util.DriverDataSource.getConnection(DriverDataSource.java:144)
	at com.zaxxer.hikari.pool.PoolBase.newConnection(PoolBase.java:370)
	at com.zaxxer.hikari.pool.PoolBase.newPoolEntry(PoolBase.java:207)
	at com.zaxxer.hikari.pool.HikariPool.createPoolEntry(HikariPool.java:488)
	at com.zaxxer.hikari.pool.HikariPool$PoolEntryCreator.call(HikariPool.java:752)
	at com.zaxxer.hikari.pool.HikariPool$PoolEntryCreator.call(HikariPool.java:731)
	at java.base/java.util.concurrent.FutureTask.run(FutureTask.java:264)
	at java.base/java.util.concurrent.ThreadPoolExecutor.runWorker(ThreadPoolExecutor.java:1136)
	at java.base/java.util.concurrent.ThreadPoolExecutor$Worker.run(ThreadPoolExecutor.java:635)
	at java.base/java.lang.Thread.run(Thread.java:833)
Caused by: java.net.ConnectException: Connection refused: no further information
	at java.base/sun.nio.ch.Net.pollConnect(Native Method)
	at java.base/sun.nio.ch.Net.pollConnectNow(Net.java:672)
	at java.base/sun.nio.ch.NioSocketImpl.timedFinishConnect(NioSocketImpl.java:542)
	at java.base/sun.nio.ch.NioSocketImpl.connect(NioSocketImpl.java:597)
	at java.base/java.net.SocksSocketImpl.connect(SocksSocketImpl.java:327)
	at java.base/java.net.Socket.connect(Socket.java:633)
	at org.postgresql.core.PGStream.createSocket(PGStream.java:261)
	at org.postgresql.core.PGStream.<init>(PGStream.java:122)
	at org.postgresql.core.v3.ConnectionFactoryImpl.tryConnect(ConnectionFactoryImpl.java:146)
	at org.postgresql.core.v3.ConnectionFactoryImpl.openConnectionImpl(ConnectionFactoryImpl.java:289)
	... 14 common frames omitted
2025-10-07 12:49:09,412 WARN  PoolBase [PoolBase.java:388] HikariPool-1 - Pool is empty, failed to create/setup connection (a9c0ff09-8e69-45d0-9eae-3b3b6dae69bd)
org.postgresql.util.PSQLException: Подсоединение по адресу localhost:5432 отклонено. Проверьте что хост и порт указаны правильно и что postmaster принимает TCP/IP-подсоединения.
	at org.postgresql.core.v3.ConnectionFactoryImpl.openConnectionImpl(ConnectionFactoryImpl.java:373)
	at org.postgresql.core.ConnectionFactory.openConnection(ConnectionFactory.java:57)
	at org.postgresql.jdbc.PgConnection.<init>(PgConnection.java:277)
	at org.postgresql.Driver.makeConnection(Driver.java:448)
	at org.postgresql.Driver.connect(Driver.java:298)
	at com.zaxxer.hikari.util.DriverDataSource.getConnection(DriverDataSource.java:144)
	at com.zaxxer.hikari.pool.PoolBase.newConnection(PoolBase.java:370)
	at com.zaxxer.hikari.pool.PoolBase.newPoolEntry(PoolBase.java:207)
	at com.zaxxer.hikari.pool.HikariPool.createPoolEntry(HikariPool.java:488)
	at com.zaxxer.hikari.pool.HikariPool$PoolEntryCreator.call(HikariPool.java:752)
	at com.zaxxer.hikari.pool.HikariPool$PoolEntryCreator.call(HikariPool.java:731)
	at java.base/java.util.concurrent.FutureTask.run(FutureTask.java:264)
	at java.base/java.util.concurrent.ThreadPoolExecutor.runWorker(ThreadPoolExecutor.java:1136)
	at java.base/java.util.concurrent.ThreadPoolExecutor$Worker.run(ThreadPoolExecutor.java:635)
	at java.base/java.lang.Thread.run(Thread.java:833)
Caused by: java.net.ConnectException: Connection refused: no further information
	at java.base/sun.nio.ch.Net.pollConnect(Native Method)
	at java.base/sun.nio.ch.Net.pollConnectNow(Net.java:672)
	at java.base/sun.nio.ch.NioSocketImpl.timedFinishConnect(NioSocketImpl.java:542)
	at java.base/sun.nio.ch.NioSocketImpl.connect(NioSocketImpl.java:597)
	at java.base/java.net.SocksSocketImpl.connect(SocksSocketImpl.java:327)
	at java.base/java.net.Socket.connect(Socket.java:633)
	at org.postgresql.core.PGStream.createSocket(PGStream.java:261)
	at org.postgresql.core.PGStream.<init>(PGStream.java:122)
	at org.postgresql.core.v3.ConnectionFactoryImpl.tryConnect(ConnectionFactoryImpl.java:146)
	at org.postgresql.core.v3.ConnectionFactoryImpl.openConnectionImpl(ConnectionFactoryImpl.java:289)
	... 14 common frames omitted
2025-10-07 12:50:14,677 WARN  PoolBase [PoolBase.java:388] HikariPool-1 - Pool is empty, failed to create/setup connection (43d334ba-6cf7-42da-a792-5495c4258bd8)
org.postgresql.util.PSQLException: Подсоединение по адресу localhost:5432 отклонено. Проверьте что хост и порт указаны правильно и что postmaster принимает TCP/IP-подсоединения.
	at org.postgresql.core.v3.ConnectionFactoryImpl.openConnectionImpl(ConnectionFactoryImpl.java:373)
	at org.postgresql.core.ConnectionFactory.openConnection(ConnectionFactory.java:57)
	at org.postgresql.jdbc.PgConnection.<init>(PgConnection.java:277)
	at org.postgresql.Driver.makeConnection(Driver.java:448)
	at org.postgresql.Driver.connect(Driver.java:298)
	at com.zaxxer.hikari.util.DriverDataSource.getConnection(DriverDataSource.java:144)
	at com.zaxxer.hikari.pool.PoolBase.newConnection(PoolBase.java:370)
	at com.zaxxer.hikari.pool.PoolBase.newPoolEntry(PoolBase.java:207)
	at com.zaxxer.hikari.pool.HikariPool.createPoolEntry(HikariPool.java:488)
	at com.zaxxer.hikari.pool.HikariPool$PoolEntryCreator.call(HikariPool.java:752)
	at com.zaxxer.hikari.pool.HikariPool$PoolEntryCreator.call(HikariPool.java:731)
	at java.base/java.util.concurrent.FutureTask.run(FutureTask.java:264)
	at java.base/java.util.concurrent.ThreadPoolExecutor.runWorker(ThreadPoolExecutor.java:1136)
	at java.base/java.util.concurrent.ThreadPoolExecutor$Worker.run(ThreadPoolExecutor.java:635)
	at java.base/java.lang.Thread.run(Thread.java:833)
Caused by: java.net.ConnectException: Connection refused: no further information
	at java.base/sun.nio.ch.Net.pollConnect(Native Method)
	at java.base/sun.nio.ch.Net.pollConnectNow(Net.java:672)
	at java.base/sun.nio.ch.NioSocketImpl.timedFinishConnect(NioSocketImpl.java:542)
	at java.base/sun.nio.ch.NioSocketImpl.connect(NioSocketImpl.java:597)
	at java.base/java.net.SocksSocketImpl.connect(SocksSocketImpl.java:327)
	at java.base/java.net.Socket.connect(Socket.java:633)
	at org.postgresql.core.PGStream.createSocket(PGStream.java:261)
	at org.postgresql.core.PGStream.<init>(PGStream.java:122)
	at org.postgresql.core.v3.ConnectionFactoryImpl.tryConnect(ConnectionFactoryImpl.java:146)
	at org.postgresql.core.v3.ConnectionFactoryImpl.openConnectionImpl(ConnectionFactoryImpl.java:289)
	... 14 common frames omitted
2025-10-07 12:51:19,897 WARN  PoolBase [PoolBase.java:388] HikariPool-1 - Pool is empty, failed to create/setup connection (932bd8f7-b62d-4767-a383-4f3279676d2a)
org.postgresql.util.PSQLException: Подсоединение по адресу localhost:5432 отклонено. Проверьте что хост и порт указаны правильно и что postmaster принимает TCP/IP-подсоединения.
	at org.postgresql.core.v3.ConnectionFactoryImpl.openConnectionImpl(ConnectionFactoryImpl.java:373)
	at org.postgresql.core.ConnectionFactory.openConnection(ConnectionFactory.java:57)
	at org.postgresql.jdbc.PgConnection.<init>(PgConnection.java:277)
	at org.postgresql.Driver.makeConnection(Driver.java:448)
	at org.postgresql.Driver.connect(Driver.java:298)
	at com.zaxxer.hikari.util.DriverDataSource.getConnection(DriverDataSource.java:144)
	at com.zaxxer.hikari.pool.PoolBase.newConnection(PoolBase.java:370)
	at com.zaxxer.hikari.pool.PoolBase.newPoolEntry(PoolBase.java:207)
	at com.zaxxer.hikari.pool.HikariPool.createPoolEntry(HikariPool.java:488)
	at com.zaxxer.hikari.pool.HikariPool$PoolEntryCreator.call(HikariPool.java:752)
	at com.zaxxer.hikari.pool.HikariPool$PoolEntryCreator.call(HikariPool.java:731)
	at java.base/java.util.concurrent.FutureTask.run(FutureTask.java:264)
	at java.base/java.util.concurrent.ThreadPoolExecutor.runWorker(ThreadPoolExecutor.java:1136)
	at java.base/java.util.concurrent.ThreadPoolExecutor$Worker.run(ThreadPoolExecutor.java:635)
	at java.base/java.lang.Thread.run(Thread.java:833)
Caused by: java.net.ConnectException: Connection refused: no further information
	at java.base/sun.nio.ch.Net.pollConnect(Native Method)
	at java.base/sun.nio.ch.Net.pollConnectNow(Net.java:672)
	at java.base/sun.nio.ch.NioSocketImpl.timedFinishConnect(NioSocketImpl.java:542)
	at java.base/sun.nio.ch.NioSocketImpl.connect(NioSocketImpl.java:597)
	at java.base/java.net.SocksSocketImpl.connect(SocksSocketImpl.java:327)
	at java.base/java.net.Socket.connect(Socket.java:633)
	at org.postgresql.core.PGStream.createSocket(PGStream.java:261)
	at org.postgresql.core.PGStream.<init>(PGStream.java:122)
	at org.postgresql.core.v3.ConnectionFactoryImpl.tryConnect(ConnectionFactoryImpl.java:146)
	at org.postgresql.core.v3.ConnectionFactoryImpl.openConnectionImpl(ConnectionFactoryImpl.java:289)
	... 14 common frames omitted
2025-10-07 12:52:25,073 WARN  PoolBase [PoolBase.java:388] HikariPool-1 - Pool is empty, failed to create/setup connection (bc39c4b7-2e04-4fee-9556-ed72d3c2387c)
org.postgresql.util.PSQLException: Подсоединение по адресу localhost:5432 отклонено. Проверьте что хост и порт указаны правильно и что postmaster принимает TCP/IP-подсоединения.
	at org.postgresql.core.v3.ConnectionFactoryImpl.openConnectionImpl(ConnectionFactoryImpl.java:373)
	at org.postgresql.core.ConnectionFactory.openConnection(ConnectionFactory.java:57)
	at org.postgresql.jdbc.PgConnection.<init>(PgConnection.java:277)
	at org.postgresql.Driver.makeConnection(Driver.java:448)
	at org.postgresql.Driver.connect(Driver.java:298)
	at com.zaxxer.hikari.util.DriverDataSource.getConnection(DriverDataSource.java:144)
	at com.zaxxer.hikari.pool.PoolBase.newConnection(PoolBase.java:370)
	at com.zaxxer.hikari.pool.PoolBase.newPoolEntry(PoolBase.java:207)
	at com.zaxxer.hikari.pool.HikariPool.createPoolEntry(HikariPool.java:488)
	at com.zaxxer.hikari.pool.HikariPool$PoolEntryCreator.call(HikariPool.java:752)
	at com.zaxxer.hikari.pool.HikariPool$PoolEntryCreator.call(HikariPool.java:731)
	at java.base/java.util.concurrent.FutureTask.run(FutureTask.java:264)
	at java.base/java.util.concurrent.ThreadPoolExecutor.runWorker(ThreadPoolExecutor.java:1136)
	at java.base/java.util.concurrent.ThreadPoolExecutor$Worker.run(ThreadPoolExecutor.java:635)
	at java.base/java.lang.Thread.run(Thread.java:833)
Caused by: java.net.ConnectException: Connection refused: no further information
	at java.base/sun.nio.ch.Net.pollConnect(Native Method)
	at java.base/sun.nio.ch.Net.pollConnectNow(Net.java:672)
	at java.base/sun.nio.ch.NioSocketImpl.timedFinishConnect(NioSocketImpl.java:542)
	at java.base/sun.nio.ch.NioSocketImpl.connect(NioSocketImpl.java:597)
	at java.base/java.net.SocksSocketImpl.connect(SocksSocketImpl.java:327)
	at java.base/java.net.Socket.connect(Socket.java:633)
	at org.postgresql.core.PGStream.createSocket(PGStream.java:261)
	at org.postgresql.core.PGStream.<init>(PGStream.java:122)
	at org.postgresql.core.v3.ConnectionFactoryImpl.tryConnect(ConnectionFactoryImpl.java:146)
	at org.postgresql.core.v3.ConnectionFactoryImpl.openConnectionImpl(ConnectionFactoryImpl.java:289)
	... 14 common frames omitted
2025-10-07 12:53:30,266 WARN  PoolBase [PoolBase.java:388] HikariPool-1 - Pool is empty, failed to create/setup connection (fadb8d53-82be-4f87-97c7-7afb696c54bd)
org.postgresql.util.PSQLException: Подсоединение по адресу localhost:5432 отклонено. Проверьте что хост и порт указаны правильно и что postmaster принимает TCP/IP-подсоединения.
	at org.postgresql.core.v3.ConnectionFactoryImpl.openConnectionImpl(ConnectionFactoryImpl.java:373)
	at org.postgresql.core.ConnectionFactory.openConnection(ConnectionFactory.java:57)
	at org.postgresql.jdbc.PgConnection.<init>(PgConnection.java:277)
	at org.postgresql.Driver.makeConnection(Driver.java:448)
	at org.postgresql.Driver.connect(Driver.java:298)
	at com.zaxxer.hikari.util.DriverDataSource.getConnection(DriverDataSource.java:144)
	at com.zaxxer.hikari.pool.PoolBase.newConnection(PoolBase.java:370)
	at com.zaxxer.hikari.pool.PoolBase.newPoolEntry(PoolBase.java:207)
	at com.zaxxer.hikari.pool.HikariPool.createPoolEntry(HikariPool.java:488)
	at com.zaxxer.hikari.pool.HikariPool$PoolEntryCreator.call(HikariPool.java:752)
	at com.zaxxer.hikari.pool.HikariPool$PoolEntryCreator.call(HikariPool.java:731)
	at java.base/java.util.concurrent.FutureTask.run(FutureTask.java:264)
	at java.base/java.util.concurrent.ThreadPoolExecutor.runWorker(ThreadPoolExecutor.java:1136)
	at java.base/java.util.concurrent.ThreadPoolExecutor$Worker.run(ThreadPoolExecutor.java:635)
	at java.base/java.lang.Thread.run(Thread.java:833)
Caused by: java.net.ConnectException: Connection refused: no further information
	at java.base/sun.nio.ch.Net.pollConnect(Native Method)
	at java.base/sun.nio.ch.Net.pollConnectNow(Net.java:672)
	at java.base/sun.nio.ch.NioSocketImpl.timedFinishConnect(NioSocketImpl.java:542)
	at java.base/sun.nio.ch.NioSocketImpl.connect(NioSocketImpl.java:597)
	at java.base/java.net.SocksSocketImpl.connect(SocksSocketImpl.java:327)
	at java.base/java.net.Socket.connect(Socket.java:633)
	at org.postgresql.core.PGStream.createSocket(PGStream.java:261)
	at org.postgresql.core.PGStream.<init>(PGStream.java:122)
	at org.postgresql.core.v3.ConnectionFactoryImpl.tryConnect(ConnectionFactoryImpl.java:146)
	at org.postgresql.core.v3.ConnectionFactoryImpl.openConnectionImpl(ConnectionFactoryImpl.java:289)
	... 14 common frames omitted
2025-10-07 12:54:35,405 WARN  PoolBase [PoolBase.java:388] HikariPool-1 - Pool is empty, failed to create/setup connection (b72c1a11-da61-4769-9ca3-c2534d96356d)
org.postgresql.util.PSQLException: Подсоединение по адресу localhost:5432 отклонено. Проверьте что хост и порт указаны правильно и что postmaster принимает TCP/IP-подсоединения.
	at org.postgresql.core.v3.ConnectionFactoryImpl.openConnectionImpl(ConnectionFactoryImpl.java:373)
	at org.postgresql.core.ConnectionFactory.openConnection(ConnectionFactory.java:57)
	at org.postgresql.jdbc.PgConnection.<init>(PgConnection.java:277)
	at org.postgresql.Driver.makeConnection(Driver.java:448)
	at org.postgresql.Driver.connect(Driver.java:298)
	at com.zaxxer.hikari.util.DriverDataSource.getConnection(DriverDataSource.java:144)
	at com.zaxxer.hikari.pool.PoolBase.newConnection(PoolBase.java:370)
	at com.zaxxer.hikari.pool.PoolBase.newPoolEntry(PoolBase.java:207)
	at com.zaxxer.hikari.pool.HikariPool.createPoolEntry(HikariPool.java:488)
	at com.zaxxer.hikari.pool.HikariPool$PoolEntryCreator.call(HikariPool.java:752)
	at com.zaxxer.hikari.pool.HikariPool$PoolEntryCreator.call(HikariPool.java:731)
	at java.base/java.util.concurrent.FutureTask.run(FutureTask.java:264)
	at java.base/java.util.concurrent.ThreadPoolExecutor.runWorker(ThreadPoolExecutor.java:1136)
	at java.base/java.util.concurrent.ThreadPoolExecutor$Worker.run(ThreadPoolExecutor.java:635)
	at java.base/java.lang.Thread.run(Thread.java:833)
Caused by: java.net.ConnectException: Connection refused: no further information
	at java.base/sun.nio.ch.Net.pollConnect(Native Method)
	at java.base/sun.nio.ch.Net.pollConnectNow(Net.java:672)
	at java.base/sun.nio.ch.NioSocketImpl.timedFinishConnect(NioSocketImpl.java:542)
	at java.base/sun.nio.ch.NioSocketImpl.connect(NioSocketImpl.java:597)
	at java.base/java.net.SocksSocketImpl.connect(SocksSocketImpl.java:327)
	at java.base/java.net.Socket.connect(Socket.java:633)
	at org.postgresql.core.PGStream.createSocket(PGStream.java:261)
	at org.postgresql.core.PGStream.<init>(PGStream.java:122)
	at org.postgresql.core.v3.ConnectionFactoryImpl.tryConnect(ConnectionFactoryImpl.java:146)
	at org.postgresql.core.v3.ConnectionFactoryImpl.openConnectionImpl(ConnectionFactoryImpl.java:289)
	... 14 common frames omitted
2025-10-07 12:55:40,628 WARN  PoolBase [PoolBase.java:388] HikariPool-1 - Pool is empty, failed to create/setup connection (7b686e83-69b1-4508-bb63-2ab24dadbd63)
org.postgresql.util.PSQLException: Подсоединение по адресу localhost:5432 отклонено. Проверьте что хост и порт указаны правильно и что postmaster принимает TCP/IP-подсоединения.
	at org.postgresql.core.v3.ConnectionFactoryImpl.openConnectionImpl(ConnectionFactoryImpl.java:373)
	at org.postgresql.core.ConnectionFactory.openConnection(ConnectionFactory.java:57)
	at org.postgresql.jdbc.PgConnection.<init>(PgConnection.java:277)
	at org.postgresql.Driver.makeConnection(Driver.java:448)
	at org.postgresql.Driver.connect(Driver.java:298)
	at com.zaxxer.hikari.util.DriverDataSource.getConnection(DriverDataSource.java:144)
	at com.zaxxer.hikari.pool.PoolBase.newConnection(PoolBase.java:370)
	at com.zaxxer.hikari.pool.PoolBase.newPoolEntry(PoolBase.java:207)
	at com.zaxxer.hikari.pool.HikariPool.createPoolEntry(HikariPool.java:488)
	at com.zaxxer.hikari.pool.HikariPool$PoolEntryCreator.call(HikariPool.java:752)
	at com.zaxxer.hikari.pool.HikariPool$PoolEntryCreator.call(HikariPool.java:731)
	at java.base/java.util.concurrent.FutureTask.run(FutureTask.java:264)
	at java.base/java.util.concurrent.ThreadPoolExecutor.runWorker(ThreadPoolExecutor.java:1136)
	at java.base/java.util.concurrent.ThreadPoolExecutor$Worker.run(ThreadPoolExecutor.java:635)
	at java.base/java.lang.Thread.run(Thread.java:833)
Caused by: java.net.ConnectException: Connection refused: no further information
	at java.base/sun.nio.ch.Net.pollConnect(Native Method)
	at java.base/sun.nio.ch.Net.pollConnectNow(Net.java:672)
	at java.base/sun.nio.ch.NioSocketImpl.timedFinishConnect(NioSocketImpl.java:542)
	at java.base/sun.nio.ch.NioSocketImpl.connect(NioSocketImpl.java:597)
	at java.base/java.net.SocksSocketImpl.connect(SocksSocketImpl.java:327)
	at java.base/java.net.Socket.connect(Socket.java:633)
	at org.postgresql.core.PGStream.createSocket(PGStream.java:261)
	at org.postgresql.core.PGStream.<init>(PGStream.java:122)
	at org.postgresql.core.v3.ConnectionFactoryImpl.tryConnect(ConnectionFactoryImpl.java:146)
	at org.postgresql.core.v3.ConnectionFactoryImpl.openConnectionImpl(ConnectionFactoryImpl.java:289)
	... 14 common frames omitted
2025-10-07 12:56:45,846 WARN  PoolBase [PoolBase.java:388] HikariPool-1 - Pool is empty, failed to create/setup connection (684ca6f0-f90a-4452-88a6-3b1849c89b12)
org.postgresql.util.PSQLException: Подсоединение по адресу localhost:5432 отклонено. Проверьте что хост и порт указаны правильно и что postmaster принимает TCP/IP-подсоединения.
	at org.postgresql.core.v3.ConnectionFactoryImpl.openConnectionImpl(ConnectionFactoryImpl.java:373)
	at org.postgresql.core.ConnectionFactory.openConnection(ConnectionFactory.java:57)
	at org.postgresql.jdbc.PgConnection.<init>(PgConnection.java:277)
	at org.postgresql.Driver.makeConnection(Driver.java:448)
	at org.postgresql.Driver.connect(Driver.java:298)
	at com.zaxxer.hikari.util.DriverDataSource.getConnection(DriverDataSource.java:144)
	at com.zaxxer.hikari.pool.PoolBase.newConnection(PoolBase.java:370)
	at com.zaxxer.hikari.pool.PoolBase.newPoolEntry(PoolBase.java:207)
	at com.zaxxer.hikari.pool.HikariPool.createPoolEntry(HikariPool.java:488)
	at com.zaxxer.hikari.pool.HikariPool$PoolEntryCreator.call(HikariPool.java:752)
	at com.zaxxer.hikari.pool.HikariPool$PoolEntryCreator.call(HikariPool.java:731)
	at java.base/java.util.concurrent.FutureTask.run(FutureTask.java:264)
	at java.base/java.util.concurrent.ThreadPoolExecutor.runWorker(ThreadPoolExecutor.java:1136)
	at java.base/java.util.concurrent.ThreadPoolExecutor$Worker.run(ThreadPoolExecutor.java:635)
	at java.base/java.lang.Thread.run(Thread.java:833)
Caused by: java.net.ConnectException: Connection refused: no further information
	at java.base/sun.nio.ch.Net.pollConnect(Native Method)
	at java.base/sun.nio.ch.Net.pollConnectNow(Net.java:672)
	at java.base/sun.nio.ch.NioSocketImpl.timedFinishConnect(NioSocketImpl.java:542)
	at java.base/sun.nio.ch.NioSocketImpl.connect(NioSocketImpl.java:597)
	at java.base/java.net.SocksSocketImpl.connect(SocksSocketImpl.java:327)
	at java.base/java.net.Socket.connect(Socket.java:633)
	at org.postgresql.core.PGStream.createSocket(PGStream.java:261)
	at org.postgresql.core.PGStream.<init>(PGStream.java:122)
	at org.postgresql.core.v3.ConnectionFactoryImpl.tryConnect(ConnectionFactoryImpl.java:146)
	at org.postgresql.core.v3.ConnectionFactoryImpl.openConnectionImpl(ConnectionFactoryImpl.java:289)
	... 14 common frames omitted
2025-10-07 12:57:51,071 WARN  PoolBase [PoolBase.java:388] HikariPool-1 - Pool is empty, failed to create/setup connection (bfab61d4-e3f6-4b56-9b32-c2297d278c85)
org.postgresql.util.PSQLException: Подсоединение по адресу localhost:5432 отклонено. Проверьте что хост и порт указаны правильно и что postmaster принимает TCP/IP-подсоединения.
	at org.postgresql.core.v3.ConnectionFactoryImpl.openConnectionImpl(ConnectionFactoryImpl.java:373)
	at org.postgresql.core.ConnectionFactory.openConnection(ConnectionFactory.java:57)
	at org.postgresql.jdbc.PgConnection.<init>(PgConnection.java:277)
	at org.postgresql.Driver.makeConnection(Driver.java:448)
	at org.postgresql.Driver.connect(Driver.java:298)
	at com.zaxxer.hikari.util.DriverDataSource.getConnection(DriverDataSource.java:144)
	at com.zaxxer.hikari.pool.PoolBase.newConnection(PoolBase.java:370)
	at com.zaxxer.hikari.pool.PoolBase.newPoolEntry(PoolBase.java:207)
	at com.zaxxer.hikari.pool.HikariPool.createPoolEntry(HikariPool.java:488)
	at com.zaxxer.hikari.pool.HikariPool$PoolEntryCreator.call(HikariPool.java:752)
	at com.zaxxer.hikari.pool.HikariPool$PoolEntryCreator.call(HikariPool.java:731)
	at java.base/java.util.concurrent.FutureTask.run(FutureTask.java:264)
	at java.base/java.util.concurrent.ThreadPoolExecutor.runWorker(ThreadPoolExecutor.java:1136)
	at java.base/java.util.concurrent.ThreadPoolExecutor$Worker.run(ThreadPoolExecutor.java:635)
	at java.base/java.lang.Thread.run(Thread.java:833)
Caused by: java.net.ConnectException: Connection refused: no further information
	at java.base/sun.nio.ch.Net.pollConnect(Native Method)
	at java.base/sun.nio.ch.Net.pollConnectNow(Net.java:672)
	at java.base/sun.nio.ch.NioSocketImpl.timedFinishConnect(NioSocketImpl.java:542)
	at java.base/sun.nio.ch.NioSocketImpl.connect(NioSocketImpl.java:597)
	at java.base/java.net.SocksSocketImpl.connect(SocksSocketImpl.java:327)
	at java.base/java.net.Socket.connect(Socket.java:633)
	at org.postgresql.core.PGStream.createSocket(PGStream.java:261)
	at org.postgresql.core.PGStream.<init>(PGStream.java:122)
	at org.postgresql.core.v3.ConnectionFactoryImpl.tryConnect(ConnectionFactoryImpl.java:146)
	at org.postgresql.core.v3.ConnectionFactoryImpl.openConnectionImpl(ConnectionFactoryImpl.java:289)
	... 14 common frames omitted
2025-10-07 12:58:56,219 WARN  PoolBase [PoolBase.java:388] HikariPool-1 - Pool is empty, failed to create/setup connection (979b384a-ad37-40fe-96fb-3ce519173172)
org.postgresql.util.PSQLException: Подсоединение по адресу localhost:5432 отклонено. Проверьте что хост и порт указаны правильно и что postmaster принимает TCP/IP-подсоединения.
	at org.postgresql.core.v3.ConnectionFactoryImpl.openConnectionImpl(ConnectionFactoryImpl.java:373)
	at org.postgresql.core.ConnectionFactory.openConnection(ConnectionFactory.java:57)
	at org.postgresql.jdbc.PgConnection.<init>(PgConnection.java:277)
	at org.postgresql.Driver.makeConnection(Driver.java:448)
	at org.postgresql.Driver.connect(Driver.java:298)
	at com.zaxxer.hikari.util.DriverDataSource.getConnection(DriverDataSource.java:144)
	at com.zaxxer.hikari.pool.PoolBase.newConnection(PoolBase.java:370)
	at com.zaxxer.hikari.pool.PoolBase.newPoolEntry(PoolBase.java:207)
	at com.zaxxer.hikari.pool.HikariPool.createPoolEntry(HikariPool.java:488)
	at com.zaxxer.hikari.pool.HikariPool$PoolEntryCreator.call(HikariPool.java:752)
	at com.zaxxer.hikari.pool.HikariPool$PoolEntryCreator.call(HikariPool.java:731)
	at java.base/java.util.concurrent.FutureTask.run(FutureTask.java:264)
	at java.base/java.util.concurrent.ThreadPoolExecutor.runWorker(ThreadPoolExecutor.java:1136)
	at java.base/java.util.concurrent.ThreadPoolExecutor$Worker.run(ThreadPoolExecutor.java:635)
	at java.base/java.lang.Thread.run(Thread.java:833)
Caused by: java.net.ConnectException: Connection refused: no further information
	at java.base/sun.nio.ch.Net.pollConnect(Native Method)
	at java.base/sun.nio.ch.Net.pollConnectNow(Net.java:672)
	at java.base/sun.nio.ch.NioSocketImpl.timedFinishConnect(NioSocketImpl.java:542)
	at java.base/sun.nio.ch.NioSocketImpl.connect(NioSocketImpl.java:597)
	at java.base/java.net.SocksSocketImpl.connect(SocksSocketImpl.java:327)
	at java.base/java.net.Socket.connect(Socket.java:633)
	at org.postgresql.core.PGStream.createSocket(PGStream.java:261)
	at org.postgresql.core.PGStream.<init>(PGStream.java:122)
	at org.postgresql.core.v3.ConnectionFactoryImpl.tryConnect(ConnectionFactoryImpl.java:146)
	at org.postgresql.core.v3.ConnectionFactoryImpl.openConnectionImpl(ConnectionFactoryImpl.java:289)
	... 14 common frames omitted
2025-10-07 13:00:01,418 WARN  PoolBase [PoolBase.java:388] HikariPool-1 - Pool is empty, failed to create/setup connection (3955644f-da6c-45dd-90ed-ed82a6d0a57a)
org.postgresql.util.PSQLException: Подсоединение по адресу localhost:5432 отклонено. Проверьте что хост и порт указаны правильно и что postmaster принимает TCP/IP-подсоединения.
	at org.postgresql.core.v3.ConnectionFactoryImpl.openConnectionImpl(ConnectionFactoryImpl.java:373)
	at org.postgresql.core.ConnectionFactory.openConnection(ConnectionFactory.java:57)
	at org.postgresql.jdbc.PgConnection.<init>(PgConnection.java:277)
	at org.postgresql.Driver.makeConnection(Driver.java:448)
	at org.postgresql.Driver.connect(Driver.java:298)
	at com.zaxxer.hikari.util.DriverDataSource.getConnection(DriverDataSource.java:144)
	at com.zaxxer.hikari.pool.PoolBase.newConnection(PoolBase.java:370)
	at com.zaxxer.hikari.pool.PoolBase.newPoolEntry(PoolBase.java:207)
	at com.zaxxer.hikari.pool.HikariPool.createPoolEntry(HikariPool.java:488)
	at com.zaxxer.hikari.pool.HikariPool$PoolEntryCreator.call(HikariPool.java:752)
	at com.zaxxer.hikari.pool.HikariPool$PoolEntryCreator.call(HikariPool.java:731)
	at java.base/java.util.concurrent.FutureTask.run(FutureTask.java:264)
	at java.base/java.util.concurrent.ThreadPoolExecutor.runWorker(ThreadPoolExecutor.java:1136)
	at java.base/java.util.concurrent.ThreadPoolExecutor$Worker.run(ThreadPoolExecutor.java:635)
	at java.base/java.lang.Thread.run(Thread.java:833)
Caused by: java.net.ConnectException: Connection refused: no further information
	at java.base/sun.nio.ch.Net.pollConnect(Native Method)
	at java.base/sun.nio.ch.Net.pollConnectNow(Net.java:672)
	at java.base/sun.nio.ch.NioSocketImpl.timedFinishConnect(NioSocketImpl.java:542)
	at java.base/sun.nio.ch.NioSocketImpl.connect(NioSocketImpl.java:597)
	at java.base/java.net.SocksSocketImpl.connect(SocksSocketImpl.java:327)
	at java.base/java.net.Socket.connect(Socket.java:633)
	at org.postgresql.core.PGStream.createSocket(PGStream.java:261)
	at org.postgresql.core.PGStream.<init>(PGStream.java:122)
	at org.postgresql.core.v3.ConnectionFactoryImpl.tryConnect(ConnectionFactoryImpl.java:146)
	at org.postgresql.core.v3.ConnectionFactoryImpl.openConnectionImpl(ConnectionFactoryImpl.java:289)
	... 14 common frames omitted
2025-10-07 13:01:06,518 WARN  PoolBase [PoolBase.java:388] HikariPool-1 - Pool is empty, failed to create/setup connection (e9a91580-6191-403a-a287-252741ea7a6e)
org.postgresql.util.PSQLException: Подсоединение по адресу localhost:5432 отклонено. Проверьте что хост и порт указаны правильно и что postmaster принимает TCP/IP-подсоединения.
	at org.postgresql.core.v3.ConnectionFactoryImpl.openConnectionImpl(ConnectionFactoryImpl.java:373)
	at org.postgresql.core.ConnectionFactory.openConnection(ConnectionFactory.java:57)
	at org.postgresql.jdbc.PgConnection.<init>(PgConnection.java:277)
	at org.postgresql.Driver.makeConnection(Driver.java:448)
	at org.postgresql.Driver.connect(Driver.java:298)
	at com.zaxxer.hikari.util.DriverDataSource.getConnection(DriverDataSource.java:144)
	at com.zaxxer.hikari.pool.PoolBase.newConnection(PoolBase.java:370)
	at com.zaxxer.hikari.pool.PoolBase.newPoolEntry(PoolBase.java:207)
	at com.zaxxer.hikari.pool.HikariPool.createPoolEntry(HikariPool.java:488)
	at com.zaxxer.hikari.pool.HikariPool$PoolEntryCreator.call(HikariPool.java:752)
	at com.zaxxer.hikari.pool.HikariPool$PoolEntryCreator.call(HikariPool.java:731)
	at java.base/java.util.concurrent.FutureTask.run(FutureTask.java:264)
	at java.base/java.util.concurrent.ThreadPoolExecutor.runWorker(ThreadPoolExecutor.java:1136)
	at java.base/java.util.concurrent.ThreadPoolExecutor$Worker.run(ThreadPoolExecutor.java:635)
	at java.base/java.lang.Thread.run(Thread.java:833)
Caused by: java.net.ConnectException: Connection refused: no further information
	at java.base/sun.nio.ch.Net.pollConnect(Native Method)
	at java.base/sun.nio.ch.Net.pollConnectNow(Net.java:672)
	at java.base/sun.nio.ch.NioSocketImpl.timedFinishConnect(NioSocketImpl.java:542)
	at java.base/sun.nio.ch.NioSocketImpl.connect(NioSocketImpl.java:597)
	at java.base/java.net.SocksSocketImpl.connect(SocksSocketImpl.java:327)
	at java.base/java.net.Socket.connect(Socket.java:633)
	at org.postgresql.core.PGStream.createSocket(PGStream.java:261)
	at org.postgresql.core.PGStream.<init>(PGStream.java:122)
	at org.postgresql.core.v3.ConnectionFactoryImpl.tryConnect(ConnectionFactoryImpl.java:146)
	at org.postgresql.core.v3.ConnectionFactoryImpl.openConnectionImpl(ConnectionFactoryImpl.java:289)
	... 14 common frames omitted
2025-10-07 13:02:11,664 WARN  PoolBase [PoolBase.java:388] HikariPool-1 - Pool is empty, failed to create/setup connection (cbca3bc2-15fa-41e8-9f30-3c4a1030d4dd)
org.postgresql.util.PSQLException: Подсоединение по адресу localhost:5432 отклонено. Проверьте что хост и порт указаны правильно и что postmaster принимает TCP/IP-подсоединения.
	at org.postgresql.core.v3.ConnectionFactoryImpl.openConnectionImpl(ConnectionFactoryImpl.java:373)
	at org.postgresql.core.ConnectionFactory.openConnection(ConnectionFactory.java:57)
	at org.postgresql.jdbc.PgConnection.<init>(PgConnection.java:277)
	at org.postgresql.Driver.makeConnection(Driver.java:448)
	at org.postgresql.Driver.connect(Driver.java:298)
	at com.zaxxer.hikari.util.DriverDataSource.getConnection(DriverDataSource.java:144)
	at com.zaxxer.hikari.pool.PoolBase.newConnection(PoolBase.java:370)
	at com.zaxxer.hikari.pool.PoolBase.newPoolEntry(PoolBase.java:207)
	at com.zaxxer.hikari.pool.HikariPool.createPoolEntry(HikariPool.java:488)
	at com.zaxxer.hikari.pool.HikariPool$PoolEntryCreator.call(HikariPool.java:752)
	at com.zaxxer.hikari.pool.HikariPool$PoolEntryCreator.call(HikariPool.java:731)
	at java.base/java.util.concurrent.FutureTask.run(FutureTask.java:264)
	at java.base/java.util.concurrent.ThreadPoolExecutor.runWorker(ThreadPoolExecutor.java:1136)
	at java.base/java.util.concurrent.ThreadPoolExecutor$Worker.run(ThreadPoolExecutor.java:635)
	at java.base/java.lang.Thread.run(Thread.java:833)
Caused by: java.net.ConnectException: Connection refused: no further information
	at java.base/sun.nio.ch.Net.pollConnect(Native Method)
	at java.base/sun.nio.ch.Net.pollConnectNow(Net.java:672)
	at java.base/sun.nio.ch.NioSocketImpl.timedFinishConnect(NioSocketImpl.java:542)
	at java.base/sun.nio.ch.NioSocketImpl.connect(NioSocketImpl.java:597)
	at java.base/java.net.SocksSocketImpl.connect(SocksSocketImpl.java:327)
	at java.base/java.net.Socket.connect(Socket.java:633)
	at org.postgresql.core.PGStream.createSocket(PGStream.java:261)
	at org.postgresql.core.PGStream.<init>(PGStream.java:122)
	at org.postgresql.core.v3.ConnectionFactoryImpl.tryConnect(ConnectionFactoryImpl.java:146)
	at org.postgresql.core.v3.ConnectionFactoryImpl.openConnectionImpl(ConnectionFactoryImpl.java:289)
	... 14 common frames omitted
2025-10-07 13:03:16,858 WARN  PoolBase [PoolBase.java:388] HikariPool-1 - Pool is empty, failed to create/setup connection (c5714889-ca49-4209-9fd8-66b06091b829)
org.postgresql.util.PSQLException: Подсоединение по адресу localhost:5432 отклонено. Проверьте что хост и порт указаны правильно и что postmaster принимает TCP/IP-подсоединения.
	at org.postgresql.core.v3.ConnectionFactoryImpl.openConnectionImpl(ConnectionFactoryImpl.java:373)
	at org.postgresql.core.ConnectionFactory.openConnection(ConnectionFactory.java:57)
	at org.postgresql.jdbc.PgConnection.<init>(PgConnection.java:277)
	at org.postgresql.Driver.makeConnection(Driver.java:448)
	at org.postgresql.Driver.connect(Driver.java:298)
	at com.zaxxer.hikari.util.DriverDataSource.getConnection(DriverDataSource.java:144)
	at com.zaxxer.hikari.pool.PoolBase.newConnection(PoolBase.java:370)
	at com.zaxxer.hikari.pool.PoolBase.newPoolEntry(PoolBase.java:207)
	at com.zaxxer.hikari.pool.HikariPool.createPoolEntry(HikariPool.java:488)
	at com.zaxxer.hikari.pool.HikariPool$PoolEntryCreator.call(HikariPool.java:752)
	at com.zaxxer.hikari.pool.HikariPool$PoolEntryCreator.call(HikariPool.java:731)
	at java.base/java.util.concurrent.FutureTask.run(FutureTask.java:264)
	at java.base/java.util.concurrent.ThreadPoolExecutor.runWorker(ThreadPoolExecutor.java:1136)
	at java.base/java.util.concurrent.ThreadPoolExecutor$Worker.run(ThreadPoolExecutor.java:635)
	at java.base/java.lang.Thread.run(Thread.java:833)
Caused by: java.net.ConnectException: Connection refused: no further information
	at java.base/sun.nio.ch.Net.pollConnect(Native Method)
	at java.base/sun.nio.ch.Net.pollConnectNow(Net.java:672)
	at java.base/sun.nio.ch.NioSocketImpl.timedFinishConnect(NioSocketImpl.java:542)
	at java.base/sun.nio.ch.NioSocketImpl.connect(NioSocketImpl.java:597)
	at java.base/java.net.SocksSocketImpl.connect(SocksSocketImpl.java:327)
	at java.base/java.net.Socket.connect(Socket.java:633)
	at org.postgresql.core.PGStream.createSocket(PGStream.java:261)
	at org.postgresql.core.PGStream.<init>(PGStream.java:122)
	at org.postgresql.core.v3.ConnectionFactoryImpl.tryConnect(ConnectionFactoryImpl.java:146)
	at org.postgresql.core.v3.ConnectionFactoryImpl.openConnectionImpl(ConnectionFactoryImpl.java:289)
	... 14 common frames omitted
2025-10-07 13:04:22,036 WARN  PoolBase [PoolBase.java:388] HikariPool-1 - Pool is empty, failed to create/setup connection (e94b2b03-2e71-4ed8-86ce-ac57763f035c)
org.postgresql.util.PSQLException: Подсоединение по адресу localhost:5432 отклонено. Проверьте что хост и порт указаны правильно и что postmaster принимает TCP/IP-подсоединения.
	at org.postgresql.core.v3.ConnectionFactoryImpl.openConnectionImpl(ConnectionFactoryImpl.java:373)
	at org.postgresql.core.ConnectionFactory.openConnection(ConnectionFactory.java:57)
	at org.postgresql.jdbc.PgConnection.<init>(PgConnection.java:277)
	at org.postgresql.Driver.makeConnection(Driver.java:448)
	at org.postgresql.Driver.connect(Driver.java:298)
	at com.zaxxer.hikari.util.DriverDataSource.getConnection(DriverDataSource.java:144)
	at com.zaxxer.hikari.pool.PoolBase.newConnection(PoolBase.java:370)
	at com.zaxxer.hikari.pool.PoolBase.newPoolEntry(PoolBase.java:207)
	at com.zaxxer.hikari.pool.HikariPool.createPoolEntry(HikariPool.java:488)
	at com.zaxxer.hikari.pool.HikariPool$PoolEntryCreator.call(HikariPool.java:752)
	at com.zaxxer.hikari.pool.HikariPool$PoolEntryCreator.call(HikariPool.java:731)
	at java.base/java.util.concurrent.FutureTask.run(FutureTask.java:264)
	at java.base/java.util.concurrent.ThreadPoolExecutor.runWorker(ThreadPoolExecutor.java:1136)
	at java.base/java.util.concurrent.ThreadPoolExecutor$Worker.run(ThreadPoolExecutor.java:635)
	at java.base/java.lang.Thread.run(Thread.java:833)
Caused by: java.net.ConnectException: Connection refused: no further information
	at java.base/sun.nio.ch.Net.pollConnect(Native Method)
	at java.base/sun.nio.ch.Net.pollConnectNow(Net.java:672)
	at java.base/sun.nio.ch.NioSocketImpl.timedFinishConnect(NioSocketImpl.java:542)
	at java.base/sun.nio.ch.NioSocketImpl.connect(NioSocketImpl.java:597)
	at java.base/java.net.SocksSocketImpl.connect(SocksSocketImpl.java:327)
	at java.base/java.net.Socket.connect(Socket.java:633)
	at org.postgresql.core.PGStream.createSocket(PGStream.java:261)
	at org.postgresql.core.PGStream.<init>(PGStream.java:122)
	at org.postgresql.core.v3.ConnectionFactoryImpl.tryConnect(ConnectionFactoryImpl.java:146)
	at org.postgresql.core.v3.ConnectionFactoryImpl.openConnectionImpl(ConnectionFactoryImpl.java:289)
	... 14 common frames omitted
2025-10-07 13:05:27,192 WARN  PoolBase [PoolBase.java:388] HikariPool-1 - Pool is empty, failed to create/setup connection (2ed241bb-ffee-4a39-b2cf-1751e7c4b720)
org.postgresql.util.PSQLException: Подсоединение по адресу localhost:5432 отклонено. Проверьте что хост и порт указаны правильно и что postmaster принимает TCP/IP-подсоединения.
	at org.postgresql.core.v3.ConnectionFactoryImpl.openConnectionImpl(ConnectionFactoryImpl.java:373)
	at org.postgresql.core.ConnectionFactory.openConnection(ConnectionFactory.java:57)
	at org.postgresql.jdbc.PgConnection.<init>(PgConnection.java:277)
	at org.postgresql.Driver.makeConnection(Driver.java:448)
	at org.postgresql.Driver.connect(Driver.java:298)
	at com.zaxxer.hikari.util.DriverDataSource.getConnection(DriverDataSource.java:144)
	at com.zaxxer.hikari.pool.PoolBase.newConnection(PoolBase.java:370)
	at com.zaxxer.hikari.pool.PoolBase.newPoolEntry(PoolBase.java:207)
	at com.zaxxer.hikari.pool.HikariPool.createPoolEntry(HikariPool.java:488)
	at com.zaxxer.hikari.pool.HikariPool$PoolEntryCreator.call(HikariPool.java:752)
	at com.zaxxer.hikari.pool.HikariPool$PoolEntryCreator.call(HikariPool.java:731)
	at java.base/java.util.concurrent.FutureTask.run(FutureTask.java:264)
	at java.base/java.util.concurrent.ThreadPoolExecutor.runWorker(ThreadPoolExecutor.java:1136)
	at java.base/java.util.concurrent.ThreadPoolExecutor$Worker.run(ThreadPoolExecutor.java:635)
	at java.base/java.lang.Thread.run(Thread.java:833)
Caused by: java.net.ConnectException: Connection refused: no further information
	at java.base/sun.nio.ch.Net.pollConnect(Native Method)
	at java.base/sun.nio.ch.Net.pollConnectNow(Net.java:672)
	at java.base/sun.nio.ch.NioSocketImpl.timedFinishConnect(NioSocketImpl.java:542)
	at java.base/sun.nio.ch.NioSocketImpl.connect(NioSocketImpl.java:597)
	at java.base/java.net.SocksSocketImpl.connect(SocksSocketImpl.java:327)
	at java.base/java.net.Socket.connect(Socket.java:633)
	at org.postgresql.core.PGStream.createSocket(PGStream.java:261)
	at org.postgresql.core.PGStream.<init>(PGStream.java:122)
	at org.postgresql.core.v3.ConnectionFactoryImpl.tryConnect(ConnectionFactoryImpl.java:146)
	at org.postgresql.core.v3.ConnectionFactoryImpl.openConnectionImpl(ConnectionFactoryImpl.java:289)
	... 14 common frames omitted
2025-10-07 13:06:32,343 WARN  PoolBase [PoolBase.java:388] HikariPool-1 - Pool is empty, failed to create/setup connection (26f82543-c522-4895-9482-d6be9154ed46)
org.postgresql.util.PSQLException: Подсоединение по адресу localhost:5432 отклонено. Проверьте что хост и порт указаны правильно и что postmaster принимает TCP/IP-подсоединения.
	at org.postgresql.core.v3.ConnectionFactoryImpl.openConnectionImpl(ConnectionFactoryImpl.java:373)
	at org.postgresql.core.ConnectionFactory.openConnection(ConnectionFactory.java:57)
	at org.postgresql.jdbc.PgConnection.<init>(PgConnection.java:277)
	at org.postgresql.Driver.makeConnection(Driver.java:448)
	at org.postgresql.Driver.connect(Driver.java:298)
	at com.zaxxer.hikari.util.DriverDataSource.getConnection(DriverDataSource.java:144)
	at com.zaxxer.hikari.pool.PoolBase.newConnection(PoolBase.java:370)
	at com.zaxxer.hikari.pool.PoolBase.newPoolEntry(PoolBase.java:207)
	at com.zaxxer.hikari.pool.HikariPool.createPoolEntry(HikariPool.java:488)
	at com.zaxxer.hikari.pool.HikariPool$PoolEntryCreator.call(HikariPool.java:752)
	at com.zaxxer.hikari.pool.HikariPool$PoolEntryCreator.call(HikariPool.java:731)
	at java.base/java.util.concurrent.FutureTask.run(FutureTask.java:264)
	at java.base/java.util.concurrent.ThreadPoolExecutor.runWorker(ThreadPoolExecutor.java:1136)
	at java.base/java.util.concurrent.ThreadPoolExecutor$Worker.run(ThreadPoolExecutor.java:635)
	at java.base/java.lang.Thread.run(Thread.java:833)
Caused by: java.net.ConnectException: Connection refused: no further information
	at java.base/sun.nio.ch.Net.pollConnect(Native Method)
	at java.base/sun.nio.ch.Net.pollConnectNow(Net.java:672)
	at java.base/sun.nio.ch.NioSocketImpl.timedFinishConnect(NioSocketImpl.java:542)
	at java.base/sun.nio.ch.NioSocketImpl.connect(NioSocketImpl.java:597)
	at java.base/java.net.SocksSocketImpl.connect(SocksSocketImpl.java:327)
	at java.base/java.net.Socket.connect(Socket.java:633)
	at org.postgresql.core.PGStream.createSocket(PGStream.java:261)
	at org.postgresql.core.PGStream.<init>(PGStream.java:122)
	at org.postgresql.core.v3.ConnectionFactoryImpl.tryConnect(ConnectionFactoryImpl.java:146)
	at org.postgresql.core.v3.ConnectionFactoryImpl.openConnectionImpl(ConnectionFactoryImpl.java:289)
	... 14 common frames omitted
2025-10-07 13:07:37,514 WARN  PoolBase [PoolBase.java:388] HikariPool-1 - Pool is empty, failed to create/setup connection (c348e211-d368-4864-a513-d7759853ab48)
org.postgresql.util.PSQLException: Подсоединение по адресу localhost:5432 отклонено. Проверьте что хост и порт указаны правильно и что postmaster принимает TCP/IP-подсоединения.
	at org.postgresql.core.v3.ConnectionFactoryImpl.openConnectionImpl(ConnectionFactoryImpl.java:373)
	at org.postgresql.core.ConnectionFactory.openConnection(ConnectionFactory.java:57)
	at org.postgresql.jdbc.PgConnection.<init>(PgConnection.java:277)
	at org.postgresql.Driver.makeConnection(Driver.java:448)
	at org.postgresql.Driver.connect(Driver.java:298)
	at com.zaxxer.hikari.util.DriverDataSource.getConnection(DriverDataSource.java:144)
	at com.zaxxer.hikari.pool.PoolBase.newConnection(PoolBase.java:370)
	at com.zaxxer.hikari.pool.PoolBase.newPoolEntry(PoolBase.java:207)
	at com.zaxxer.hikari.pool.HikariPool.createPoolEntry(HikariPool.java:488)
	at com.zaxxer.hikari.pool.HikariPool$PoolEntryCreator.call(HikariPool.java:752)
	at com.zaxxer.hikari.pool.HikariPool$PoolEntryCreator.call(HikariPool.java:731)
	at java.base/java.util.concurrent.FutureTask.run(FutureTask.java:264)
	at java.base/java.util.concurrent.ThreadPoolExecutor.runWorker(ThreadPoolExecutor.java:1136)
	at java.base/java.util.concurrent.ThreadPoolExecutor$Worker.run(ThreadPoolExecutor.java:635)
	at java.base/java.lang.Thread.run(Thread.java:833)
Caused by: java.net.ConnectException: Connection refused: no further information
	at java.base/sun.nio.ch.Net.pollConnect(Native Method)
	at java.base/sun.nio.ch.Net.pollConnectNow(Net.java:672)
	at java.base/sun.nio.ch.NioSocketImpl.timedFinishConnect(NioSocketImpl.java:542)
	at java.base/sun.nio.ch.NioSocketImpl.connect(NioSocketImpl.java:597)
	at java.base/java.net.SocksSocketImpl.connect(SocksSocketImpl.java:327)
	at java.base/java.net.Socket.connect(Socket.java:633)
	at org.postgresql.core.PGStream.createSocket(PGStream.java:261)
	at org.postgresql.core.PGStream.<init>(PGStream.java:122)
	at org.postgresql.core.v3.ConnectionFactoryImpl.tryConnect(ConnectionFactoryImpl.java:146)
	at org.postgresql.core.v3.ConnectionFactoryImpl.openConnectionImpl(ConnectionFactoryImpl.java:289)
	... 14 common frames omitted
2025-10-07 13:08:42,718 WARN  PoolBase [PoolBase.java:388] HikariPool-1 - Pool is empty, failed to create/setup connection (a43e0908-082b-4785-ad3b-3753ee90dd9b)
org.postgresql.util.PSQLException: Подсоединение по адресу localhost:5432 отклонено. Проверьте что хост и порт указаны правильно и что postmaster принимает TCP/IP-подсоединения.
	at org.postgresql.core.v3.ConnectionFactoryImpl.openConnectionImpl(ConnectionFactoryImpl.java:373)
	at org.postgresql.core.ConnectionFactory.openConnection(ConnectionFactory.java:57)
	at org.postgresql.jdbc.PgConnection.<init>(PgConnection.java:277)
	at org.postgresql.Driver.makeConnection(Driver.java:448)
	at org.postgresql.Driver.connect(Driver.java:298)
	at com.zaxxer.hikari.util.DriverDataSource.getConnection(DriverDataSource.java:144)
	at com.zaxxer.hikari.pool.PoolBase.newConnection(PoolBase.java:370)
	at com.zaxxer.hikari.pool.PoolBase.newPoolEntry(PoolBase.java:207)
	at com.zaxxer.hikari.pool.HikariPool.createPoolEntry(HikariPool.java:488)
	at com.zaxxer.hikari.pool.HikariPool$PoolEntryCreator.call(HikariPool.java:752)
	at com.zaxxer.hikari.pool.HikariPool$PoolEntryCreator.call(HikariPool.java:731)
	at java.base/java.util.concurrent.FutureTask.run(FutureTask.java:264)
	at java.base/java.util.concurrent.ThreadPoolExecutor.runWorker(ThreadPoolExecutor.java:1136)
	at java.base/java.util.concurrent.ThreadPoolExecutor$Worker.run(ThreadPoolExecutor.java:635)
	at java.base/java.lang.Thread.run(Thread.java:833)
Caused by: java.net.ConnectException: Connection refused: no further information
	at java.base/sun.nio.ch.Net.pollConnect(Native Method)
	at java.base/sun.nio.ch.Net.pollConnectNow(Net.java:672)
	at java.base/sun.nio.ch.NioSocketImpl.timedFinishConnect(NioSocketImpl.java:542)
	at java.base/sun.nio.ch.NioSocketImpl.connect(NioSocketImpl.java:597)
	at java.base/java.net.SocksSocketImpl.connect(SocksSocketImpl.java:327)
	at java.base/java.net.Socket.connect(Socket.java:633)
	at org.postgresql.core.PGStream.createSocket(PGStream.java:261)
	at org.postgresql.core.PGStream.<init>(PGStream.java:122)
	at org.postgresql.core.v3.ConnectionFactoryImpl.tryConnect(ConnectionFactoryImpl.java:146)
	at org.postgresql.core.v3.ConnectionFactoryImpl.openConnectionImpl(ConnectionFactoryImpl.java:289)
	... 14 common frames omitted
2025-10-07 13:09:47,903 WARN  PoolBase [PoolBase.java:388] HikariPool-1 - Pool is empty, failed to create/setup connection (b671c208-5845-499a-90a6-0398361454f1)
org.postgresql.util.PSQLException: Подсоединение по адресу localhost:5432 отклонено. Проверьте что хост и порт указаны правильно и что postmaster принимает TCP/IP-подсоединения.
	at org.postgresql.core.v3.ConnectionFactoryImpl.openConnectionImpl(ConnectionFactoryImpl.java:373)
	at org.postgresql.core.ConnectionFactory.openConnection(ConnectionFactory.java:57)
	at org.postgresql.jdbc.PgConnection.<init>(PgConnection.java:277)
	at org.postgresql.Driver.makeConnection(Driver.java:448)
	at org.postgresql.Driver.connect(Driver.java:298)
	at com.zaxxer.hikari.util.DriverDataSource.getConnection(DriverDataSource.java:144)
	at com.zaxxer.hikari.pool.PoolBase.newConnection(PoolBase.java:370)
	at com.zaxxer.hikari.pool.PoolBase.newPoolEntry(PoolBase.java:207)
	at com.zaxxer.hikari.pool.HikariPool.createPoolEntry(HikariPool.java:488)
	at com.zaxxer.hikari.pool.HikariPool$PoolEntryCreator.call(HikariPool.java:752)
	at com.zaxxer.hikari.pool.HikariPool$PoolEntryCreator.call(HikariPool.java:731)
	at java.base/java.util.concurrent.FutureTask.run(FutureTask.java:264)
	at java.base/java.util.concurrent.ThreadPoolExecutor.runWorker(ThreadPoolExecutor.java:1136)
	at java.base/java.util.concurrent.ThreadPoolExecutor$Worker.run(ThreadPoolExecutor.java:635)
	at java.base/java.lang.Thread.run(Thread.java:833)
Caused by: java.net.ConnectException: Connection refused: no further information
	at java.base/sun.nio.ch.Net.pollConnect(Native Method)
	at java.base/sun.nio.ch.Net.pollConnectNow(Net.java:672)
	at java.base/sun.nio.ch.NioSocketImpl.timedFinishConnect(NioSocketImpl.java:542)
	at java.base/sun.nio.ch.NioSocketImpl.connect(NioSocketImpl.java:597)
	at java.base/java.net.SocksSocketImpl.connect(SocksSocketImpl.java:327)
	at java.base/java.net.Socket.connect(Socket.java:633)
	at org.postgresql.core.PGStream.createSocket(PGStream.java:261)
	at org.postgresql.core.PGStream.<init>(PGStream.java:122)
	at org.postgresql.core.v3.ConnectionFactoryImpl.tryConnect(ConnectionFactoryImpl.java:146)
	at org.postgresql.core.v3.ConnectionFactoryImpl.openConnectionImpl(ConnectionFactoryImpl.java:289)
	... 14 common frames omitted
2025-10-07 13:10:53,036 WARN  PoolBase [PoolBase.java:388] HikariPool-1 - Pool is empty, failed to create/setup connection (8d2e9593-2b6a-436d-be67-ded22b8d2abc)
org.postgresql.util.PSQLException: Подсоединение по адресу localhost:5432 отклонено. Проверьте что хост и порт указаны правильно и что postmaster принимает TCP/IP-подсоединения.
	at org.postgresql.core.v3.ConnectionFactoryImpl.openConnectionImpl(ConnectionFactoryImpl.java:373)
	at org.postgresql.core.ConnectionFactory.openConnection(ConnectionFactory.java:57)
	at org.postgresql.jdbc.PgConnection.<init>(PgConnection.java:277)
	at org.postgresql.Driver.makeConnection(Driver.java:448)
	at org.postgresql.Driver.connect(Driver.java:298)
	at com.zaxxer.hikari.util.DriverDataSource.getConnection(DriverDataSource.java:144)
	at com.zaxxer.hikari.pool.PoolBase.newConnection(PoolBase.java:370)
	at com.zaxxer.hikari.pool.PoolBase.newPoolEntry(PoolBase.java:207)
	at com.zaxxer.hikari.pool.HikariPool.createPoolEntry(HikariPool.java:488)
	at com.zaxxer.hikari.pool.HikariPool$PoolEntryCreator.call(HikariPool.java:752)
	at com.zaxxer.hikari.pool.HikariPool$PoolEntryCreator.call(HikariPool.java:731)
	at java.base/java.util.concurrent.FutureTask.run(FutureTask.java:264)
	at java.base/java.util.concurrent.ThreadPoolExecutor.runWorker(ThreadPoolExecutor.java:1136)
	at java.base/java.util.concurrent.ThreadPoolExecutor$Worker.run(ThreadPoolExecutor.java:635)
	at java.base/java.lang.Thread.run(Thread.java:833)
Caused by: java.net.ConnectException: Connection refused: no further information
	at java.base/sun.nio.ch.Net.pollConnect(Native Method)
	at java.base/sun.nio.ch.Net.pollConnectNow(Net.java:672)
	at java.base/sun.nio.ch.NioSocketImpl.timedFinishConnect(NioSocketImpl.java:542)
	at java.base/sun.nio.ch.NioSocketImpl.connect(NioSocketImpl.java:597)
	at java.base/java.net.SocksSocketImpl.connect(SocksSocketImpl.java:327)
	at java.base/java.net.Socket.connect(Socket.java:633)
	at org.postgresql.core.PGStream.createSocket(PGStream.java:261)
	at org.postgresql.core.PGStream.<init>(PGStream.java:122)
	at org.postgresql.core.v3.ConnectionFactoryImpl.tryConnect(ConnectionFactoryImpl.java:146)
	at org.postgresql.core.v3.ConnectionFactoryImpl.openConnectionImpl(ConnectionFactoryImpl.java:289)
	... 14 common frames omitted
2025-10-07 13:11:58,191 WARN  PoolBase [PoolBase.java:388] HikariPool-1 - Pool is empty, failed to create/setup connection (5102bb01-a09e-4ba5-ad1f-cdc70a3b79f0)
org.postgresql.util.PSQLException: Подсоединение по адресу localhost:5432 отклонено. Проверьте что хост и порт указаны правильно и что postmaster принимает TCP/IP-подсоединения.
	at org.postgresql.core.v3.ConnectionFactoryImpl.openConnectionImpl(ConnectionFactoryImpl.java:373)
	at org.postgresql.core.ConnectionFactory.openConnection(ConnectionFactory.java:57)
	at org.postgresql.jdbc.PgConnection.<init>(PgConnection.java:277)
	at org.postgresql.Driver.makeConnection(Driver.java:448)
	at org.postgresql.Driver.connect(Driver.java:298)
	at com.zaxxer.hikari.util.DriverDataSource.getConnection(DriverDataSource.java:144)
	at com.zaxxer.hikari.pool.PoolBase.newConnection(PoolBase.java:370)
	at com.zaxxer.hikari.pool.PoolBase.newPoolEntry(PoolBase.java:207)
	at com.zaxxer.hikari.pool.HikariPool.createPoolEntry(HikariPool.java:488)
	at com.zaxxer.hikari.pool.HikariPool$PoolEntryCreator.call(HikariPool.java:752)
	at com.zaxxer.hikari.pool.HikariPool$PoolEntryCreator.call(HikariPool.java:731)
	at java.base/java.util.concurrent.FutureTask.run(FutureTask.java:264)
	at java.base/java.util.concurrent.ThreadPoolExecutor.runWorker(ThreadPoolExecutor.java:1136)
	at java.base/java.util.concurrent.ThreadPoolExecutor$Worker.run(ThreadPoolExecutor.java:635)
	at java.base/java.lang.Thread.run(Thread.java:833)
Caused by: java.net.ConnectException: Connection refused: no further information
	at java.base/sun.nio.ch.Net.pollConnect(Native Method)
	at java.base/sun.nio.ch.Net.pollConnectNow(Net.java:672)
	at java.base/sun.nio.ch.NioSocketImpl.timedFinishConnect(NioSocketImpl.java:542)
	at java.base/sun.nio.ch.NioSocketImpl.connect(NioSocketImpl.java:597)
	at java.base/java.net.SocksSocketImpl.connect(SocksSocketImpl.java:327)
	at java.base/java.net.Socket.connect(Socket.java:633)
	at org.postgresql.core.PGStream.createSocket(PGStream.java:261)
	at org.postgresql.core.PGStream.<init>(PGStream.java:122)
	at org.postgresql.core.v3.ConnectionFactoryImpl.tryConnect(ConnectionFactoryImpl.java:146)
	at org.postgresql.core.v3.ConnectionFactoryImpl.openConnectionImpl(ConnectionFactoryImpl.java:289)
	... 14 common frames omitted
2025-10-07 13:13:03,351 WARN  PoolBase [PoolBase.java:388] HikariPool-1 - Pool is empty, failed to create/setup connection (2e519930-771b-4242-9040-79a492ecb3d6)
org.postgresql.util.PSQLException: Подсоединение по адресу localhost:5432 отклонено. Проверьте что хост и порт указаны правильно и что postmaster принимает TCP/IP-подсоединения.
	at org.postgresql.core.v3.ConnectionFactoryImpl.openConnectionImpl(ConnectionFactoryImpl.java:373)
	at org.postgresql.core.ConnectionFactory.openConnection(ConnectionFactory.java:57)
	at org.postgresql.jdbc.PgConnection.<init>(PgConnection.java:277)
	at org.postgresql.Driver.makeConnection(Driver.java:448)
	at org.postgresql.Driver.connect(Driver.java:298)
	at com.zaxxer.hikari.util.DriverDataSource.getConnection(DriverDataSource.java:144)
	at com.zaxxer.hikari.pool.PoolBase.newConnection(PoolBase.java:370)
	at com.zaxxer.hikari.pool.PoolBase.newPoolEntry(PoolBase.java:207)
	at com.zaxxer.hikari.pool.HikariPool.createPoolEntry(HikariPool.java:488)
	at com.zaxxer.hikari.pool.HikariPool$PoolEntryCreator.call(HikariPool.java:752)
	at com.zaxxer.hikari.pool.HikariPool$PoolEntryCreator.call(HikariPool.java:731)
	at java.base/java.util.concurrent.FutureTask.run(FutureTask.java:264)
	at java.base/java.util.concurrent.ThreadPoolExecutor.runWorker(ThreadPoolExecutor.java:1136)
	at java.base/java.util.concurrent.ThreadPoolExecutor$Worker.run(ThreadPoolExecutor.java:635)
	at java.base/java.lang.Thread.run(Thread.java:833)
Caused by: java.net.ConnectException: Connection refused: no further information
	at java.base/sun.nio.ch.Net.pollConnect(Native Method)
	at java.base/sun.nio.ch.Net.pollConnectNow(Net.java:672)
	at java.base/sun.nio.ch.NioSocketImpl.timedFinishConnect(NioSocketImpl.java:542)
	at java.base/sun.nio.ch.NioSocketImpl.connect(NioSocketImpl.java:597)
	at java.base/java.net.SocksSocketImpl.connect(SocksSocketImpl.java:327)
	at java.base/java.net.Socket.connect(Socket.java:633)
	at org.postgresql.core.PGStream.createSocket(PGStream.java:261)
	at org.postgresql.core.PGStream.<init>(PGStream.java:122)
	at org.postgresql.core.v3.ConnectionFactoryImpl.tryConnect(ConnectionFactoryImpl.java:146)
	at org.postgresql.core.v3.ConnectionFactoryImpl.openConnectionImpl(ConnectionFactoryImpl.java:289)
	... 14 common frames omitted
2025-10-07 13:14:08,460 WARN  PoolBase [PoolBase.java:388] HikariPool-1 - Pool is empty, failed to create/setup connection (6b375f33-b3d6-44a6-9036-43d17876cd5a)
org.postgresql.util.PSQLException: Подсоединение по адресу localhost:5432 отклонено. Проверьте что хост и порт указаны правильно и что postmaster принимает TCP/IP-подсоединения.
	at org.postgresql.core.v3.ConnectionFactoryImpl.openConnectionImpl(ConnectionFactoryImpl.java:373)
	at org.postgresql.core.ConnectionFactory.openConnection(ConnectionFactory.java:57)
	at org.postgresql.jdbc.PgConnection.<init>(PgConnection.java:277)
	at org.postgresql.Driver.makeConnection(Driver.java:448)
	at org.postgresql.Driver.connect(Driver.java:298)
	at com.zaxxer.hikari.util.DriverDataSource.getConnection(DriverDataSource.java:144)
	at com.zaxxer.hikari.pool.PoolBase.newConnection(PoolBase.java:370)
	at com.zaxxer.hikari.pool.PoolBase.newPoolEntry(PoolBase.java:207)
	at com.zaxxer.hikari.pool.HikariPool.createPoolEntry(HikariPool.java:488)
	at com.zaxxer.hikari.pool.HikariPool$PoolEntryCreator.call(HikariPool.java:752)
	at com.zaxxer.hikari.pool.HikariPool$PoolEntryCreator.call(HikariPool.java:731)
	at java.base/java.util.concurrent.FutureTask.run(FutureTask.java:264)
	at java.base/java.util.concurrent.ThreadPoolExecutor.runWorker(ThreadPoolExecutor.java:1136)
	at java.base/java.util.concurrent.ThreadPoolExecutor$Worker.run(ThreadPoolExecutor.java:635)
	at java.base/java.lang.Thread.run(Thread.java:833)
Caused by: java.net.ConnectException: Connection refused: no further information
	at java.base/sun.nio.ch.Net.pollConnect(Native Method)
	at java.base/sun.nio.ch.Net.pollConnectNow(Net.java:672)
	at java.base/sun.nio.ch.NioSocketImpl.timedFinishConnect(NioSocketImpl.java:542)
	at java.base/sun.nio.ch.NioSocketImpl.connect(NioSocketImpl.java:597)
	at java.base/java.net.SocksSocketImpl.connect(SocksSocketImpl.java:327)
	at java.base/java.net.Socket.connect(Socket.java:633)
	at org.postgresql.core.PGStream.createSocket(PGStream.java:261)
	at org.postgresql.core.PGStream.<init>(PGStream.java:122)
	at org.postgresql.core.v3.ConnectionFactoryImpl.tryConnect(ConnectionFactoryImpl.java:146)
	at org.postgresql.core.v3.ConnectionFactoryImpl.openConnectionImpl(ConnectionFactoryImpl.java:289)
	... 14 common frames omitted
2025-10-07 13:15:13,612 WARN  PoolBase [PoolBase.java:388] HikariPool-1 - Pool is empty, failed to create/setup connection (c3f874c5-6823-4f58-bdf7-915627847168)
org.postgresql.util.PSQLException: Подсоединение по адресу localhost:5432 отклонено. Проверьте что хост и порт указаны правильно и что postmaster принимает TCP/IP-подсоединения.
	at org.postgresql.core.v3.ConnectionFactoryImpl.openConnectionImpl(ConnectionFactoryImpl.java:373)
	at org.postgresql.core.ConnectionFactory.openConnection(ConnectionFactory.java:57)
	at org.postgresql.jdbc.PgConnection.<init>(PgConnection.java:277)
	at org.postgresql.Driver.makeConnection(Driver.java:448)
	at org.postgresql.Driver.connect(Driver.java:298)
	at com.zaxxer.hikari.util.DriverDataSource.getConnection(DriverDataSource.java:144)
	at com.zaxxer.hikari.pool.PoolBase.newConnection(PoolBase.java:370)
	at com.zaxxer.hikari.pool.PoolBase.newPoolEntry(PoolBase.java:207)
	at com.zaxxer.hikari.pool.HikariPool.createPoolEntry(HikariPool.java:488)
	at com.zaxxer.hikari.pool.HikariPool$PoolEntryCreator.call(HikariPool.java:752)
	at com.zaxxer.hikari.pool.HikariPool$PoolEntryCreator.call(HikariPool.java:731)
	at java.base/java.util.concurrent.FutureTask.run(FutureTask.java:264)
	at java.base/java.util.concurrent.ThreadPoolExecutor.runWorker(ThreadPoolExecutor.java:1136)
	at java.base/java.util.concurrent.ThreadPoolExecutor$Worker.run(ThreadPoolExecutor.java:635)
	at java.base/java.lang.Thread.run(Thread.java:833)
Caused by: java.net.ConnectException: Connection refused: no further information
	at java.base/sun.nio.ch.Net.pollConnect(Native Method)
	at java.base/sun.nio.ch.Net.pollConnectNow(Net.java:672)
	at java.base/sun.nio.ch.NioSocketImpl.timedFinishConnect(NioSocketImpl.java:542)
	at java.base/sun.nio.ch.NioSocketImpl.connect(NioSocketImpl.java:597)
	at java.base/java.net.SocksSocketImpl.connect(SocksSocketImpl.java:327)
	at java.base/java.net.Socket.connect(Socket.java:633)
	at org.postgresql.core.PGStream.createSocket(PGStream.java:261)
	at org.postgresql.core.PGStream.<init>(PGStream.java:122)
	at org.postgresql.core.v3.ConnectionFactoryImpl.tryConnect(ConnectionFactoryImpl.java:146)
	at org.postgresql.core.v3.ConnectionFactoryImpl.openConnectionImpl(ConnectionFactoryImpl.java:289)
	... 14 common frames omitted
2025-10-07 13:16:18,809 WARN  PoolBase [PoolBase.java:388] HikariPool-1 - Pool is empty, failed to create/setup connection (68b3c04c-11e9-4ef9-80e4-aaf448c56028)
org.postgresql.util.PSQLException: Подсоединение по адресу localhost:5432 отклонено. Проверьте что хост и порт указаны правильно и что postmaster принимает TCP/IP-подсоединения.
	at org.postgresql.core.v3.ConnectionFactoryImpl.openConnectionImpl(ConnectionFactoryImpl.java:373)
	at org.postgresql.core.ConnectionFactory.openConnection(ConnectionFactory.java:57)
	at org.postgresql.jdbc.PgConnection.<init>(PgConnection.java:277)
	at org.postgresql.Driver.makeConnection(Driver.java:448)
	at org.postgresql.Driver.connect(Driver.java:298)
	at com.zaxxer.hikari.util.DriverDataSource.getConnection(DriverDataSource.java:144)
	at com.zaxxer.hikari.pool.PoolBase.newConnection(PoolBase.java:370)
	at com.zaxxer.hikari.pool.PoolBase.newPoolEntry(PoolBase.java:207)
	at com.zaxxer.hikari.pool.HikariPool.createPoolEntry(HikariPool.java:488)
	at com.zaxxer.hikari.pool.HikariPool$PoolEntryCreator.call(HikariPool.java:752)
	at com.zaxxer.hikari.pool.HikariPool$PoolEntryCreator.call(HikariPool.java:731)
	at java.base/java.util.concurrent.FutureTask.run(FutureTask.java:264)
	at java.base/java.util.concurrent.ThreadPoolExecutor.runWorker(ThreadPoolExecutor.java:1136)
	at java.base/java.util.concurrent.ThreadPoolExecutor$Worker.run(ThreadPoolExecutor.java:635)
	at java.base/java.lang.Thread.run(Thread.java:833)
Caused by: java.net.ConnectException: Connection refused: no further information
	at java.base/sun.nio.ch.Net.pollConnect(Native Method)
	at java.base/sun.nio.ch.Net.pollConnectNow(Net.java:672)
	at java.base/sun.nio.ch.NioSocketImpl.timedFinishConnect(NioSocketImpl.java:542)
	at java.base/sun.nio.ch.NioSocketImpl.connect(NioSocketImpl.java:597)
	at java.base/java.net.SocksSocketImpl.connect(SocksSocketImpl.java:327)
	at java.base/java.net.Socket.connect(Socket.java:633)
	at org.postgresql.core.PGStream.createSocket(PGStream.java:261)
	at org.postgresql.core.PGStream.<init>(PGStream.java:122)
	at org.postgresql.core.v3.ConnectionFactoryImpl.tryConnect(ConnectionFactoryImpl.java:146)
	at org.postgresql.core.v3.ConnectionFactoryImpl.openConnectionImpl(ConnectionFactoryImpl.java:289)
	... 14 common frames omitted
2025-10-07 13:17:23,945 WARN  PoolBase [PoolBase.java:388] HikariPool-1 - Pool is empty, failed to create/setup connection (1e95fd2b-0f1c-4fc3-bd21-a7fd9067a125)
org.postgresql.util.PSQLException: Подсоединение по адресу localhost:5432 отклонено. Проверьте что хост и порт указаны правильно и что postmaster принимает TCP/IP-подсоединения.
	at org.postgresql.core.v3.ConnectionFactoryImpl.openConnectionImpl(ConnectionFactoryImpl.java:373)
	at org.postgresql.core.ConnectionFactory.openConnection(ConnectionFactory.java:57)
	at org.postgresql.jdbc.PgConnection.<init>(PgConnection.java:277)
	at org.postgresql.Driver.makeConnection(Driver.java:448)
	at org.postgresql.Driver.connect(Driver.java:298)
	at com.zaxxer.hikari.util.DriverDataSource.getConnection(DriverDataSource.java:144)
	at com.zaxxer.hikari.pool.PoolBase.newConnection(PoolBase.java:370)
	at com.zaxxer.hikari.pool.PoolBase.newPoolEntry(PoolBase.java:207)
	at com.zaxxer.hikari.pool.HikariPool.createPoolEntry(HikariPool.java:488)
	at com.zaxxer.hikari.pool.HikariPool$PoolEntryCreator.call(HikariPool.java:752)
	at com.zaxxer.hikari.pool.HikariPool$PoolEntryCreator.call(HikariPool.java:731)
	at java.base/java.util.concurrent.FutureTask.run(FutureTask.java:264)
	at java.base/java.util.concurrent.ThreadPoolExecutor.runWorker(ThreadPoolExecutor.java:1136)
	at java.base/java.util.concurrent.ThreadPoolExecutor$Worker.run(ThreadPoolExecutor.java:635)
	at java.base/java.lang.Thread.run(Thread.java:833)
Caused by: java.net.ConnectException: Connection refused: no further information
	at java.base/sun.nio.ch.Net.pollConnect(Native Method)
	at java.base/sun.nio.ch.Net.pollConnectNow(Net.java:672)
	at java.base/sun.nio.ch.NioSocketImpl.timedFinishConnect(NioSocketImpl.java:542)
	at java.base/sun.nio.ch.NioSocketImpl.connect(NioSocketImpl.java:597)
	at java.base/java.net.SocksSocketImpl.connect(SocksSocketImpl.java:327)
	at java.base/java.net.Socket.connect(Socket.java:633)
	at org.postgresql.core.PGStream.createSocket(PGStream.java:261)
	at org.postgresql.core.PGStream.<init>(PGStream.java:122)
	at org.postgresql.core.v3.ConnectionFactoryImpl.tryConnect(ConnectionFactoryImpl.java:146)
	at org.postgresql.core.v3.ConnectionFactoryImpl.openConnectionImpl(ConnectionFactoryImpl.java:289)
	... 14 common frames omitted
2025-10-07 13:18:29,075 WARN  PoolBase [PoolBase.java:388] HikariPool-1 - Pool is empty, failed to create/setup connection (56371a44-c5e2-4e3e-ac0a-ce2d19461835)
org.postgresql.util.PSQLException: Подсоединение по адресу localhost:5432 отклонено. Проверьте что хост и порт указаны правильно и что postmaster принимает TCP/IP-подсоединения.
	at org.postgresql.core.v3.ConnectionFactoryImpl.openConnectionImpl(ConnectionFactoryImpl.java:373)
	at org.postgresql.core.ConnectionFactory.openConnection(ConnectionFactory.java:57)
	at org.postgresql.jdbc.PgConnection.<init>(PgConnection.java:277)
	at org.postgresql.Driver.makeConnection(Driver.java:448)
	at org.postgresql.Driver.connect(Driver.java:298)
	at com.zaxxer.hikari.util.DriverDataSource.getConnection(DriverDataSource.java:144)
	at com.zaxxer.hikari.pool.PoolBase.newConnection(PoolBase.java:370)
	at com.zaxxer.hikari.pool.PoolBase.newPoolEntry(PoolBase.java:207)
	at com.zaxxer.hikari.pool.HikariPool.createPoolEntry(HikariPool.java:488)
	at com.zaxxer.hikari.pool.HikariPool$PoolEntryCreator.call(HikariPool.java:752)
	at com.zaxxer.hikari.pool.HikariPool$PoolEntryCreator.call(HikariPool.java:731)
	at java.base/java.util.concurrent.FutureTask.run(FutureTask.java:264)
	at java.base/java.util.concurrent.ThreadPoolExecutor.runWorker(ThreadPoolExecutor.java:1136)
	at java.base/java.util.concurrent.ThreadPoolExecutor$Worker.run(ThreadPoolExecutor.java:635)
	at java.base/java.lang.Thread.run(Thread.java:833)
Caused by: java.net.ConnectException: Connection refused: no further information
	at java.base/sun.nio.ch.Net.pollConnect(Native Method)
	at java.base/sun.nio.ch.Net.pollConnectNow(Net.java:672)
	at java.base/sun.nio.ch.NioSocketImpl.timedFinishConnect(NioSocketImpl.java:542)
	at java.base/sun.nio.ch.NioSocketImpl.connect(NioSocketImpl.java:597)
	at java.base/java.net.SocksSocketImpl.connect(SocksSocketImpl.java:327)
	at java.base/java.net.Socket.connect(Socket.java:633)
	at org.postgresql.core.PGStream.createSocket(PGStream.java:261)
	at org.postgresql.core.PGStream.<init>(PGStream.java:122)
	at org.postgresql.core.v3.ConnectionFactoryImpl.tryConnect(ConnectionFactoryImpl.java:146)
	at org.postgresql.core.v3.ConnectionFactoryImpl.openConnectionImpl(ConnectionFactoryImpl.java:289)
	... 14 common frames omitted
2025-10-07 13:19:34,211 WARN  PoolBase [PoolBase.java:388] HikariPool-1 - Pool is empty, failed to create/setup connection (2e8a8a48-5200-4427-bec3-9e38dbc2422f)
org.postgresql.util.PSQLException: Подсоединение по адресу localhost:5432 отклонено. Проверьте что хост и порт указаны правильно и что postmaster принимает TCP/IP-подсоединения.
	at org.postgresql.core.v3.ConnectionFactoryImpl.openConnectionImpl(ConnectionFactoryImpl.java:373)
	at org.postgresql.core.ConnectionFactory.openConnection(ConnectionFactory.java:57)
	at org.postgresql.jdbc.PgConnection.<init>(PgConnection.java:277)
	at org.postgresql.Driver.makeConnection(Driver.java:448)
	at org.postgresql.Driver.connect(Driver.java:298)
	at com.zaxxer.hikari.util.DriverDataSource.getConnection(DriverDataSource.java:144)
	at com.zaxxer.hikari.pool.PoolBase.newConnection(PoolBase.java:370)
	at com.zaxxer.hikari.pool.PoolBase.newPoolEntry(PoolBase.java:207)
	at com.zaxxer.hikari.pool.HikariPool.createPoolEntry(HikariPool.java:488)
	at com.zaxxer.hikari.pool.HikariPool$PoolEntryCreator.call(HikariPool.java:752)
	at com.zaxxer.hikari.pool.HikariPool$PoolEntryCreator.call(HikariPool.java:731)
	at java.base/java.util.concurrent.FutureTask.run(FutureTask.java:264)
	at java.base/java.util.concurrent.ThreadPoolExecutor.runWorker(ThreadPoolExecutor.java:1136)
	at java.base/java.util.concurrent.ThreadPoolExecutor$Worker.run(ThreadPoolExecutor.java:635)
	at java.base/java.lang.Thread.run(Thread.java:833)
Caused by: java.net.ConnectException: Connection refused: no further information
	at java.base/sun.nio.ch.Net.pollConnect(Native Method)
	at java.base/sun.nio.ch.Net.pollConnectNow(Net.java:672)
	at java.base/sun.nio.ch.NioSocketImpl.timedFinishConnect(NioSocketImpl.java:542)
	at java.base/sun.nio.ch.NioSocketImpl.connect(NioSocketImpl.java:597)
	at java.base/java.net.SocksSocketImpl.connect(SocksSocketImpl.java:327)
	at java.base/java.net.Socket.connect(Socket.java:633)
	at org.postgresql.core.PGStream.createSocket(PGStream.java:261)
	at org.postgresql.core.PGStream.<init>(PGStream.java:122)
	at org.postgresql.core.v3.ConnectionFactoryImpl.tryConnect(ConnectionFactoryImpl.java:146)
	at org.postgresql.core.v3.ConnectionFactoryImpl.openConnectionImpl(ConnectionFactoryImpl.java:289)
	... 14 common frames omitted
2025-10-07 13:20:39,404 WARN  PoolBase [PoolBase.java:388] HikariPool-1 - Pool is empty, failed to create/setup connection (ece7f3e3-8468-428d-95a6-e69827d7e4ff)
org.postgresql.util.PSQLException: Подсоединение по адресу localhost:5432 отклонено. Проверьте что хост и порт указаны правильно и что postmaster принимает TCP/IP-подсоединения.
	at org.postgresql.core.v3.ConnectionFactoryImpl.openConnectionImpl(ConnectionFactoryImpl.java:373)
	at org.postgresql.core.ConnectionFactory.openConnection(ConnectionFactory.java:57)
	at org.postgresql.jdbc.PgConnection.<init>(PgConnection.java:277)
	at org.postgresql.Driver.makeConnection(Driver.java:448)
	at org.postgresql.Driver.connect(Driver.java:298)
	at com.zaxxer.hikari.util.DriverDataSource.getConnection(DriverDataSource.java:144)
	at com.zaxxer.hikari.pool.PoolBase.newConnection(PoolBase.java:370)
	at com.zaxxer.hikari.pool.PoolBase.newPoolEntry(PoolBase.java:207)
	at com.zaxxer.hikari.pool.HikariPool.createPoolEntry(HikariPool.java:488)
	at com.zaxxer.hikari.pool.HikariPool$PoolEntryCreator.call(HikariPool.java:752)
	at com.zaxxer.hikari.pool.HikariPool$PoolEntryCreator.call(HikariPool.java:731)
	at java.base/java.util.concurrent.FutureTask.run(FutureTask.java:264)
	at java.base/java.util.concurrent.ThreadPoolExecutor.runWorker(ThreadPoolExecutor.java:1136)
	at java.base/java.util.concurrent.ThreadPoolExecutor$Worker.run(ThreadPoolExecutor.java:635)
	at java.base/java.lang.Thread.run(Thread.java:833)
Caused by: java.net.ConnectException: Connection refused: no further information
	at java.base/sun.nio.ch.Net.pollConnect(Native Method)
	at java.base/sun.nio.ch.Net.pollConnectNow(Net.java:672)
	at java.base/sun.nio.ch.NioSocketImpl.timedFinishConnect(NioSocketImpl.java:542)
	at java.base/sun.nio.ch.NioSocketImpl.connect(NioSocketImpl.java:597)
	at java.base/java.net.SocksSocketImpl.connect(SocksSocketImpl.java:327)
	at java.base/java.net.Socket.connect(Socket.java:633)
	at org.postgresql.core.PGStream.createSocket(PGStream.java:261)
	at org.postgresql.core.PGStream.<init>(PGStream.java:122)
	at org.postgresql.core.v3.ConnectionFactoryImpl.tryConnect(ConnectionFactoryImpl.java:146)
	at org.postgresql.core.v3.ConnectionFactoryImpl.openConnectionImpl(ConnectionFactoryImpl.java:289)
	... 14 common frames omitted
2025-10-07 13:21:44,646 WARN  PoolBase [PoolBase.java:388] HikariPool-1 - Pool is empty, failed to create/setup connection (fcf3f565-9935-4215-912f-23a8365873ed)
org.postgresql.util.PSQLException: Подсоединение по адресу localhost:5432 отклонено. Проверьте что хост и порт указаны правильно и что postmaster принимает TCP/IP-подсоединения.
	at org.postgresql.core.v3.ConnectionFactoryImpl.openConnectionImpl(ConnectionFactoryImpl.java:373)
	at org.postgresql.core.ConnectionFactory.openConnection(ConnectionFactory.java:57)
	at org.postgresql.jdbc.PgConnection.<init>(PgConnection.java:277)
	at org.postgresql.Driver.makeConnection(Driver.java:448)
	at org.postgresql.Driver.connect(Driver.java:298)
	at com.zaxxer.hikari.util.DriverDataSource.getConnection(DriverDataSource.java:144)
	at com.zaxxer.hikari.pool.PoolBase.newConnection(PoolBase.java:370)
	at com.zaxxer.hikari.pool.PoolBase.newPoolEntry(PoolBase.java:207)
	at com.zaxxer.hikari.pool.HikariPool.createPoolEntry(HikariPool.java:488)
	at com.zaxxer.hikari.pool.HikariPool$PoolEntryCreator.call(HikariPool.java:752)
	at com.zaxxer.hikari.pool.HikariPool$PoolEntryCreator.call(HikariPool.java:731)
	at java.base/java.util.concurrent.FutureTask.run(FutureTask.java:264)
	at java.base/java.util.concurrent.ThreadPoolExecutor.runWorker(ThreadPoolExecutor.java:1136)
	at java.base/java.util.concurrent.ThreadPoolExecutor$Worker.run(ThreadPoolExecutor.java:635)
	at java.base/java.lang.Thread.run(Thread.java:833)
Caused by: java.net.ConnectException: Connection refused: no further information
	at java.base/sun.nio.ch.Net.pollConnect(Native Method)
	at java.base/sun.nio.ch.Net.pollConnectNow(Net.java:672)
	at java.base/sun.nio.ch.NioSocketImpl.timedFinishConnect(NioSocketImpl.java:542)
	at java.base/sun.nio.ch.NioSocketImpl.connect(NioSocketImpl.java:597)
	at java.base/java.net.SocksSocketImpl.connect(SocksSocketImpl.java:327)
	at java.base/java.net.Socket.connect(Socket.java:633)
	at org.postgresql.core.PGStream.createSocket(PGStream.java:261)
	at org.postgresql.core.PGStream.<init>(PGStream.java:122)
	at org.postgresql.core.v3.ConnectionFactoryImpl.tryConnect(ConnectionFactoryImpl.java:146)
	at org.postgresql.core.v3.ConnectionFactoryImpl.openConnectionImpl(ConnectionFactoryImpl.java:289)
	... 14 common frames omitted
2025-10-07 13:22:49,852 WARN  PoolBase [PoolBase.java:388] HikariPool-1 - Pool is empty, failed to create/setup connection (a8799a3f-a1f4-48bc-8fd0-ea3854fb6c69)
org.postgresql.util.PSQLException: Подсоединение по адресу localhost:5432 отклонено. Проверьте что хост и порт указаны правильно и что postmaster принимает TCP/IP-подсоединения.
	at org.postgresql.core.v3.ConnectionFactoryImpl.openConnectionImpl(ConnectionFactoryImpl.java:373)
	at org.postgresql.core.ConnectionFactory.openConnection(ConnectionFactory.java:57)
	at org.postgresql.jdbc.PgConnection.<init>(PgConnection.java:277)
	at org.postgresql.Driver.makeConnection(Driver.java:448)
	at org.postgresql.Driver.connect(Driver.java:298)
	at com.zaxxer.hikari.util.DriverDataSource.getConnection(DriverDataSource.java:144)
	at com.zaxxer.hikari.pool.PoolBase.newConnection(PoolBase.java:370)
	at com.zaxxer.hikari.pool.PoolBase.newPoolEntry(PoolBase.java:207)
	at com.zaxxer.hikari.pool.HikariPool.createPoolEntry(HikariPool.java:488)
	at com.zaxxer.hikari.pool.HikariPool$PoolEntryCreator.call(HikariPool.java:752)
	at com.zaxxer.hikari.pool.HikariPool$PoolEntryCreator.call(HikariPool.java:731)
	at java.base/java.util.concurrent.FutureTask.run(FutureTask.java:264)
	at java.base/java.util.concurrent.ThreadPoolExecutor.runWorker(ThreadPoolExecutor.java:1136)
	at java.base/java.util.concurrent.ThreadPoolExecutor$Worker.run(ThreadPoolExecutor.java:635)
	at java.base/java.lang.Thread.run(Thread.java:833)
Caused by: java.net.ConnectException: Connection refused: no further information
	at java.base/sun.nio.ch.Net.pollConnect(Native Method)
	at java.base/sun.nio.ch.Net.pollConnectNow(Net.java:672)
	at java.base/sun.nio.ch.NioSocketImpl.timedFinishConnect(NioSocketImpl.java:542)
	at java.base/sun.nio.ch.NioSocketImpl.connect(NioSocketImpl.java:597)
	at java.base/java.net.SocksSocketImpl.connect(SocksSocketImpl.java:327)
	at java.base/java.net.Socket.connect(Socket.java:633)
	at org.postgresql.core.PGStream.createSocket(PGStream.java:261)
	at org.postgresql.core.PGStream.<init>(PGStream.java:122)
	at org.postgresql.core.v3.ConnectionFactoryImpl.tryConnect(ConnectionFactoryImpl.java:146)
	at org.postgresql.core.v3.ConnectionFactoryImpl.openConnectionImpl(ConnectionFactoryImpl.java:289)
	... 14 common frames omitted
2025-10-07 13:23:55,064 WARN  PoolBase [PoolBase.java:388] HikariPool-1 - Pool is empty, failed to create/setup connection (8f2e4e24-23dd-4f80-b8ce-e5b4eebe4f58)
org.postgresql.util.PSQLException: Подсоединение по адресу localhost:5432 отклонено. Проверьте что хост и порт указаны правильно и что postmaster принимает TCP/IP-подсоединения.
	at org.postgresql.core.v3.ConnectionFactoryImpl.openConnectionImpl(ConnectionFactoryImpl.java:373)
	at org.postgresql.core.ConnectionFactory.openConnection(ConnectionFactory.java:57)
	at org.postgresql.jdbc.PgConnection.<init>(PgConnection.java:277)
	at org.postgresql.Driver.makeConnection(Driver.java:448)
	at org.postgresql.Driver.connect(Driver.java:298)
	at com.zaxxer.hikari.util.DriverDataSource.getConnection(DriverDataSource.java:144)
	at com.zaxxer.hikari.pool.PoolBase.newConnection(PoolBase.java:370)
	at com.zaxxer.hikari.pool.PoolBase.newPoolEntry(PoolBase.java:207)
	at com.zaxxer.hikari.pool.HikariPool.createPoolEntry(HikariPool.java:488)
	at com.zaxxer.hikari.pool.HikariPool$PoolEntryCreator.call(HikariPool.java:752)
	at com.zaxxer.hikari.pool.HikariPool$PoolEntryCreator.call(HikariPool.java:731)
	at java.base/java.util.concurrent.FutureTask.run(FutureTask.java:264)
	at java.base/java.util.concurrent.ThreadPoolExecutor.runWorker(ThreadPoolExecutor.java:1136)
	at java.base/java.util.concurrent.ThreadPoolExecutor$Worker.run(ThreadPoolExecutor.java:635)
	at java.base/java.lang.Thread.run(Thread.java:833)
Caused by: java.net.ConnectException: Connection refused: no further information
	at java.base/sun.nio.ch.Net.pollConnect(Native Method)
	at java.base/sun.nio.ch.Net.pollConnectNow(Net.java:672)
	at java.base/sun.nio.ch.NioSocketImpl.timedFinishConnect(NioSocketImpl.java:542)
	at java.base/sun.nio.ch.NioSocketImpl.connect(NioSocketImpl.java:597)
	at java.base/java.net.SocksSocketImpl.connect(SocksSocketImpl.java:327)
	at java.base/java.net.Socket.connect(Socket.java:633)
	at org.postgresql.core.PGStream.createSocket(PGStream.java:261)
	at org.postgresql.core.PGStream.<init>(PGStream.java:122)
	at org.postgresql.core.v3.ConnectionFactoryImpl.tryConnect(ConnectionFactoryImpl.java:146)
	at org.postgresql.core.v3.ConnectionFactoryImpl.openConnectionImpl(ConnectionFactoryImpl.java:289)
	... 14 common frames omitted
2025-10-07 13:25:00,292 WARN  PoolBase [PoolBase.java:388] HikariPool-1 - Pool is empty, failed to create/setup connection (afbd5527-87bc-4c8d-ba19-f39eefcceb13)
org.postgresql.util.PSQLException: Подсоединение по адресу localhost:5432 отклонено. Проверьте что хост и порт указаны правильно и что postmaster принимает TCP/IP-подсоединения.
	at org.postgresql.core.v3.ConnectionFactoryImpl.openConnectionImpl(ConnectionFactoryImpl.java:373)
	at org.postgresql.core.ConnectionFactory.openConnection(ConnectionFactory.java:57)
	at org.postgresql.jdbc.PgConnection.<init>(PgConnection.java:277)
	at org.postgresql.Driver.makeConnection(Driver.java:448)
	at org.postgresql.Driver.connect(Driver.java:298)
	at com.zaxxer.hikari.util.DriverDataSource.getConnection(DriverDataSource.java:144)
	at com.zaxxer.hikari.pool.PoolBase.newConnection(PoolBase.java:370)
	at com.zaxxer.hikari.pool.PoolBase.newPoolEntry(PoolBase.java:207)
	at com.zaxxer.hikari.pool.HikariPool.createPoolEntry(HikariPool.java:488)
	at com.zaxxer.hikari.pool.HikariPool$PoolEntryCreator.call(HikariPool.java:752)
	at com.zaxxer.hikari.pool.HikariPool$PoolEntryCreator.call(HikariPool.java:731)
	at java.base/java.util.concurrent.FutureTask.run(FutureTask.java:264)
	at java.base/java.util.concurrent.ThreadPoolExecutor.runWorker(ThreadPoolExecutor.java:1136)
	at java.base/java.util.concurrent.ThreadPoolExecutor$Worker.run(ThreadPoolExecutor.java:635)
	at java.base/java.lang.Thread.run(Thread.java:833)
Caused by: java.net.ConnectException: Connection refused: no further information
	at java.base/sun.nio.ch.Net.pollConnect(Native Method)
	at java.base/sun.nio.ch.Net.pollConnectNow(Net.java:672)
	at java.base/sun.nio.ch.NioSocketImpl.timedFinishConnect(NioSocketImpl.java:542)
	at java.base/sun.nio.ch.NioSocketImpl.connect(NioSocketImpl.java:597)
	at java.base/java.net.SocksSocketImpl.connect(SocksSocketImpl.java:327)
	at java.base/java.net.Socket.connect(Socket.java:633)
	at org.postgresql.core.PGStream.createSocket(PGStream.java:261)
	at org.postgresql.core.PGStream.<init>(PGStream.java:122)
	at org.postgresql.core.v3.ConnectionFactoryImpl.tryConnect(ConnectionFactoryImpl.java:146)
	at org.postgresql.core.v3.ConnectionFactoryImpl.openConnectionImpl(ConnectionFactoryImpl.java:289)
	... 14 common frames omitted
2025-10-07 13:26:05,537 WARN  PoolBase [PoolBase.java:388] HikariPool-1 - Pool is empty, failed to create/setup connection (d045585b-f69f-4e3a-90a0-bfef66c88c7b)
org.postgresql.util.PSQLException: Подсоединение по адресу localhost:5432 отклонено. Проверьте что хост и порт указаны правильно и что postmaster принимает TCP/IP-подсоединения.
	at org.postgresql.core.v3.ConnectionFactoryImpl.openConnectionImpl(ConnectionFactoryImpl.java:373)
	at org.postgresql.core.ConnectionFactory.openConnection(ConnectionFactory.java:57)
	at org.postgresql.jdbc.PgConnection.<init>(PgConnection.java:277)
	at org.postgresql.Driver.makeConnection(Driver.java:448)
	at org.postgresql.Driver.connect(Driver.java:298)
	at com.zaxxer.hikari.util.DriverDataSource.getConnection(DriverDataSource.java:144)
	at com.zaxxer.hikari.pool.PoolBase.newConnection(PoolBase.java:370)
	at com.zaxxer.hikari.pool.PoolBase.newPoolEntry(PoolBase.java:207)
	at com.zaxxer.hikari.pool.HikariPool.createPoolEntry(HikariPool.java:488)
	at com.zaxxer.hikari.pool.HikariPool$PoolEntryCreator.call(HikariPool.java:752)
	at com.zaxxer.hikari.pool.HikariPool$PoolEntryCreator.call(HikariPool.java:731)
	at java.base/java.util.concurrent.FutureTask.run(FutureTask.java:264)
	at java.base/java.util.concurrent.ThreadPoolExecutor.runWorker(ThreadPoolExecutor.java:1136)
	at java.base/java.util.concurrent.ThreadPoolExecutor$Worker.run(ThreadPoolExecutor.java:635)
	at java.base/java.lang.Thread.run(Thread.java:833)
Caused by: java.net.ConnectException: Connection refused: no further information
	at java.base/sun.nio.ch.Net.pollConnect(Native Method)
	at java.base/sun.nio.ch.Net.pollConnectNow(Net.java:672)
	at java.base/sun.nio.ch.NioSocketImpl.timedFinishConnect(NioSocketImpl.java:542)
	at java.base/sun.nio.ch.NioSocketImpl.connect(NioSocketImpl.java:597)
	at java.base/java.net.SocksSocketImpl.connect(SocksSocketImpl.java:327)
	at java.base/java.net.Socket.connect(Socket.java:633)
	at org.postgresql.core.PGStream.createSocket(PGStream.java:261)
	at org.postgresql.core.PGStream.<init>(PGStream.java:122)
	at org.postgresql.core.v3.ConnectionFactoryImpl.tryConnect(ConnectionFactoryImpl.java:146)
	at org.postgresql.core.v3.ConnectionFactoryImpl.openConnectionImpl(ConnectionFactoryImpl.java:289)
	... 14 common frames omitted
2025-10-07 13:27:10,719 WARN  PoolBase [PoolBase.java:388] HikariPool-1 - Pool is empty, failed to create/setup connection (8e4e0bc9-bd49-4131-8106-54f7470c633a)
org.postgresql.util.PSQLException: Подсоединение по адресу localhost:5432 отклонено. Проверьте что хост и порт указаны правильно и что postmaster принимает TCP/IP-подсоединения.
	at org.postgresql.core.v3.ConnectionFactoryImpl.openConnectionImpl(ConnectionFactoryImpl.java:373)
	at org.postgresql.core.ConnectionFactory.openConnection(ConnectionFactory.java:57)
	at org.postgresql.jdbc.PgConnection.<init>(PgConnection.java:277)
	at org.postgresql.Driver.makeConnection(Driver.java:448)
	at org.postgresql.Driver.connect(Driver.java:298)
	at com.zaxxer.hikari.util.DriverDataSource.getConnection(DriverDataSource.java:144)
	at com.zaxxer.hikari.pool.PoolBase.newConnection(PoolBase.java:370)
	at com.zaxxer.hikari.pool.PoolBase.newPoolEntry(PoolBase.java:207)
	at com.zaxxer.hikari.pool.HikariPool.createPoolEntry(HikariPool.java:488)
	at com.zaxxer.hikari.pool.HikariPool$PoolEntryCreator.call(HikariPool.java:752)
	at com.zaxxer.hikari.pool.HikariPool$PoolEntryCreator.call(HikariPool.java:731)
	at java.base/java.util.concurrent.FutureTask.run(FutureTask.java:264)
	at java.base/java.util.concurrent.ThreadPoolExecutor.runWorker(ThreadPoolExecutor.java:1136)
	at java.base/java.util.concurrent.ThreadPoolExecutor$Worker.run(ThreadPoolExecutor.java:635)
	at java.base/java.lang.Thread.run(Thread.java:833)
Caused by: java.net.ConnectException: Connection refused: no further information
	at java.base/sun.nio.ch.Net.pollConnect(Native Method)
	at java.base/sun.nio.ch.Net.pollConnectNow(Net.java:672)
	at java.base/sun.nio.ch.NioSocketImpl.timedFinishConnect(NioSocketImpl.java:542)
	at java.base/sun.nio.ch.NioSocketImpl.connect(NioSocketImpl.java:597)
	at java.base/java.net.SocksSocketImpl.connect(SocksSocketImpl.java:327)
	at java.base/java.net.Socket.connect(Socket.java:633)
	at org.postgresql.core.PGStream.createSocket(PGStream.java:261)
	at org.postgresql.core.PGStream.<init>(PGStream.java:122)
	at org.postgresql.core.v3.ConnectionFactoryImpl.tryConnect(ConnectionFactoryImpl.java:146)
	at org.postgresql.core.v3.ConnectionFactoryImpl.openConnectionImpl(ConnectionFactoryImpl.java:289)
	... 14 common frames omitted
2025-10-07 13:28:15,881 WARN  PoolBase [PoolBase.java:388] HikariPool-1 - Pool is empty, failed to create/setup connection (f348b95c-fd5f-4dc1-834d-cc5e2bfb7c30)
org.postgresql.util.PSQLException: Подсоединение по адресу localhost:5432 отклонено. Проверьте что хост и порт указаны правильно и что postmaster принимает TCP/IP-подсоединения.
	at org.postgresql.core.v3.ConnectionFactoryImpl.openConnectionImpl(ConnectionFactoryImpl.java:373)
	at org.postgresql.core.ConnectionFactory.openConnection(ConnectionFactory.java:57)
	at org.postgresql.jdbc.PgConnection.<init>(PgConnection.java:277)
	at org.postgresql.Driver.makeConnection(Driver.java:448)
	at org.postgresql.Driver.connect(Driver.java:298)
	at com.zaxxer.hikari.util.DriverDataSource.getConnection(DriverDataSource.java:144)
	at com.zaxxer.hikari.pool.PoolBase.newConnection(PoolBase.java:370)
	at com.zaxxer.hikari.pool.PoolBase.newPoolEntry(PoolBase.java:207)
	at com.zaxxer.hikari.pool.HikariPool.createPoolEntry(HikariPool.java:488)
	at com.zaxxer.hikari.pool.HikariPool$PoolEntryCreator.call(HikariPool.java:752)
	at com.zaxxer.hikari.pool.HikariPool$PoolEntryCreator.call(HikariPool.java:731)
	at java.base/java.util.concurrent.FutureTask.run(FutureTask.java:264)
	at java.base/java.util.concurrent.ThreadPoolExecutor.runWorker(ThreadPoolExecutor.java:1136)
	at java.base/java.util.concurrent.ThreadPoolExecutor$Worker.run(ThreadPoolExecutor.java:635)
	at java.base/java.lang.Thread.run(Thread.java:833)
Caused by: java.net.ConnectException: Connection refused: no further information
	at java.base/sun.nio.ch.Net.pollConnect(Native Method)
	at java.base/sun.nio.ch.Net.pollConnectNow(Net.java:672)
	at java.base/sun.nio.ch.NioSocketImpl.timedFinishConnect(NioSocketImpl.java:542)
	at java.base/sun.nio.ch.NioSocketImpl.connect(NioSocketImpl.java:597)
	at java.base/java.net.SocksSocketImpl.connect(SocksSocketImpl.java:327)
	at java.base/java.net.Socket.connect(Socket.java:633)
	at org.postgresql.core.PGStream.createSocket(PGStream.java:261)
	at org.postgresql.core.PGStream.<init>(PGStream.java:122)
	at org.postgresql.core.v3.ConnectionFactoryImpl.tryConnect(ConnectionFactoryImpl.java:146)
	at org.postgresql.core.v3.ConnectionFactoryImpl.openConnectionImpl(ConnectionFactoryImpl.java:289)
	... 14 common frames omitted
2025-10-07 13:29:21,023 WARN  PoolBase [PoolBase.java:388] HikariPool-1 - Pool is empty, failed to create/setup connection (23a83e1b-8514-4e2c-b493-f0cbd447b08d)
org.postgresql.util.PSQLException: Подсоединение по адресу localhost:5432 отклонено. Проверьте что хост и порт указаны правильно и что postmaster принимает TCP/IP-подсоединения.
	at org.postgresql.core.v3.ConnectionFactoryImpl.openConnectionImpl(ConnectionFactoryImpl.java:373)
	at org.postgresql.core.ConnectionFactory.openConnection(ConnectionFactory.java:57)
	at org.postgresql.jdbc.PgConnection.<init>(PgConnection.java:277)
	at org.postgresql.Driver.makeConnection(Driver.java:448)
	at org.postgresql.Driver.connect(Driver.java:298)
	at com.zaxxer.hikari.util.DriverDataSource.getConnection(DriverDataSource.java:144)
	at com.zaxxer.hikari.pool.PoolBase.newConnection(PoolBase.java:370)
	at com.zaxxer.hikari.pool.PoolBase.newPoolEntry(PoolBase.java:207)
	at com.zaxxer.hikari.pool.HikariPool.createPoolEntry(HikariPool.java:488)
	at com.zaxxer.hikari.pool.HikariPool$PoolEntryCreator.call(HikariPool.java:752)
	at com.zaxxer.hikari.pool.HikariPool$PoolEntryCreator.call(HikariPool.java:731)
	at java.base/java.util.concurrent.FutureTask.run(FutureTask.java:264)
	at java.base/java.util.concurrent.ThreadPoolExecutor.runWorker(ThreadPoolExecutor.java:1136)
	at java.base/java.util.concurrent.ThreadPoolExecutor$Worker.run(ThreadPoolExecutor.java:635)
	at java.base/java.lang.Thread.run(Thread.java:833)
Caused by: java.net.ConnectException: Connection refused: no further information
	at java.base/sun.nio.ch.Net.pollConnect(Native Method)
	at java.base/sun.nio.ch.Net.pollConnectNow(Net.java:672)
	at java.base/sun.nio.ch.NioSocketImpl.timedFinishConnect(NioSocketImpl.java:542)
	at java.base/sun.nio.ch.NioSocketImpl.connect(NioSocketImpl.java:597)
	at java.base/java.net.SocksSocketImpl.connect(SocksSocketImpl.java:327)
	at java.base/java.net.Socket.connect(Socket.java:633)
	at org.postgresql.core.PGStream.createSocket(PGStream.java:261)
	at org.postgresql.core.PGStream.<init>(PGStream.java:122)
	at org.postgresql.core.v3.ConnectionFactoryImpl.tryConnect(ConnectionFactoryImpl.java:146)
	at org.postgresql.core.v3.ConnectionFactoryImpl.openConnectionImpl(ConnectionFactoryImpl.java:289)
	... 14 common frames omitted
2025-10-07 13:30:26,290 WARN  PoolBase [PoolBase.java:388] HikariPool-1 - Pool is empty, failed to create/setup connection (dc7f0dd2-f296-46d5-aca6-02947ad6762d)
org.postgresql.util.PSQLException: Подсоединение по адресу localhost:5432 отклонено. Проверьте что хост и порт указаны правильно и что postmaster принимает TCP/IP-подсоединения.
	at org.postgresql.core.v3.ConnectionFactoryImpl.openConnectionImpl(ConnectionFactoryImpl.java:373)
	at org.postgresql.core.ConnectionFactory.openConnection(ConnectionFactory.java:57)
	at org.postgresql.jdbc.PgConnection.<init>(PgConnection.java:277)
	at org.postgresql.Driver.makeConnection(Driver.java:448)
	at org.postgresql.Driver.connect(Driver.java:298)
	at com.zaxxer.hikari.util.DriverDataSource.getConnection(DriverDataSource.java:144)
	at com.zaxxer.hikari.pool.PoolBase.newConnection(PoolBase.java:370)
	at com.zaxxer.hikari.pool.PoolBase.newPoolEntry(PoolBase.java:207)
	at com.zaxxer.hikari.pool.HikariPool.createPoolEntry(HikariPool.java:488)
	at com.zaxxer.hikari.pool.HikariPool$PoolEntryCreator.call(HikariPool.java:752)
	at com.zaxxer.hikari.pool.HikariPool$PoolEntryCreator.call(HikariPool.java:731)
	at java.base/java.util.concurrent.FutureTask.run(FutureTask.java:264)
	at java.base/java.util.concurrent.ThreadPoolExecutor.runWorker(ThreadPoolExecutor.java:1136)
	at java.base/java.util.concurrent.ThreadPoolExecutor$Worker.run(ThreadPoolExecutor.java:635)
	at java.base/java.lang.Thread.run(Thread.java:833)
Caused by: java.net.ConnectException: Connection refused: no further information
	at java.base/sun.nio.ch.Net.pollConnect(Native Method)
	at java.base/sun.nio.ch.Net.pollConnectNow(Net.java:672)
	at java.base/sun.nio.ch.NioSocketImpl.timedFinishConnect(NioSocketImpl.java:542)
	at java.base/sun.nio.ch.NioSocketImpl.connect(NioSocketImpl.java:597)
	at java.base/java.net.SocksSocketImpl.connect(SocksSocketImpl.java:327)
	at java.base/java.net.Socket.connect(Socket.java:633)
	at org.postgresql.core.PGStream.createSocket(PGStream.java:261)
	at org.postgresql.core.PGStream.<init>(PGStream.java:122)
	at org.postgresql.core.v3.ConnectionFactoryImpl.tryConnect(ConnectionFactoryImpl.java:146)
	at org.postgresql.core.v3.ConnectionFactoryImpl.openConnectionImpl(ConnectionFactoryImpl.java:289)
	... 14 common frames omitted
2025-10-07 13:31:31,512 WARN  PoolBase [PoolBase.java:388] HikariPool-1 - Pool is empty, failed to create/setup connection (74f49303-462c-45f2-bd53-73e80ce3dc4b)
org.postgresql.util.PSQLException: Подсоединение по адресу localhost:5432 отклонено. Проверьте что хост и порт указаны правильно и что postmaster принимает TCP/IP-подсоединения.
	at org.postgresql.core.v3.ConnectionFactoryImpl.openConnectionImpl(ConnectionFactoryImpl.java:373)
	at org.postgresql.core.ConnectionFactory.openConnection(ConnectionFactory.java:57)
	at org.postgresql.jdbc.PgConnection.<init>(PgConnection.java:277)
	at org.postgresql.Driver.makeConnection(Driver.java:448)
	at org.postgresql.Driver.connect(Driver.java:298)
	at com.zaxxer.hikari.util.DriverDataSource.getConnection(DriverDataSource.java:144)
	at com.zaxxer.hikari.pool.PoolBase.newConnection(PoolBase.java:370)
	at com.zaxxer.hikari.pool.PoolBase.newPoolEntry(PoolBase.java:207)
	at com.zaxxer.hikari.pool.HikariPool.createPoolEntry(HikariPool.java:488)
	at com.zaxxer.hikari.pool.HikariPool$PoolEntryCreator.call(HikariPool.java:752)
	at com.zaxxer.hikari.pool.HikariPool$PoolEntryCreator.call(HikariPool.java:731)
	at java.base/java.util.concurrent.FutureTask.run(FutureTask.java:264)
	at java.base/java.util.concurrent.ThreadPoolExecutor.runWorker(ThreadPoolExecutor.java:1136)
	at java.base/java.util.concurrent.ThreadPoolExecutor$Worker.run(ThreadPoolExecutor.java:635)
	at java.base/java.lang.Thread.run(Thread.java:833)
Caused by: java.net.ConnectException: Connection refused: no further information
	at java.base/sun.nio.ch.Net.pollConnect(Native Method)
	at java.base/sun.nio.ch.Net.pollConnectNow(Net.java:672)
	at java.base/sun.nio.ch.NioSocketImpl.timedFinishConnect(NioSocketImpl.java:542)
	at java.base/sun.nio.ch.NioSocketImpl.connect(NioSocketImpl.java:597)
	at java.base/java.net.SocksSocketImpl.connect(SocksSocketImpl.java:327)
	at java.base/java.net.Socket.connect(Socket.java:633)
	at org.postgresql.core.PGStream.createSocket(PGStream.java:261)
	at org.postgresql.core.PGStream.<init>(PGStream.java:122)
	at org.postgresql.core.v3.ConnectionFactoryImpl.tryConnect(ConnectionFactoryImpl.java:146)
	at org.postgresql.core.v3.ConnectionFactoryImpl.openConnectionImpl(ConnectionFactoryImpl.java:289)
	... 14 common frames omitted
2025-10-07 13:32:36,700 WARN  PoolBase [PoolBase.java:388] HikariPool-1 - Pool is empty, failed to create/setup connection (a393e1f9-0f2a-4cb3-bdfa-ae90b22c76e3)
org.postgresql.util.PSQLException: Подсоединение по адресу localhost:5432 отклонено. Проверьте что хост и порт указаны правильно и что postmaster принимает TCP/IP-подсоединения.
	at org.postgresql.core.v3.ConnectionFactoryImpl.openConnectionImpl(ConnectionFactoryImpl.java:373)
	at org.postgresql.core.ConnectionFactory.openConnection(ConnectionFactory.java:57)
	at org.postgresql.jdbc.PgConnection.<init>(PgConnection.java:277)
	at org.postgresql.Driver.makeConnection(Driver.java:448)
	at org.postgresql.Driver.connect(Driver.java:298)
	at com.zaxxer.hikari.util.DriverDataSource.getConnection(DriverDataSource.java:144)
	at com.zaxxer.hikari.pool.PoolBase.newConnection(PoolBase.java:370)
	at com.zaxxer.hikari.pool.PoolBase.newPoolEntry(PoolBase.java:207)
	at com.zaxxer.hikari.pool.HikariPool.createPoolEntry(HikariPool.java:488)
	at com.zaxxer.hikari.pool.HikariPool$PoolEntryCreator.call(HikariPool.java:752)
	at com.zaxxer.hikari.pool.HikariPool$PoolEntryCreator.call(HikariPool.java:731)
	at java.base/java.util.concurrent.FutureTask.run(FutureTask.java:264)
	at java.base/java.util.concurrent.ThreadPoolExecutor.runWorker(ThreadPoolExecutor.java:1136)
	at java.base/java.util.concurrent.ThreadPoolExecutor$Worker.run(ThreadPoolExecutor.java:635)
	at java.base/java.lang.Thread.run(Thread.java:833)
Caused by: java.net.ConnectException: Connection refused: no further information
	at java.base/sun.nio.ch.Net.pollConnect(Native Method)
	at java.base/sun.nio.ch.Net.pollConnectNow(Net.java:672)
	at java.base/sun.nio.ch.NioSocketImpl.timedFinishConnect(NioSocketImpl.java:542)
	at java.base/sun.nio.ch.NioSocketImpl.connect(NioSocketImpl.java:597)
	at java.base/java.net.SocksSocketImpl.connect(SocksSocketImpl.java:327)
	at java.base/java.net.Socket.connect(Socket.java:633)
	at org.postgresql.core.PGStream.createSocket(PGStream.java:261)
	at org.postgresql.core.PGStream.<init>(PGStream.java:122)
	at org.postgresql.core.v3.ConnectionFactoryImpl.tryConnect(ConnectionFactoryImpl.java:146)
	at org.postgresql.core.v3.ConnectionFactoryImpl.openConnectionImpl(ConnectionFactoryImpl.java:289)
	... 14 common frames omitted
2025-10-07 13:33:41,927 WARN  PoolBase [PoolBase.java:388] HikariPool-1 - Pool is empty, failed to create/setup connection (b5e2765e-940d-4b72-b74b-17ab26311e0c)
org.postgresql.util.PSQLException: Подсоединение по адресу localhost:5432 отклонено. Проверьте что хост и порт указаны правильно и что postmaster принимает TCP/IP-подсоединения.
	at org.postgresql.core.v3.ConnectionFactoryImpl.openConnectionImpl(ConnectionFactoryImpl.java:373)
	at org.postgresql.core.ConnectionFactory.openConnection(ConnectionFactory.java:57)
	at org.postgresql.jdbc.PgConnection.<init>(PgConnection.java:277)
	at org.postgresql.Driver.makeConnection(Driver.java:448)
	at org.postgresql.Driver.connect(Driver.java:298)
	at com.zaxxer.hikari.util.DriverDataSource.getConnection(DriverDataSource.java:144)
	at com.zaxxer.hikari.pool.PoolBase.newConnection(PoolBase.java:370)
	at com.zaxxer.hikari.pool.PoolBase.newPoolEntry(PoolBase.java:207)
	at com.zaxxer.hikari.pool.HikariPool.createPoolEntry(HikariPool.java:488)
	at com.zaxxer.hikari.pool.HikariPool$PoolEntryCreator.call(HikariPool.java:752)
	at com.zaxxer.hikari.pool.HikariPool$PoolEntryCreator.call(HikariPool.java:731)
	at java.base/java.util.concurrent.FutureTask.run(FutureTask.java:264)
	at java.base/java.util.concurrent.ThreadPoolExecutor.runWorker(ThreadPoolExecutor.java:1136)
	at java.base/java.util.concurrent.ThreadPoolExecutor$Worker.run(ThreadPoolExecutor.java:635)
	at java.base/java.lang.Thread.run(Thread.java:833)
Caused by: java.net.ConnectException: Connection refused: no further information
	at java.base/sun.nio.ch.Net.pollConnect(Native Method)
	at java.base/sun.nio.ch.Net.pollConnectNow(Net.java:672)
	at java.base/sun.nio.ch.NioSocketImpl.timedFinishConnect(NioSocketImpl.java:542)
	at java.base/sun.nio.ch.NioSocketImpl.connect(NioSocketImpl.java:597)
	at java.base/java.net.SocksSocketImpl.connect(SocksSocketImpl.java:327)
	at java.base/java.net.Socket.connect(Socket.java:633)
	at org.postgresql.core.PGStream.createSocket(PGStream.java:261)
	at org.postgresql.core.PGStream.<init>(PGStream.java:122)
	at org.postgresql.core.v3.ConnectionFactoryImpl.tryConnect(ConnectionFactoryImpl.java:146)
	at org.postgresql.core.v3.ConnectionFactoryImpl.openConnectionImpl(ConnectionFactoryImpl.java:289)
	... 14 common frames omitted
2025-10-07 13:34:47,186 WARN  PoolBase [PoolBase.java:388] HikariPool-1 - Pool is empty, failed to create/setup connection (79d62868-8819-4f9d-b47e-f1b066dd5ae9)
org.postgresql.util.PSQLException: Подсоединение по адресу localhost:5432 отклонено. Проверьте что хост и порт указаны правильно и что postmaster принимает TCP/IP-подсоединения.
	at org.postgresql.core.v3.ConnectionFactoryImpl.openConnectionImpl(ConnectionFactoryImpl.java:373)
	at org.postgresql.core.ConnectionFactory.openConnection(ConnectionFactory.java:57)
	at org.postgresql.jdbc.PgConnection.<init>(PgConnection.java:277)
	at org.postgresql.Driver.makeConnection(Driver.java:448)
	at org.postgresql.Driver.connect(Driver.java:298)
	at com.zaxxer.hikari.util.DriverDataSource.getConnection(DriverDataSource.java:144)
	at com.zaxxer.hikari.pool.PoolBase.newConnection(PoolBase.java:370)
	at com.zaxxer.hikari.pool.PoolBase.newPoolEntry(PoolBase.java:207)
	at com.zaxxer.hikari.pool.HikariPool.createPoolEntry(HikariPool.java:488)
	at com.zaxxer.hikari.pool.HikariPool$PoolEntryCreator.call(HikariPool.java:752)
	at com.zaxxer.hikari.pool.HikariPool$PoolEntryCreator.call(HikariPool.java:731)
	at java.base/java.util.concurrent.FutureTask.run(FutureTask.java:264)
	at java.base/java.util.concurrent.ThreadPoolExecutor.runWorker(ThreadPoolExecutor.java:1136)
	at java.base/java.util.concurrent.ThreadPoolExecutor$Worker.run(ThreadPoolExecutor.java:635)
	at java.base/java.lang.Thread.run(Thread.java:833)
Caused by: java.net.ConnectException: Connection refused: no further information
	at java.base/sun.nio.ch.Net.pollConnect(Native Method)
	at java.base/sun.nio.ch.Net.pollConnectNow(Net.java:672)
	at java.base/sun.nio.ch.NioSocketImpl.timedFinishConnect(NioSocketImpl.java:542)
	at java.base/sun.nio.ch.NioSocketImpl.connect(NioSocketImpl.java:597)
	at java.base/java.net.SocksSocketImpl.connect(SocksSocketImpl.java:327)
	at java.base/java.net.Socket.connect(Socket.java:633)
	at org.postgresql.core.PGStream.createSocket(PGStream.java:261)
	at org.postgresql.core.PGStream.<init>(PGStream.java:122)
	at org.postgresql.core.v3.ConnectionFactoryImpl.tryConnect(ConnectionFactoryImpl.java:146)
	at org.postgresql.core.v3.ConnectionFactoryImpl.openConnectionImpl(ConnectionFactoryImpl.java:289)
	... 14 common frames omitted
2025-10-07 13:35:52,407 WARN  PoolBase [PoolBase.java:388] HikariPool-1 - Pool is empty, failed to create/setup connection (e295b565-a22f-408a-8b70-c37593fe9e80)
org.postgresql.util.PSQLException: Подсоединение по адресу localhost:5432 отклонено. Проверьте что хост и порт указаны правильно и что postmaster принимает TCP/IP-подсоединения.
	at org.postgresql.core.v3.ConnectionFactoryImpl.openConnectionImpl(ConnectionFactoryImpl.java:373)
	at org.postgresql.core.ConnectionFactory.openConnection(ConnectionFactory.java:57)
	at org.postgresql.jdbc.PgConnection.<init>(PgConnection.java:277)
	at org.postgresql.Driver.makeConnection(Driver.java:448)
	at org.postgresql.Driver.connect(Driver.java:298)
	at com.zaxxer.hikari.util.DriverDataSource.getConnection(DriverDataSource.java:144)
	at com.zaxxer.hikari.pool.PoolBase.newConnection(PoolBase.java:370)
	at com.zaxxer.hikari.pool.PoolBase.newPoolEntry(PoolBase.java:207)
	at com.zaxxer.hikari.pool.HikariPool.createPoolEntry(HikariPool.java:488)
	at com.zaxxer.hikari.pool.HikariPool$PoolEntryCreator.call(HikariPool.java:752)
	at com.zaxxer.hikari.pool.HikariPool$PoolEntryCreator.call(HikariPool.java:731)
	at java.base/java.util.concurrent.FutureTask.run(FutureTask.java:264)
	at java.base/java.util.concurrent.ThreadPoolExecutor.runWorker(ThreadPoolExecutor.java:1136)
	at java.base/java.util.concurrent.ThreadPoolExecutor$Worker.run(ThreadPoolExecutor.java:635)
	at java.base/java.lang.Thread.run(Thread.java:833)
Caused by: java.net.ConnectException: Connection refused: no further information
	at java.base/sun.nio.ch.Net.pollConnect(Native Method)
	at java.base/sun.nio.ch.Net.pollConnectNow(Net.java:672)
	at java.base/sun.nio.ch.NioSocketImpl.timedFinishConnect(NioSocketImpl.java:542)
	at java.base/sun.nio.ch.NioSocketImpl.connect(NioSocketImpl.java:597)
	at java.base/java.net.SocksSocketImpl.connect(SocksSocketImpl.java:327)
	at java.base/java.net.Socket.connect(Socket.java:633)
	at org.postgresql.core.PGStream.createSocket(PGStream.java:261)
	at org.postgresql.core.PGStream.<init>(PGStream.java:122)
	at org.postgresql.core.v3.ConnectionFactoryImpl.tryConnect(ConnectionFactoryImpl.java:146)
	at org.postgresql.core.v3.ConnectionFactoryImpl.openConnectionImpl(ConnectionFactoryImpl.java:289)
	... 14 common frames omitted
2025-10-07 13:36:57,667 WARN  PoolBase [PoolBase.java:388] HikariPool-1 - Pool is empty, failed to create/setup connection (06990091-3b6d-4baf-ac17-444598776e34)
org.postgresql.util.PSQLException: Подсоединение по адресу localhost:5432 отклонено. Проверьте что хост и порт указаны правильно и что postmaster принимает TCP/IP-подсоединения.
	at org.postgresql.core.v3.ConnectionFactoryImpl.openConnectionImpl(ConnectionFactoryImpl.java:373)
	at org.postgresql.core.ConnectionFactory.openConnection(ConnectionFactory.java:57)
	at org.postgresql.jdbc.PgConnection.<init>(PgConnection.java:277)
	at org.postgresql.Driver.makeConnection(Driver.java:448)
	at org.postgresql.Driver.connect(Driver.java:298)
	at com.zaxxer.hikari.util.DriverDataSource.getConnection(DriverDataSource.java:144)
	at com.zaxxer.hikari.pool.PoolBase.newConnection(PoolBase.java:370)
	at com.zaxxer.hikari.pool.PoolBase.newPoolEntry(PoolBase.java:207)
	at com.zaxxer.hikari.pool.HikariPool.createPoolEntry(HikariPool.java:488)
	at com.zaxxer.hikari.pool.HikariPool$PoolEntryCreator.call(HikariPool.java:752)
	at com.zaxxer.hikari.pool.HikariPool$PoolEntryCreator.call(HikariPool.java:731)
	at java.base/java.util.concurrent.FutureTask.run(FutureTask.java:264)
	at java.base/java.util.concurrent.ThreadPoolExecutor.runWorker(ThreadPoolExecutor.java:1136)
	at java.base/java.util.concurrent.ThreadPoolExecutor$Worker.run(ThreadPoolExecutor.java:635)
	at java.base/java.lang.Thread.run(Thread.java:833)
Caused by: java.net.ConnectException: Connection refused: no further information
	at java.base/sun.nio.ch.Net.pollConnect(Native Method)
	at java.base/sun.nio.ch.Net.pollConnectNow(Net.java:672)
	at java.base/sun.nio.ch.NioSocketImpl.timedFinishConnect(NioSocketImpl.java:542)
	at java.base/sun.nio.ch.NioSocketImpl.connect(NioSocketImpl.java:597)
	at java.base/java.net.SocksSocketImpl.connect(SocksSocketImpl.java:327)
	at java.base/java.net.Socket.connect(Socket.java:633)
	at org.postgresql.core.PGStream.createSocket(PGStream.java:261)
	at org.postgresql.core.PGStream.<init>(PGStream.java:122)
	at org.postgresql.core.v3.ConnectionFactoryImpl.tryConnect(ConnectionFactoryImpl.java:146)
	at org.postgresql.core.v3.ConnectionFactoryImpl.openConnectionImpl(ConnectionFactoryImpl.java:289)
	... 14 common frames omitted
2025-10-07 13:38:02,896 WARN  PoolBase [PoolBase.java:388] HikariPool-1 - Pool is empty, failed to create/setup connection (e8b2932f-1ad3-4ac0-b45b-6bdd089f2013)
org.postgresql.util.PSQLException: Подсоединение по адресу localhost:5432 отклонено. Проверьте что хост и порт указаны правильно и что postmaster принимает TCP/IP-подсоединения.
	at org.postgresql.core.v3.ConnectionFactoryImpl.openConnectionImpl(ConnectionFactoryImpl.java:373)
	at org.postgresql.core.ConnectionFactory.openConnection(ConnectionFactory.java:57)
	at org.postgresql.jdbc.PgConnection.<init>(PgConnection.java:277)
	at org.postgresql.Driver.makeConnection(Driver.java:448)
	at org.postgresql.Driver.connect(Driver.java:298)
	at com.zaxxer.hikari.util.DriverDataSource.getConnection(DriverDataSource.java:144)
	at com.zaxxer.hikari.pool.PoolBase.newConnection(PoolBase.java:370)
	at com.zaxxer.hikari.pool.PoolBase.newPoolEntry(PoolBase.java:207)
	at com.zaxxer.hikari.pool.HikariPool.createPoolEntry(HikariPool.java:488)
	at com.zaxxer.hikari.pool.HikariPool$PoolEntryCreator.call(HikariPool.java:752)
	at com.zaxxer.hikari.pool.HikariPool$PoolEntryCreator.call(HikariPool.java:731)
	at java.base/java.util.concurrent.FutureTask.run(FutureTask.java:264)
	at java.base/java.util.concurrent.ThreadPoolExecutor.runWorker(ThreadPoolExecutor.java:1136)
	at java.base/java.util.concurrent.ThreadPoolExecutor$Worker.run(ThreadPoolExecutor.java:635)
	at java.base/java.lang.Thread.run(Thread.java:833)
Caused by: java.net.ConnectException: Connection refused: no further information
	at java.base/sun.nio.ch.Net.pollConnect(Native Method)
	at java.base/sun.nio.ch.Net.pollConnectNow(Net.java:672)
	at java.base/sun.nio.ch.NioSocketImpl.timedFinishConnect(NioSocketImpl.java:542)
	at java.base/sun.nio.ch.NioSocketImpl.connect(NioSocketImpl.java:597)
	at java.base/java.net.SocksSocketImpl.connect(SocksSocketImpl.java:327)
	at java.base/java.net.Socket.connect(Socket.java:633)
	at org.postgresql.core.PGStream.createSocket(PGStream.java:261)
	at org.postgresql.core.PGStream.<init>(PGStream.java:122)
	at org.postgresql.core.v3.ConnectionFactoryImpl.tryConnect(ConnectionFactoryImpl.java:146)
	at org.postgresql.core.v3.ConnectionFactoryImpl.openConnectionImpl(ConnectionFactoryImpl.java:289)
	... 14 common frames omitted
2025-10-07 13:39:08,129 WARN  PoolBase [PoolBase.java:388] HikariPool-1 - Pool is empty, failed to create/setup connection (f9a5e2b4-e01c-4042-a812-2535f16b58bc)
org.postgresql.util.PSQLException: Подсоединение по адресу localhost:5432 отклонено. Проверьте что хост и порт указаны правильно и что postmaster принимает TCP/IP-подсоединения.
	at org.postgresql.core.v3.ConnectionFactoryImpl.openConnectionImpl(ConnectionFactoryImpl.java:373)
	at org.postgresql.core.ConnectionFactory.openConnection(ConnectionFactory.java:57)
	at org.postgresql.jdbc.PgConnection.<init>(PgConnection.java:277)
	at org.postgresql.Driver.makeConnection(Driver.java:448)
	at org.postgresql.Driver.connect(Driver.java:298)
	at com.zaxxer.hikari.util.DriverDataSource.getConnection(DriverDataSource.java:144)
	at com.zaxxer.hikari.pool.PoolBase.newConnection(PoolBase.java:370)
	at com.zaxxer.hikari.pool.PoolBase.newPoolEntry(PoolBase.java:207)
	at com.zaxxer.hikari.pool.HikariPool.createPoolEntry(HikariPool.java:488)
	at com.zaxxer.hikari.pool.HikariPool$PoolEntryCreator.call(HikariPool.java:752)
	at com.zaxxer.hikari.pool.HikariPool$PoolEntryCreator.call(HikariPool.java:731)
	at java.base/java.util.concurrent.FutureTask.run(FutureTask.java:264)
	at java.base/java.util.concurrent.ThreadPoolExecutor.runWorker(ThreadPoolExecutor.java:1136)
	at java.base/java.util.concurrent.ThreadPoolExecutor$Worker.run(ThreadPoolExecutor.java:635)
	at java.base/java.lang.Thread.run(Thread.java:833)
Caused by: java.net.ConnectException: Connection refused: no further information
	at java.base/sun.nio.ch.Net.pollConnect(Native Method)
	at java.base/sun.nio.ch.Net.pollConnectNow(Net.java:672)
	at java.base/sun.nio.ch.NioSocketImpl.timedFinishConnect(NioSocketImpl.java:542)
	at java.base/sun.nio.ch.NioSocketImpl.connect(NioSocketImpl.java:597)
	at java.base/java.net.SocksSocketImpl.connect(SocksSocketImpl.java:327)
	at java.base/java.net.Socket.connect(Socket.java:633)
	at org.postgresql.core.PGStream.createSocket(PGStream.java:261)
	at org.postgresql.core.PGStream.<init>(PGStream.java:122)
	at org.postgresql.core.v3.ConnectionFactoryImpl.tryConnect(ConnectionFactoryImpl.java:146)
	at org.postgresql.core.v3.ConnectionFactoryImpl.openConnectionImpl(ConnectionFactoryImpl.java:289)
	... 14 common frames omitted
2025-10-07 13:40:13,398 WARN  PoolBase [PoolBase.java:388] HikariPool-1 - Pool is empty, failed to create/setup connection (d4e60afb-50a3-47fa-9ffe-ff88fdd305a5)
org.postgresql.util.PSQLException: Подсоединение по адресу localhost:5432 отклонено. Проверьте что хост и порт указаны правильно и что postmaster принимает TCP/IP-подсоединения.
	at org.postgresql.core.v3.ConnectionFactoryImpl.openConnectionImpl(ConnectionFactoryImpl.java:373)
	at org.postgresql.core.ConnectionFactory.openConnection(ConnectionFactory.java:57)
	at org.postgresql.jdbc.PgConnection.<init>(PgConnection.java:277)
	at org.postgresql.Driver.makeConnection(Driver.java:448)
	at org.postgresql.Driver.connect(Driver.java:298)
	at com.zaxxer.hikari.util.DriverDataSource.getConnection(DriverDataSource.java:144)
	at com.zaxxer.hikari.pool.PoolBase.newConnection(PoolBase.java:370)
	at com.zaxxer.hikari.pool.PoolBase.newPoolEntry(PoolBase.java:207)
	at com.zaxxer.hikari.pool.HikariPool.createPoolEntry(HikariPool.java:488)
	at com.zaxxer.hikari.pool.HikariPool$PoolEntryCreator.call(HikariPool.java:752)
	at com.zaxxer.hikari.pool.HikariPool$PoolEntryCreator.call(HikariPool.java:731)
	at java.base/java.util.concurrent.FutureTask.run(FutureTask.java:264)
	at java.base/java.util.concurrent.ThreadPoolExecutor.runWorker(ThreadPoolExecutor.java:1136)
	at java.base/java.util.concurrent.ThreadPoolExecutor$Worker.run(ThreadPoolExecutor.java:635)
	at java.base/java.lang.Thread.run(Thread.java:833)
Caused by: java.net.ConnectException: Connection refused: no further information
	at java.base/sun.nio.ch.Net.pollConnect(Native Method)
	at java.base/sun.nio.ch.Net.pollConnectNow(Net.java:672)
	at java.base/sun.nio.ch.NioSocketImpl.timedFinishConnect(NioSocketImpl.java:542)
	at java.base/sun.nio.ch.NioSocketImpl.connect(NioSocketImpl.java:597)
	at java.base/java.net.SocksSocketImpl.connect(SocksSocketImpl.java:327)
	at java.base/java.net.Socket.connect(Socket.java:633)
	at org.postgresql.core.PGStream.createSocket(PGStream.java:261)
	at org.postgresql.core.PGStream.<init>(PGStream.java:122)
	at org.postgresql.core.v3.ConnectionFactoryImpl.tryConnect(ConnectionFactoryImpl.java:146)
	at org.postgresql.core.v3.ConnectionFactoryImpl.openConnectionImpl(ConnectionFactoryImpl.java:289)
	... 14 common frames omitted
2025-10-07 13:41:18,640 WARN  PoolBase [PoolBase.java:388] HikariPool-1 - Pool is empty, failed to create/setup connection (4e233988-b882-4405-8b47-6d3632db9dc3)
org.postgresql.util.PSQLException: Подсоединение по адресу localhost:5432 отклонено. Проверьте что хост и порт указаны правильно и что postmaster принимает TCP/IP-подсоединения.
	at org.postgresql.core.v3.ConnectionFactoryImpl.openConnectionImpl(ConnectionFactoryImpl.java:373)
	at org.postgresql.core.ConnectionFactory.openConnection(ConnectionFactory.java:57)
	at org.postgresql.jdbc.PgConnection.<init>(PgConnection.java:277)
	at org.postgresql.Driver.makeConnection(Driver.java:448)
	at org.postgresql.Driver.connect(Driver.java:298)
	at com.zaxxer.hikari.util.DriverDataSource.getConnection(DriverDataSource.java:144)
	at com.zaxxer.hikari.pool.PoolBase.newConnection(PoolBase.java:370)
	at com.zaxxer.hikari.pool.PoolBase.newPoolEntry(PoolBase.java:207)
	at com.zaxxer.hikari.pool.HikariPool.createPoolEntry(HikariPool.java:488)
	at com.zaxxer.hikari.pool.HikariPool$PoolEntryCreator.call(HikariPool.java:752)
	at com.zaxxer.hikari.pool.HikariPool$PoolEntryCreator.call(HikariPool.java:731)
	at java.base/java.util.concurrent.FutureTask.run(FutureTask.java:264)
	at java.base/java.util.concurrent.ThreadPoolExecutor.runWorker(ThreadPoolExecutor.java:1136)
	at java.base/java.util.concurrent.ThreadPoolExecutor$Worker.run(ThreadPoolExecutor.java:635)
	at java.base/java.lang.Thread.run(Thread.java:833)
Caused by: java.net.ConnectException: Connection refused: no further information
	at java.base/sun.nio.ch.Net.pollConnect(Native Method)
	at java.base/sun.nio.ch.Net.pollConnectNow(Net.java:672)
	at java.base/sun.nio.ch.NioSocketImpl.timedFinishConnect(NioSocketImpl.java:542)
	at java.base/sun.nio.ch.NioSocketImpl.connect(NioSocketImpl.java:597)
	at java.base/java.net.SocksSocketImpl.connect(SocksSocketImpl.java:327)
	at java.base/java.net.Socket.connect(Socket.java:633)
	at org.postgresql.core.PGStream.createSocket(PGStream.java:261)
	at org.postgresql.core.PGStream.<init>(PGStream.java:122)
	at org.postgresql.core.v3.ConnectionFactoryImpl.tryConnect(ConnectionFactoryImpl.java:146)
	at org.postgresql.core.v3.ConnectionFactoryImpl.openConnectionImpl(ConnectionFactoryImpl.java:289)
	... 14 common frames omitted
2025-10-07 13:42:23,909 WARN  PoolBase [PoolBase.java:388] HikariPool-1 - Pool is empty, failed to create/setup connection (641f0b02-4454-4c7c-bd37-1d20c8e5f23a)
org.postgresql.util.PSQLException: Подсоединение по адресу localhost:5432 отклонено. Проверьте что хост и порт указаны правильно и что postmaster принимает TCP/IP-подсоединения.
	at org.postgresql.core.v3.ConnectionFactoryImpl.openConnectionImpl(ConnectionFactoryImpl.java:373)
	at org.postgresql.core.ConnectionFactory.openConnection(ConnectionFactory.java:57)
	at org.postgresql.jdbc.PgConnection.<init>(PgConnection.java:277)
	at org.postgresql.Driver.makeConnection(Driver.java:448)
	at org.postgresql.Driver.connect(Driver.java:298)
	at com.zaxxer.hikari.util.DriverDataSource.getConnection(DriverDataSource.java:144)
	at com.zaxxer.hikari.pool.PoolBase.newConnection(PoolBase.java:370)
	at com.zaxxer.hikari.pool.PoolBase.newPoolEntry(PoolBase.java:207)
	at com.zaxxer.hikari.pool.HikariPool.createPoolEntry(HikariPool.java:488)
	at com.zaxxer.hikari.pool.HikariPool$PoolEntryCreator.call(HikariPool.java:752)
	at com.zaxxer.hikari.pool.HikariPool$PoolEntryCreator.call(HikariPool.java:731)
	at java.base/java.util.concurrent.FutureTask.run(FutureTask.java:264)
	at java.base/java.util.concurrent.ThreadPoolExecutor.runWorker(ThreadPoolExecutor.java:1136)
	at java.base/java.util.concurrent.ThreadPoolExecutor$Worker.run(ThreadPoolExecutor.java:635)
	at java.base/java.lang.Thread.run(Thread.java:833)
Caused by: java.net.ConnectException: Connection refused: no further information
	at java.base/sun.nio.ch.Net.pollConnect(Native Method)
	at java.base/sun.nio.ch.Net.pollConnectNow(Net.java:672)
	at java.base/sun.nio.ch.NioSocketImpl.timedFinishConnect(NioSocketImpl.java:542)
	at java.base/sun.nio.ch.NioSocketImpl.connect(NioSocketImpl.java:597)
	at java.base/java.net.SocksSocketImpl.connect(SocksSocketImpl.java:327)
	at java.base/java.net.Socket.connect(Socket.java:633)
	at org.postgresql.core.PGStream.createSocket(PGStream.java:261)
	at org.postgresql.core.PGStream.<init>(PGStream.java:122)
	at org.postgresql.core.v3.ConnectionFactoryImpl.tryConnect(ConnectionFactoryImpl.java:146)
	at org.postgresql.core.v3.ConnectionFactoryImpl.openConnectionImpl(ConnectionFactoryImpl.java:289)
	... 14 common frames omitted
2025-10-07 13:43:29,093 WARN  PoolBase [PoolBase.java:388] HikariPool-1 - Pool is empty, failed to create/setup connection (b5fbb46c-4e21-4480-aa0a-89caedbf7e11)
org.postgresql.util.PSQLException: Подсоединение по адресу localhost:5432 отклонено. Проверьте что хост и порт указаны правильно и что postmaster принимает TCP/IP-подсоединения.
	at org.postgresql.core.v3.ConnectionFactoryImpl.openConnectionImpl(ConnectionFactoryImpl.java:373)
	at org.postgresql.core.ConnectionFactory.openConnection(ConnectionFactory.java:57)
	at org.postgresql.jdbc.PgConnection.<init>(PgConnection.java:277)
	at org.postgresql.Driver.makeConnection(Driver.java:448)
	at org.postgresql.Driver.connect(Driver.java:298)
	at com.zaxxer.hikari.util.DriverDataSource.getConnection(DriverDataSource.java:144)
	at com.zaxxer.hikari.pool.PoolBase.newConnection(PoolBase.java:370)
	at com.zaxxer.hikari.pool.PoolBase.newPoolEntry(PoolBase.java:207)
	at com.zaxxer.hikari.pool.HikariPool.createPoolEntry(HikariPool.java:488)
	at com.zaxxer.hikari.pool.HikariPool$PoolEntryCreator.call(HikariPool.java:752)
	at com.zaxxer.hikari.pool.HikariPool$PoolEntryCreator.call(HikariPool.java:731)
	at java.base/java.util.concurrent.FutureTask.run(FutureTask.java:264)
	at java.base/java.util.concurrent.ThreadPoolExecutor.runWorker(ThreadPoolExecutor.java:1136)
	at java.base/java.util.concurrent.ThreadPoolExecutor$Worker.run(ThreadPoolExecutor.java:635)
	at java.base/java.lang.Thread.run(Thread.java:833)
Caused by: java.net.ConnectException: Connection refused: no further information
	at java.base/sun.nio.ch.Net.pollConnect(Native Method)
	at java.base/sun.nio.ch.Net.pollConnectNow(Net.java:672)
	at java.base/sun.nio.ch.NioSocketImpl.timedFinishConnect(NioSocketImpl.java:542)
	at java.base/sun.nio.ch.NioSocketImpl.connect(NioSocketImpl.java:597)
	at java.base/java.net.SocksSocketImpl.connect(SocksSocketImpl.java:327)
	at java.base/java.net.Socket.connect(Socket.java:633)
	at org.postgresql.core.PGStream.createSocket(PGStream.java:261)
	at org.postgresql.core.PGStream.<init>(PGStream.java:122)
	at org.postgresql.core.v3.ConnectionFactoryImpl.tryConnect(ConnectionFactoryImpl.java:146)
	at org.postgresql.core.v3.ConnectionFactoryImpl.openConnectionImpl(ConnectionFactoryImpl.java:289)
	... 14 common frames omitted
2025-10-07 13:44:34,370 WARN  PoolBase [PoolBase.java:388] HikariPool-1 - Pool is empty, failed to create/setup connection (3d59e5cb-80d9-442a-a09e-5eec770a3fc8)
org.postgresql.util.PSQLException: Подсоединение по адресу localhost:5432 отклонено. Проверьте что хост и порт указаны правильно и что postmaster принимает TCP/IP-подсоединения.
	at org.postgresql.core.v3.ConnectionFactoryImpl.openConnectionImpl(ConnectionFactoryImpl.java:373)
	at org.postgresql.core.ConnectionFactory.openConnection(ConnectionFactory.java:57)
	at org.postgresql.jdbc.PgConnection.<init>(PgConnection.java:277)
	at org.postgresql.Driver.makeConnection(Driver.java:448)
	at org.postgresql.Driver.connect(Driver.java:298)
	at com.zaxxer.hikari.util.DriverDataSource.getConnection(DriverDataSource.java:144)
	at com.zaxxer.hikari.pool.PoolBase.newConnection(PoolBase.java:370)
	at com.zaxxer.hikari.pool.PoolBase.newPoolEntry(PoolBase.java:207)
	at com.zaxxer.hikari.pool.HikariPool.createPoolEntry(HikariPool.java:488)
	at com.zaxxer.hikari.pool.HikariPool$PoolEntryCreator.call(HikariPool.java:752)
	at com.zaxxer.hikari.pool.HikariPool$PoolEntryCreator.call(HikariPool.java:731)
	at java.base/java.util.concurrent.FutureTask.run(FutureTask.java:264)
	at java.base/java.util.concurrent.ThreadPoolExecutor.runWorker(ThreadPoolExecutor.java:1136)
	at java.base/java.util.concurrent.ThreadPoolExecutor$Worker.run(ThreadPoolExecutor.java:635)
	at java.base/java.lang.Thread.run(Thread.java:833)
Caused by: java.net.ConnectException: Connection refused: no further information
	at java.base/sun.nio.ch.Net.pollConnect(Native Method)
	at java.base/sun.nio.ch.Net.pollConnectNow(Net.java:672)
	at java.base/sun.nio.ch.NioSocketImpl.timedFinishConnect(NioSocketImpl.java:542)
	at java.base/sun.nio.ch.NioSocketImpl.connect(NioSocketImpl.java:597)
	at java.base/java.net.SocksSocketImpl.connect(SocksSocketImpl.java:327)
	at java.base/java.net.Socket.connect(Socket.java:633)
	at org.postgresql.core.PGStream.createSocket(PGStream.java:261)
	at org.postgresql.core.PGStream.<init>(PGStream.java:122)
	at org.postgresql.core.v3.ConnectionFactoryImpl.tryConnect(ConnectionFactoryImpl.java:146)
	at org.postgresql.core.v3.ConnectionFactoryImpl.openConnectionImpl(ConnectionFactoryImpl.java:289)
	... 14 common frames omitted
2025-10-07 13:45:39,568 WARN  PoolBase [PoolBase.java:388] HikariPool-1 - Pool is empty, failed to create/setup connection (8847a1eb-de22-4b43-96ea-1441057de079)
org.postgresql.util.PSQLException: Подсоединение по адресу localhost:5432 отклонено. Проверьте что хост и порт указаны правильно и что postmaster принимает TCP/IP-подсоединения.
	at org.postgresql.core.v3.ConnectionFactoryImpl.openConnectionImpl(ConnectionFactoryImpl.java:373)
	at org.postgresql.core.ConnectionFactory.openConnection(ConnectionFactory.java:57)
	at org.postgresql.jdbc.PgConnection.<init>(PgConnection.java:277)
	at org.postgresql.Driver.makeConnection(Driver.java:448)
	at org.postgresql.Driver.connect(Driver.java:298)
	at com.zaxxer.hikari.util.DriverDataSource.getConnection(DriverDataSource.java:144)
	at com.zaxxer.hikari.pool.PoolBase.newConnection(PoolBase.java:370)
	at com.zaxxer.hikari.pool.PoolBase.newPoolEntry(PoolBase.java:207)
	at com.zaxxer.hikari.pool.HikariPool.createPoolEntry(HikariPool.java:488)
	at com.zaxxer.hikari.pool.HikariPool$PoolEntryCreator.call(HikariPool.java:752)
	at com.zaxxer.hikari.pool.HikariPool$PoolEntryCreator.call(HikariPool.java:731)
	at java.base/java.util.concurrent.FutureTask.run(FutureTask.java:264)
	at java.base/java.util.concurrent.ThreadPoolExecutor.runWorker(ThreadPoolExecutor.java:1136)
	at java.base/java.util.concurrent.ThreadPoolExecutor$Worker.run(ThreadPoolExecutor.java:635)
	at java.base/java.lang.Thread.run(Thread.java:833)
Caused by: java.net.ConnectException: Connection refused: no further information
	at java.base/sun.nio.ch.Net.pollConnect(Native Method)
	at java.base/sun.nio.ch.Net.pollConnectNow(Net.java:672)
	at java.base/sun.nio.ch.NioSocketImpl.timedFinishConnect(NioSocketImpl.java:542)
	at java.base/sun.nio.ch.NioSocketImpl.connect(NioSocketImpl.java:597)
	at java.base/java.net.SocksSocketImpl.connect(SocksSocketImpl.java:327)
	at java.base/java.net.Socket.connect(Socket.java:633)
	at org.postgresql.core.PGStream.createSocket(PGStream.java:261)
	at org.postgresql.core.PGStream.<init>(PGStream.java:122)
	at org.postgresql.core.v3.ConnectionFactoryImpl.tryConnect(ConnectionFactoryImpl.java:146)
	at org.postgresql.core.v3.ConnectionFactoryImpl.openConnectionImpl(ConnectionFactoryImpl.java:289)
	... 14 common frames omitted
2025-10-07 13:46:44,774 WARN  PoolBase [PoolBase.java:388] HikariPool-1 - Pool is empty, failed to create/setup connection (6f1f4ed2-3fc1-4878-8ea4-59fa03143a4b)
org.postgresql.util.PSQLException: Подсоединение по адресу localhost:5432 отклонено. Проверьте что хост и порт указаны правильно и что postmaster принимает TCP/IP-подсоединения.
	at org.postgresql.core.v3.ConnectionFactoryImpl.openConnectionImpl(ConnectionFactoryImpl.java:373)
	at org.postgresql.core.ConnectionFactory.openConnection(ConnectionFactory.java:57)
	at org.postgresql.jdbc.PgConnection.<init>(PgConnection.java:277)
	at org.postgresql.Driver.makeConnection(Driver.java:448)
	at org.postgresql.Driver.connect(Driver.java:298)
	at com.zaxxer.hikari.util.DriverDataSource.getConnection(DriverDataSource.java:144)
	at com.zaxxer.hikari.pool.PoolBase.newConnection(PoolBase.java:370)
	at com.zaxxer.hikari.pool.PoolBase.newPoolEntry(PoolBase.java:207)
	at com.zaxxer.hikari.pool.HikariPool.createPoolEntry(HikariPool.java:488)
	at com.zaxxer.hikari.pool.HikariPool$PoolEntryCreator.call(HikariPool.java:752)
	at com.zaxxer.hikari.pool.HikariPool$PoolEntryCreator.call(HikariPool.java:731)
	at java.base/java.util.concurrent.FutureTask.run(FutureTask.java:264)
	at java.base/java.util.concurrent.ThreadPoolExecutor.runWorker(ThreadPoolExecutor.java:1136)
	at java.base/java.util.concurrent.ThreadPoolExecutor$Worker.run(ThreadPoolExecutor.java:635)
	at java.base/java.lang.Thread.run(Thread.java:833)
Caused by: java.net.ConnectException: Connection refused: no further information
	at java.base/sun.nio.ch.Net.pollConnect(Native Method)
	at java.base/sun.nio.ch.Net.pollConnectNow(Net.java:672)
	at java.base/sun.nio.ch.NioSocketImpl.timedFinishConnect(NioSocketImpl.java:542)
	at java.base/sun.nio.ch.NioSocketImpl.connect(NioSocketImpl.java:597)
	at java.base/java.net.SocksSocketImpl.connect(SocksSocketImpl.java:327)
	at java.base/java.net.Socket.connect(Socket.java:633)
	at org.postgresql.core.PGStream.createSocket(PGStream.java:261)
	at org.postgresql.core.PGStream.<init>(PGStream.java:122)
	at org.postgresql.core.v3.ConnectionFactoryImpl.tryConnect(ConnectionFactoryImpl.java:146)
	at org.postgresql.core.v3.ConnectionFactoryImpl.openConnectionImpl(ConnectionFactoryImpl.java:289)
	... 14 common frames omitted
2025-10-07 13:47:50,000 WARN  PoolBase [PoolBase.java:388] HikariPool-1 - Pool is empty, failed to create/setup connection (352497eb-8429-4a39-aa1b-33951e6fe219)
org.postgresql.util.PSQLException: Подсоединение по адресу localhost:5432 отклонено. Проверьте что хост и порт указаны правильно и что postmaster принимает TCP/IP-подсоединения.
	at org.postgresql.core.v3.ConnectionFactoryImpl.openConnectionImpl(ConnectionFactoryImpl.java:373)
	at org.postgresql.core.ConnectionFactory.openConnection(ConnectionFactory.java:57)
	at org.postgresql.jdbc.PgConnection.<init>(PgConnection.java:277)
	at org.postgresql.Driver.makeConnection(Driver.java:448)
	at org.postgresql.Driver.connect(Driver.java:298)
	at com.zaxxer.hikari.util.DriverDataSource.getConnection(DriverDataSource.java:144)
	at com.zaxxer.hikari.pool.PoolBase.newConnection(PoolBase.java:370)
	at com.zaxxer.hikari.pool.PoolBase.newPoolEntry(PoolBase.java:207)
	at com.zaxxer.hikari.pool.HikariPool.createPoolEntry(HikariPool.java:488)
	at com.zaxxer.hikari.pool.HikariPool$PoolEntryCreator.call(HikariPool.java:752)
	at com.zaxxer.hikari.pool.HikariPool$PoolEntryCreator.call(HikariPool.java:731)
	at java.base/java.util.concurrent.FutureTask.run(FutureTask.java:264)
	at java.base/java.util.concurrent.ThreadPoolExecutor.runWorker(ThreadPoolExecutor.java:1136)
	at java.base/java.util.concurrent.ThreadPoolExecutor$Worker.run(ThreadPoolExecutor.java:635)
	at java.base/java.lang.Thread.run(Thread.java:833)
Caused by: java.net.ConnectException: Connection refused: no further information
	at java.base/sun.nio.ch.Net.pollConnect(Native Method)
	at java.base/sun.nio.ch.Net.pollConnectNow(Net.java:672)
	at java.base/sun.nio.ch.NioSocketImpl.timedFinishConnect(NioSocketImpl.java:542)
	at java.base/sun.nio.ch.NioSocketImpl.connect(NioSocketImpl.java:597)
	at java.base/java.net.SocksSocketImpl.connect(SocksSocketImpl.java:327)
	at java.base/java.net.Socket.connect(Socket.java:633)
	at org.postgresql.core.PGStream.createSocket(PGStream.java:261)
	at org.postgresql.core.PGStream.<init>(PGStream.java:122)
	at org.postgresql.core.v3.ConnectionFactoryImpl.tryConnect(ConnectionFactoryImpl.java:146)
	at org.postgresql.core.v3.ConnectionFactoryImpl.openConnectionImpl(ConnectionFactoryImpl.java:289)
	... 14 common frames omitted
2025-10-07 13:48:55,258 WARN  PoolBase [PoolBase.java:388] HikariPool-1 - Pool is empty, failed to create/setup connection (e8a0d114-1a64-411c-8c2f-ba8c545101f0)
org.postgresql.util.PSQLException: Подсоединение по адресу localhost:5432 отклонено. Проверьте что хост и порт указаны правильно и что postmaster принимает TCP/IP-подсоединения.
	at org.postgresql.core.v3.ConnectionFactoryImpl.openConnectionImpl(ConnectionFactoryImpl.java:373)
	at org.postgresql.core.ConnectionFactory.openConnection(ConnectionFactory.java:57)
	at org.postgresql.jdbc.PgConnection.<init>(PgConnection.java:277)
	at org.postgresql.Driver.makeConnection(Driver.java:448)
	at org.postgresql.Driver.connect(Driver.java:298)
	at com.zaxxer.hikari.util.DriverDataSource.getConnection(DriverDataSource.java:144)
	at com.zaxxer.hikari.pool.PoolBase.newConnection(PoolBase.java:370)
	at com.zaxxer.hikari.pool.PoolBase.newPoolEntry(PoolBase.java:207)
	at com.zaxxer.hikari.pool.HikariPool.createPoolEntry(HikariPool.java:488)
	at com.zaxxer.hikari.pool.HikariPool$PoolEntryCreator.call(HikariPool.java:752)
	at com.zaxxer.hikari.pool.HikariPool$PoolEntryCreator.call(HikariPool.java:731)
	at java.base/java.util.concurrent.FutureTask.run(FutureTask.java:264)
	at java.base/java.util.concurrent.ThreadPoolExecutor.runWorker(ThreadPoolExecutor.java:1136)
	at java.base/java.util.concurrent.ThreadPoolExecutor$Worker.run(ThreadPoolExecutor.java:635)
	at java.base/java.lang.Thread.run(Thread.java:833)
Caused by: java.net.ConnectException: Connection refused: no further information
	at java.base/sun.nio.ch.Net.pollConnect(Native Method)
	at java.base/sun.nio.ch.Net.pollConnectNow(Net.java:672)
	at java.base/sun.nio.ch.NioSocketImpl.timedFinishConnect(NioSocketImpl.java:542)
	at java.base/sun.nio.ch.NioSocketImpl.connect(NioSocketImpl.java:597)
	at java.base/java.net.SocksSocketImpl.connect(SocksSocketImpl.java:327)
	at java.base/java.net.Socket.connect(Socket.java:633)
	at org.postgresql.core.PGStream.createSocket(PGStream.java:261)
	at org.postgresql.core.PGStream.<init>(PGStream.java:122)
	at org.postgresql.core.v3.ConnectionFactoryImpl.tryConnect(ConnectionFactoryImpl.java:146)
	at org.postgresql.core.v3.ConnectionFactoryImpl.openConnectionImpl(ConnectionFactoryImpl.java:289)
	... 14 common frames omitted
2025-10-07 13:50:00,477 WARN  PoolBase [PoolBase.java:388] HikariPool-1 - Pool is empty, failed to create/setup connection (ba8028d8-f190-4e5a-854d-bd4bd778c5af)
org.postgresql.util.PSQLException: Подсоединение по адресу localhost:5432 отклонено. Проверьте что хост и порт указаны правильно и что postmaster принимает TCP/IP-подсоединения.
	at org.postgresql.core.v3.ConnectionFactoryImpl.openConnectionImpl(ConnectionFactoryImpl.java:373)
	at org.postgresql.core.ConnectionFactory.openConnection(ConnectionFactory.java:57)
	at org.postgresql.jdbc.PgConnection.<init>(PgConnection.java:277)
	at org.postgresql.Driver.makeConnection(Driver.java:448)
	at org.postgresql.Driver.connect(Driver.java:298)
	at com.zaxxer.hikari.util.DriverDataSource.getConnection(DriverDataSource.java:144)
	at com.zaxxer.hikari.pool.PoolBase.newConnection(PoolBase.java:370)
	at com.zaxxer.hikari.pool.PoolBase.newPoolEntry(PoolBase.java:207)
	at com.zaxxer.hikari.pool.HikariPool.createPoolEntry(HikariPool.java:488)
	at com.zaxxer.hikari.pool.HikariPool$PoolEntryCreator.call(HikariPool.java:752)
	at com.zaxxer.hikari.pool.HikariPool$PoolEntryCreator.call(HikariPool.java:731)
	at java.base/java.util.concurrent.FutureTask.run(FutureTask.java:264)
	at java.base/java.util.concurrent.ThreadPoolExecutor.runWorker(ThreadPoolExecutor.java:1136)
	at java.base/java.util.concurrent.ThreadPoolExecutor$Worker.run(ThreadPoolExecutor.java:635)
	at java.base/java.lang.Thread.run(Thread.java:833)
Caused by: java.net.ConnectException: Connection refused: no further information
	at java.base/sun.nio.ch.Net.pollConnect(Native Method)
	at java.base/sun.nio.ch.Net.pollConnectNow(Net.java:672)
	at java.base/sun.nio.ch.NioSocketImpl.timedFinishConnect(NioSocketImpl.java:542)
	at java.base/sun.nio.ch.NioSocketImpl.connect(NioSocketImpl.java:597)
	at java.base/java.net.SocksSocketImpl.connect(SocksSocketImpl.java:327)
	at java.base/java.net.Socket.connect(Socket.java:633)
	at org.postgresql.core.PGStream.createSocket(PGStream.java:261)
	at org.postgresql.core.PGStream.<init>(PGStream.java:122)
	at org.postgresql.core.v3.ConnectionFactoryImpl.tryConnect(ConnectionFactoryImpl.java:146)
	at org.postgresql.core.v3.ConnectionFactoryImpl.openConnectionImpl(ConnectionFactoryImpl.java:289)
	... 14 common frames omitted
2025-10-07 13:51:05,685 WARN  PoolBase [PoolBase.java:388] HikariPool-1 - Pool is empty, failed to create/setup connection (1f305bea-e3be-41d1-b9c8-95ecea4b045d)
org.postgresql.util.PSQLException: Подсоединение по адресу localhost:5432 отклонено. Проверьте что хост и порт указаны правильно и что postmaster принимает TCP/IP-подсоединения.
	at org.postgresql.core.v3.ConnectionFactoryImpl.openConnectionImpl(ConnectionFactoryImpl.java:373)
	at org.postgresql.core.ConnectionFactory.openConnection(ConnectionFactory.java:57)
	at org.postgresql.jdbc.PgConnection.<init>(PgConnection.java:277)
	at org.postgresql.Driver.makeConnection(Driver.java:448)
	at org.postgresql.Driver.connect(Driver.java:298)
	at com.zaxxer.hikari.util.DriverDataSource.getConnection(DriverDataSource.java:144)
	at com.zaxxer.hikari.pool.PoolBase.newConnection(PoolBase.java:370)
	at com.zaxxer.hikari.pool.PoolBase.newPoolEntry(PoolBase.java:207)
	at com.zaxxer.hikari.pool.HikariPool.createPoolEntry(HikariPool.java:488)
	at com.zaxxer.hikari.pool.HikariPool$PoolEntryCreator.call(HikariPool.java:752)
	at com.zaxxer.hikari.pool.HikariPool$PoolEntryCreator.call(HikariPool.java:731)
	at java.base/java.util.concurrent.FutureTask.run(FutureTask.java:264)
	at java.base/java.util.concurrent.ThreadPoolExecutor.runWorker(ThreadPoolExecutor.java:1136)
	at java.base/java.util.concurrent.ThreadPoolExecutor$Worker.run(ThreadPoolExecutor.java:635)
	at java.base/java.lang.Thread.run(Thread.java:833)
Caused by: java.net.ConnectException: Connection refused: no further information
	at java.base/sun.nio.ch.Net.pollConnect(Native Method)
	at java.base/sun.nio.ch.Net.pollConnectNow(Net.java:672)
	at java.base/sun.nio.ch.NioSocketImpl.timedFinishConnect(NioSocketImpl.java:542)
	at java.base/sun.nio.ch.NioSocketImpl.connect(NioSocketImpl.java:597)
	at java.base/java.net.SocksSocketImpl.connect(SocksSocketImpl.java:327)
	at java.base/java.net.Socket.connect(Socket.java:633)
	at org.postgresql.core.PGStream.createSocket(PGStream.java:261)
	at org.postgresql.core.PGStream.<init>(PGStream.java:122)
	at org.postgresql.core.v3.ConnectionFactoryImpl.tryConnect(ConnectionFactoryImpl.java:146)
	at org.postgresql.core.v3.ConnectionFactoryImpl.openConnectionImpl(ConnectionFactoryImpl.java:289)
	... 14 common frames omitted
2025-10-07 13:52:10,947 WARN  PoolBase [PoolBase.java:388] HikariPool-1 - Pool is empty, failed to create/setup connection (ac6c608b-7817-42ea-8b82-7961cc222ab7)
org.postgresql.util.PSQLException: Подсоединение по адресу localhost:5432 отклонено. Проверьте что хост и порт указаны правильно и что postmaster принимает TCP/IP-подсоединения.
	at org.postgresql.core.v3.ConnectionFactoryImpl.openConnectionImpl(ConnectionFactoryImpl.java:373)
	at org.postgresql.core.ConnectionFactory.openConnection(ConnectionFactory.java:57)
	at org.postgresql.jdbc.PgConnection.<init>(PgConnection.java:277)
	at org.postgresql.Driver.makeConnection(Driver.java:448)
	at org.postgresql.Driver.connect(Driver.java:298)
	at com.zaxxer.hikari.util.DriverDataSource.getConnection(DriverDataSource.java:144)
	at com.zaxxer.hikari.pool.PoolBase.newConnection(PoolBase.java:370)
	at com.zaxxer.hikari.pool.PoolBase.newPoolEntry(PoolBase.java:207)
	at com.zaxxer.hikari.pool.HikariPool.createPoolEntry(HikariPool.java:488)
	at com.zaxxer.hikari.pool.HikariPool$PoolEntryCreator.call(HikariPool.java:752)
	at com.zaxxer.hikari.pool.HikariPool$PoolEntryCreator.call(HikariPool.java:731)
	at java.base/java.util.concurrent.FutureTask.run(FutureTask.java:264)
	at java.base/java.util.concurrent.ThreadPoolExecutor.runWorker(ThreadPoolExecutor.java:1136)
	at java.base/java.util.concurrent.ThreadPoolExecutor$Worker.run(ThreadPoolExecutor.java:635)
	at java.base/java.lang.Thread.run(Thread.java:833)
Caused by: java.net.ConnectException: Connection refused: no further information
	at java.base/sun.nio.ch.Net.pollConnect(Native Method)
	at java.base/sun.nio.ch.Net.pollConnectNow(Net.java:672)
	at java.base/sun.nio.ch.NioSocketImpl.timedFinishConnect(NioSocketImpl.java:542)
	at java.base/sun.nio.ch.NioSocketImpl.connect(NioSocketImpl.java:597)
	at java.base/java.net.SocksSocketImpl.connect(SocksSocketImpl.java:327)
	at java.base/java.net.Socket.connect(Socket.java:633)
	at org.postgresql.core.PGStream.createSocket(PGStream.java:261)
	at org.postgresql.core.PGStream.<init>(PGStream.java:122)
	at org.postgresql.core.v3.ConnectionFactoryImpl.tryConnect(ConnectionFactoryImpl.java:146)
	at org.postgresql.core.v3.ConnectionFactoryImpl.openConnectionImpl(ConnectionFactoryImpl.java:289)
	... 14 common frames omitted
2025-10-07 13:53:16,114 WARN  PoolBase [PoolBase.java:388] HikariPool-1 - Pool is empty, failed to create/setup connection (8d643328-fde7-4c45-a80b-651c9169dba1)
org.postgresql.util.PSQLException: Подсоединение по адресу localhost:5432 отклонено. Проверьте что хост и порт указаны правильно и что postmaster принимает TCP/IP-подсоединения.
	at org.postgresql.core.v3.ConnectionFactoryImpl.openConnectionImpl(ConnectionFactoryImpl.java:373)
	at org.postgresql.core.ConnectionFactory.openConnection(ConnectionFactory.java:57)
	at org.postgresql.jdbc.PgConnection.<init>(PgConnection.java:277)
	at org.postgresql.Driver.makeConnection(Driver.java:448)
	at org.postgresql.Driver.connect(Driver.java:298)
	at com.zaxxer.hikari.util.DriverDataSource.getConnection(DriverDataSource.java:144)
	at com.zaxxer.hikari.pool.PoolBase.newConnection(PoolBase.java:370)
	at com.zaxxer.hikari.pool.PoolBase.newPoolEntry(PoolBase.java:207)
	at com.zaxxer.hikari.pool.HikariPool.createPoolEntry(HikariPool.java:488)
	at com.zaxxer.hikari.pool.HikariPool$PoolEntryCreator.call(HikariPool.java:752)
	at com.zaxxer.hikari.pool.HikariPool$PoolEntryCreator.call(HikariPool.java:731)
	at java.base/java.util.concurrent.FutureTask.run(FutureTask.java:264)
	at java.base/java.util.concurrent.ThreadPoolExecutor.runWorker(ThreadPoolExecutor.java:1136)
	at java.base/java.util.concurrent.ThreadPoolExecutor$Worker.run(ThreadPoolExecutor.java:635)
	at java.base/java.lang.Thread.run(Thread.java:833)
Caused by: java.net.ConnectException: Connection refused: no further information
	at java.base/sun.nio.ch.Net.pollConnect(Native Method)
	at java.base/sun.nio.ch.Net.pollConnectNow(Net.java:672)
	at java.base/sun.nio.ch.NioSocketImpl.timedFinishConnect(NioSocketImpl.java:542)
	at java.base/sun.nio.ch.NioSocketImpl.connect(NioSocketImpl.java:597)
	at java.base/java.net.SocksSocketImpl.connect(SocksSocketImpl.java:327)
	at java.base/java.net.Socket.connect(Socket.java:633)
	at org.postgresql.core.PGStream.createSocket(PGStream.java:261)
	at org.postgresql.core.PGStream.<init>(PGStream.java:122)
	at org.postgresql.core.v3.ConnectionFactoryImpl.tryConnect(ConnectionFactoryImpl.java:146)
	at org.postgresql.core.v3.ConnectionFactoryImpl.openConnectionImpl(ConnectionFactoryImpl.java:289)
	... 14 common frames omitted
2025-10-07 13:54:21,356 WARN  PoolBase [PoolBase.java:388] HikariPool-1 - Pool is empty, failed to create/setup connection (040f8917-ed39-4054-bda1-90978c5945be)
org.postgresql.util.PSQLException: Подсоединение по адресу localhost:5432 отклонено. Проверьте что хост и порт указаны правильно и что postmaster принимает TCP/IP-подсоединения.
	at org.postgresql.core.v3.ConnectionFactoryImpl.openConnectionImpl(ConnectionFactoryImpl.java:373)
	at org.postgresql.core.ConnectionFactory.openConnection(ConnectionFactory.java:57)
	at org.postgresql.jdbc.PgConnection.<init>(PgConnection.java:277)
	at org.postgresql.Driver.makeConnection(Driver.java:448)
	at org.postgresql.Driver.connect(Driver.java:298)
	at com.zaxxer.hikari.util.DriverDataSource.getConnection(DriverDataSource.java:144)
	at com.zaxxer.hikari.pool.PoolBase.newConnection(PoolBase.java:370)
	at com.zaxxer.hikari.pool.PoolBase.newPoolEntry(PoolBase.java:207)
	at com.zaxxer.hikari.pool.HikariPool.createPoolEntry(HikariPool.java:488)
	at com.zaxxer.hikari.pool.HikariPool$PoolEntryCreator.call(HikariPool.java:752)
	at com.zaxxer.hikari.pool.HikariPool$PoolEntryCreator.call(HikariPool.java:731)
	at java.base/java.util.concurrent.FutureTask.run(FutureTask.java:264)
	at java.base/java.util.concurrent.ThreadPoolExecutor.runWorker(ThreadPoolExecutor.java:1136)
	at java.base/java.util.concurrent.ThreadPoolExecutor$Worker.run(ThreadPoolExecutor.java:635)
	at java.base/java.lang.Thread.run(Thread.java:833)
Caused by: java.net.ConnectException: Connection refused: no further information
	at java.base/sun.nio.ch.Net.pollConnect(Native Method)
	at java.base/sun.nio.ch.Net.pollConnectNow(Net.java:672)
	at java.base/sun.nio.ch.NioSocketImpl.timedFinishConnect(NioSocketImpl.java:542)
	at java.base/sun.nio.ch.NioSocketImpl.connect(NioSocketImpl.java:597)
	at java.base/java.net.SocksSocketImpl.connect(SocksSocketImpl.java:327)
	at java.base/java.net.Socket.connect(Socket.java:633)
	at org.postgresql.core.PGStream.createSocket(PGStream.java:261)
	at org.postgresql.core.PGStream.<init>(PGStream.java:122)
	at org.postgresql.core.v3.ConnectionFactoryImpl.tryConnect(ConnectionFactoryImpl.java:146)
	at org.postgresql.core.v3.ConnectionFactoryImpl.openConnectionImpl(ConnectionFactoryImpl.java:289)
	... 14 common frames omitted
2025-10-07 13:55:26,581 WARN  PoolBase [PoolBase.java:388] HikariPool-1 - Pool is empty, failed to create/setup connection (325c5b07-ec38-4405-9822-5ef641d5cae9)
org.postgresql.util.PSQLException: Подсоединение по адресу localhost:5432 отклонено. Проверьте что хост и порт указаны правильно и что postmaster принимает TCP/IP-подсоединения.
	at org.postgresql.core.v3.ConnectionFactoryImpl.openConnectionImpl(ConnectionFactoryImpl.java:373)
	at org.postgresql.core.ConnectionFactory.openConnection(ConnectionFactory.java:57)
	at org.postgresql.jdbc.PgConnection.<init>(PgConnection.java:277)
	at org.postgresql.Driver.makeConnection(Driver.java:448)
	at org.postgresql.Driver.connect(Driver.java:298)
	at com.zaxxer.hikari.util.DriverDataSource.getConnection(DriverDataSource.java:144)
	at com.zaxxer.hikari.pool.PoolBase.newConnection(PoolBase.java:370)
	at com.zaxxer.hikari.pool.PoolBase.newPoolEntry(PoolBase.java:207)
	at com.zaxxer.hikari.pool.HikariPool.createPoolEntry(HikariPool.java:488)
	at com.zaxxer.hikari.pool.HikariPool$PoolEntryCreator.call(HikariPool.java:752)
	at com.zaxxer.hikari.pool.HikariPool$PoolEntryCreator.call(HikariPool.java:731)
	at java.base/java.util.concurrent.FutureTask.run(FutureTask.java:264)
	at java.base/java.util.concurrent.ThreadPoolExecutor.runWorker(ThreadPoolExecutor.java:1136)
	at java.base/java.util.concurrent.ThreadPoolExecutor$Worker.run(ThreadPoolExecutor.java:635)
	at java.base/java.lang.Thread.run(Thread.java:833)
Caused by: java.net.ConnectException: Connection refused: no further information
	at java.base/sun.nio.ch.Net.pollConnect(Native Method)
	at java.base/sun.nio.ch.Net.pollConnectNow(Net.java:672)
	at java.base/sun.nio.ch.NioSocketImpl.timedFinishConnect(NioSocketImpl.java:542)
	at java.base/sun.nio.ch.NioSocketImpl.connect(NioSocketImpl.java:597)
	at java.base/java.net.SocksSocketImpl.connect(SocksSocketImpl.java:327)
	at java.base/java.net.Socket.connect(Socket.java:633)
	at org.postgresql.core.PGStream.createSocket(PGStream.java:261)
	at org.postgresql.core.PGStream.<init>(PGStream.java:122)
	at org.postgresql.core.v3.ConnectionFactoryImpl.tryConnect(ConnectionFactoryImpl.java:146)
	at org.postgresql.core.v3.ConnectionFactoryImpl.openConnectionImpl(ConnectionFactoryImpl.java:289)
	... 14 common frames omitted
2025-10-07 13:56:31,817 WARN  PoolBase [PoolBase.java:388] HikariPool-1 - Pool is empty, failed to create/setup connection (2b0a5380-bd59-44b5-bac5-53ef44756e3e)
org.postgresql.util.PSQLException: Подсоединение по адресу localhost:5432 отклонено. Проверьте что хост и порт указаны правильно и что postmaster принимает TCP/IP-подсоединения.
	at org.postgresql.core.v3.ConnectionFactoryImpl.openConnectionImpl(ConnectionFactoryImpl.java:373)
	at org.postgresql.core.ConnectionFactory.openConnection(ConnectionFactory.java:57)
	at org.postgresql.jdbc.PgConnection.<init>(PgConnection.java:277)
	at org.postgresql.Driver.makeConnection(Driver.java:448)
	at org.postgresql.Driver.connect(Driver.java:298)
	at com.zaxxer.hikari.util.DriverDataSource.getConnection(DriverDataSource.java:144)
	at com.zaxxer.hikari.pool.PoolBase.newConnection(PoolBase.java:370)
	at com.zaxxer.hikari.pool.PoolBase.newPoolEntry(PoolBase.java:207)
	at com.zaxxer.hikari.pool.HikariPool.createPoolEntry(HikariPool.java:488)
	at com.zaxxer.hikari.pool.HikariPool$PoolEntryCreator.call(HikariPool.java:752)
	at com.zaxxer.hikari.pool.HikariPool$PoolEntryCreator.call(HikariPool.java:731)
	at java.base/java.util.concurrent.FutureTask.run(FutureTask.java:264)
	at java.base/java.util.concurrent.ThreadPoolExecutor.runWorker(ThreadPoolExecutor.java:1136)
	at java.base/java.util.concurrent.ThreadPoolExecutor$Worker.run(ThreadPoolExecutor.java:635)
	at java.base/java.lang.Thread.run(Thread.java:833)
Caused by: java.net.ConnectException: Connection refused: no further information
	at java.base/sun.nio.ch.Net.pollConnect(Native Method)
	at java.base/sun.nio.ch.Net.pollConnectNow(Net.java:672)
	at java.base/sun.nio.ch.NioSocketImpl.timedFinishConnect(NioSocketImpl.java:542)
	at java.base/sun.nio.ch.NioSocketImpl.connect(NioSocketImpl.java:597)
	at java.base/java.net.SocksSocketImpl.connect(SocksSocketImpl.java:327)
	at java.base/java.net.Socket.connect(Socket.java:633)
	at org.postgresql.core.PGStream.createSocket(PGStream.java:261)
	at org.postgresql.core.PGStream.<init>(PGStream.java:122)
	at org.postgresql.core.v3.ConnectionFactoryImpl.tryConnect(ConnectionFactoryImpl.java:146)
	at org.postgresql.core.v3.ConnectionFactoryImpl.openConnectionImpl(ConnectionFactoryImpl.java:289)
	... 14 common frames omitted
2025-10-07 13:57:37,068 WARN  PoolBase [PoolBase.java:388] HikariPool-1 - Pool is empty, failed to create/setup connection (817c899c-b12b-44a7-9007-547f073b9626)
org.postgresql.util.PSQLException: Подсоединение по адресу localhost:5432 отклонено. Проверьте что хост и порт указаны правильно и что postmaster принимает TCP/IP-подсоединения.
	at org.postgresql.core.v3.ConnectionFactoryImpl.openConnectionImpl(ConnectionFactoryImpl.java:373)
	at org.postgresql.core.ConnectionFactory.openConnection(ConnectionFactory.java:57)
	at org.postgresql.jdbc.PgConnection.<init>(PgConnection.java:277)
	at org.postgresql.Driver.makeConnection(Driver.java:448)
	at org.postgresql.Driver.connect(Driver.java:298)
	at com.zaxxer.hikari.util.DriverDataSource.getConnection(DriverDataSource.java:144)
	at com.zaxxer.hikari.pool.PoolBase.newConnection(PoolBase.java:370)
	at com.zaxxer.hikari.pool.PoolBase.newPoolEntry(PoolBase.java:207)
	at com.zaxxer.hikari.pool.HikariPool.createPoolEntry(HikariPool.java:488)
	at com.zaxxer.hikari.pool.HikariPool$PoolEntryCreator.call(HikariPool.java:752)
	at com.zaxxer.hikari.pool.HikariPool$PoolEntryCreator.call(HikariPool.java:731)
	at java.base/java.util.concurrent.FutureTask.run(FutureTask.java:264)
	at java.base/java.util.concurrent.ThreadPoolExecutor.runWorker(ThreadPoolExecutor.java:1136)
	at java.base/java.util.concurrent.ThreadPoolExecutor$Worker.run(ThreadPoolExecutor.java:635)
	at java.base/java.lang.Thread.run(Thread.java:833)
Caused by: java.net.ConnectException: Connection refused: no further information
	at java.base/sun.nio.ch.Net.pollConnect(Native Method)
	at java.base/sun.nio.ch.Net.pollConnectNow(Net.java:672)
	at java.base/sun.nio.ch.NioSocketImpl.timedFinishConnect(NioSocketImpl.java:542)
	at java.base/sun.nio.ch.NioSocketImpl.connect(NioSocketImpl.java:597)
	at java.base/java.net.SocksSocketImpl.connect(SocksSocketImpl.java:327)
	at java.base/java.net.Socket.connect(Socket.java:633)
	at org.postgresql.core.PGStream.createSocket(PGStream.java:261)
	at org.postgresql.core.PGStream.<init>(PGStream.java:122)
	at org.postgresql.core.v3.ConnectionFactoryImpl.tryConnect(ConnectionFactoryImpl.java:146)
	at org.postgresql.core.v3.ConnectionFactoryImpl.openConnectionImpl(ConnectionFactoryImpl.java:289)
	... 14 common frames omitted
2025-10-07 13:58:42,291 WARN  PoolBase [PoolBase.java:388] HikariPool-1 - Pool is empty, failed to create/setup connection (b295d5d1-4cc3-4170-a086-f2df0f4e2dfd)
org.postgresql.util.PSQLException: Подсоединение по адресу localhost:5432 отклонено. Проверьте что хост и порт указаны правильно и что postmaster принимает TCP/IP-подсоединения.
	at org.postgresql.core.v3.ConnectionFactoryImpl.openConnectionImpl(ConnectionFactoryImpl.java:373)
	at org.postgresql.core.ConnectionFactory.openConnection(ConnectionFactory.java:57)
	at org.postgresql.jdbc.PgConnection.<init>(PgConnection.java:277)
	at org.postgresql.Driver.makeConnection(Driver.java:448)
	at org.postgresql.Driver.connect(Driver.java:298)
	at com.zaxxer.hikari.util.DriverDataSource.getConnection(DriverDataSource.java:144)
	at com.zaxxer.hikari.pool.PoolBase.newConnection(PoolBase.java:370)
	at com.zaxxer.hikari.pool.PoolBase.newPoolEntry(PoolBase.java:207)
	at com.zaxxer.hikari.pool.HikariPool.createPoolEntry(HikariPool.java:488)
	at com.zaxxer.hikari.pool.HikariPool$PoolEntryCreator.call(HikariPool.java:752)
	at com.zaxxer.hikari.pool.HikariPool$PoolEntryCreator.call(HikariPool.java:731)
	at java.base/java.util.concurrent.FutureTask.run(FutureTask.java:264)
	at java.base/java.util.concurrent.ThreadPoolExecutor.runWorker(ThreadPoolExecutor.java:1136)
	at java.base/java.util.concurrent.ThreadPoolExecutor$Worker.run(ThreadPoolExecutor.java:635)
	at java.base/java.lang.Thread.run(Thread.java:833)
Caused by: java.net.ConnectException: Connection refused: no further information
	at java.base/sun.nio.ch.Net.pollConnect(Native Method)
	at java.base/sun.nio.ch.Net.pollConnectNow(Net.java:672)
	at java.base/sun.nio.ch.NioSocketImpl.timedFinishConnect(NioSocketImpl.java:542)
	at java.base/sun.nio.ch.NioSocketImpl.connect(NioSocketImpl.java:597)
	at java.base/java.net.SocksSocketImpl.connect(SocksSocketImpl.java:327)
	at java.base/java.net.Socket.connect(Socket.java:633)
	at org.postgresql.core.PGStream.createSocket(PGStream.java:261)
	at org.postgresql.core.PGStream.<init>(PGStream.java:122)
	at org.postgresql.core.v3.ConnectionFactoryImpl.tryConnect(ConnectionFactoryImpl.java:146)
	at org.postgresql.core.v3.ConnectionFactoryImpl.openConnectionImpl(ConnectionFactoryImpl.java:289)
	... 14 common frames omitted
2025-10-07 13:59:47,556 WARN  PoolBase [PoolBase.java:388] HikariPool-1 - Pool is empty, failed to create/setup connection (34a525a8-daad-464d-b19d-b1740be86492)
org.postgresql.util.PSQLException: Подсоединение по адресу localhost:5432 отклонено. Проверьте что хост и порт указаны правильно и что postmaster принимает TCP/IP-подсоединения.
	at org.postgresql.core.v3.ConnectionFactoryImpl.openConnectionImpl(ConnectionFactoryImpl.java:373)
	at org.postgresql.core.ConnectionFactory.openConnection(ConnectionFactory.java:57)
	at org.postgresql.jdbc.PgConnection.<init>(PgConnection.java:277)
	at org.postgresql.Driver.makeConnection(Driver.java:448)
	at org.postgresql.Driver.connect(Driver.java:298)
	at com.zaxxer.hikari.util.DriverDataSource.getConnection(DriverDataSource.java:144)
	at com.zaxxer.hikari.pool.PoolBase.newConnection(PoolBase.java:370)
	at com.zaxxer.hikari.pool.PoolBase.newPoolEntry(PoolBase.java:207)
	at com.zaxxer.hikari.pool.HikariPool.createPoolEntry(HikariPool.java:488)
	at com.zaxxer.hikari.pool.HikariPool$PoolEntryCreator.call(HikariPool.java:752)
	at com.zaxxer.hikari.pool.HikariPool$PoolEntryCreator.call(HikariPool.java:731)
	at java.base/java.util.concurrent.FutureTask.run(FutureTask.java:264)
	at java.base/java.util.concurrent.ThreadPoolExecutor.runWorker(ThreadPoolExecutor.java:1136)
	at java.base/java.util.concurrent.ThreadPoolExecutor$Worker.run(ThreadPoolExecutor.java:635)
	at java.base/java.lang.Thread.run(Thread.java:833)
Caused by: java.net.ConnectException: Connection refused: no further information
	at java.base/sun.nio.ch.Net.pollConnect(Native Method)
	at java.base/sun.nio.ch.Net.pollConnectNow(Net.java:672)
	at java.base/sun.nio.ch.NioSocketImpl.timedFinishConnect(NioSocketImpl.java:542)
	at java.base/sun.nio.ch.NioSocketImpl.connect(NioSocketImpl.java:597)
	at java.base/java.net.SocksSocketImpl.connect(SocksSocketImpl.java:327)
	at java.base/java.net.Socket.connect(Socket.java:633)
	at org.postgresql.core.PGStream.createSocket(PGStream.java:261)
	at org.postgresql.core.PGStream.<init>(PGStream.java:122)
	at org.postgresql.core.v3.ConnectionFactoryImpl.tryConnect(ConnectionFactoryImpl.java:146)
	at org.postgresql.core.v3.ConnectionFactoryImpl.openConnectionImpl(ConnectionFactoryImpl.java:289)
	... 14 common frames omitted
2025-10-07 14:00:52,829 WARN  PoolBase [PoolBase.java:388] HikariPool-1 - Pool is empty, failed to create/setup connection (d284ddc9-3599-4a4d-9df9-3873bb8a4950)
org.postgresql.util.PSQLException: Подсоединение по адресу localhost:5432 отклонено. Проверьте что хост и порт указаны правильно и что postmaster принимает TCP/IP-подсоединения.
	at org.postgresql.core.v3.ConnectionFactoryImpl.openConnectionImpl(ConnectionFactoryImpl.java:373)
	at org.postgresql.core.ConnectionFactory.openConnection(ConnectionFactory.java:57)
	at org.postgresql.jdbc.PgConnection.<init>(PgConnection.java:277)
	at org.postgresql.Driver.makeConnection(Driver.java:448)
	at org.postgresql.Driver.connect(Driver.java:298)
	at com.zaxxer.hikari.util.DriverDataSource.getConnection(DriverDataSource.java:144)
	at com.zaxxer.hikari.pool.PoolBase.newConnection(PoolBase.java:370)
	at com.zaxxer.hikari.pool.PoolBase.newPoolEntry(PoolBase.java:207)
	at com.zaxxer.hikari.pool.HikariPool.createPoolEntry(HikariPool.java:488)
	at com.zaxxer.hikari.pool.HikariPool$PoolEntryCreator.call(HikariPool.java:752)
	at com.zaxxer.hikari.pool.HikariPool$PoolEntryCreator.call(HikariPool.java:731)
	at java.base/java.util.concurrent.FutureTask.run(FutureTask.java:264)
	at java.base/java.util.concurrent.ThreadPoolExecutor.runWorker(ThreadPoolExecutor.java:1136)
	at java.base/java.util.concurrent.ThreadPoolExecutor$Worker.run(ThreadPoolExecutor.java:635)
	at java.base/java.lang.Thread.run(Thread.java:833)
Caused by: java.net.ConnectException: Connection refused: no further information
	at java.base/sun.nio.ch.Net.pollConnect(Native Method)
	at java.base/sun.nio.ch.Net.pollConnectNow(Net.java:672)
	at java.base/sun.nio.ch.NioSocketImpl.timedFinishConnect(NioSocketImpl.java:542)
	at java.base/sun.nio.ch.NioSocketImpl.connect(NioSocketImpl.java:597)
	at java.base/java.net.SocksSocketImpl.connect(SocksSocketImpl.java:327)
	at java.base/java.net.Socket.connect(Socket.java:633)
	at org.postgresql.core.PGStream.createSocket(PGStream.java:261)
	at org.postgresql.core.PGStream.<init>(PGStream.java:122)
	at org.postgresql.core.v3.ConnectionFactoryImpl.tryConnect(ConnectionFactoryImpl.java:146)
	at org.postgresql.core.v3.ConnectionFactoryImpl.openConnectionImpl(ConnectionFactoryImpl.java:289)
	... 14 common frames omitted
2025-10-07 14:01:58,087 WARN  PoolBase [PoolBase.java:388] HikariPool-1 - Pool is empty, failed to create/setup connection (c534a277-cbdf-4e05-8b85-2570152cae8f)
org.postgresql.util.PSQLException: Подсоединение по адресу localhost:5432 отклонено. Проверьте что хост и порт указаны правильно и что postmaster принимает TCP/IP-подсоединения.
	at org.postgresql.core.v3.ConnectionFactoryImpl.openConnectionImpl(ConnectionFactoryImpl.java:373)
	at org.postgresql.core.ConnectionFactory.openConnection(ConnectionFactory.java:57)
	at org.postgresql.jdbc.PgConnection.<init>(PgConnection.java:277)
	at org.postgresql.Driver.makeConnection(Driver.java:448)
	at org.postgresql.Driver.connect(Driver.java:298)
	at com.zaxxer.hikari.util.DriverDataSource.getConnection(DriverDataSource.java:144)
	at com.zaxxer.hikari.pool.PoolBase.newConnection(PoolBase.java:370)
	at com.zaxxer.hikari.pool.PoolBase.newPoolEntry(PoolBase.java:207)
	at com.zaxxer.hikari.pool.HikariPool.createPoolEntry(HikariPool.java:488)
	at com.zaxxer.hikari.pool.HikariPool$PoolEntryCreator.call(HikariPool.java:752)
	at com.zaxxer.hikari.pool.HikariPool$PoolEntryCreator.call(HikariPool.java:731)
	at java.base/java.util.concurrent.FutureTask.run(FutureTask.java:264)
	at java.base/java.util.concurrent.ThreadPoolExecutor.runWorker(ThreadPoolExecutor.java:1136)
	at java.base/java.util.concurrent.ThreadPoolExecutor$Worker.run(ThreadPoolExecutor.java:635)
	at java.base/java.lang.Thread.run(Thread.java:833)
Caused by: java.net.ConnectException: Connection refused: no further information
	at java.base/sun.nio.ch.Net.pollConnect(Native Method)
	at java.base/sun.nio.ch.Net.pollConnectNow(Net.java:672)
	at java.base/sun.nio.ch.NioSocketImpl.timedFinishConnect(NioSocketImpl.java:542)
	at java.base/sun.nio.ch.NioSocketImpl.connect(NioSocketImpl.java:597)
	at java.base/java.net.SocksSocketImpl.connect(SocksSocketImpl.java:327)
	at java.base/java.net.Socket.connect(Socket.java:633)
	at org.postgresql.core.PGStream.createSocket(PGStream.java:261)
	at org.postgresql.core.PGStream.<init>(PGStream.java:122)
	at org.postgresql.core.v3.ConnectionFactoryImpl.tryConnect(ConnectionFactoryImpl.java:146)
	at org.postgresql.core.v3.ConnectionFactoryImpl.openConnectionImpl(ConnectionFactoryImpl.java:289)
	... 14 common frames omitted
2025-10-07 14:03:03,331 WARN  PoolBase [PoolBase.java:388] HikariPool-1 - Pool is empty, failed to create/setup connection (7d2364f3-daf4-4914-a30d-2c53c0868ef9)
org.postgresql.util.PSQLException: Подсоединение по адресу localhost:5432 отклонено. Проверьте что хост и порт указаны правильно и что postmaster принимает TCP/IP-подсоединения.
	at org.postgresql.core.v3.ConnectionFactoryImpl.openConnectionImpl(ConnectionFactoryImpl.java:373)
	at org.postgresql.core.ConnectionFactory.openConnection(ConnectionFactory.java:57)
	at org.postgresql.jdbc.PgConnection.<init>(PgConnection.java:277)
	at org.postgresql.Driver.makeConnection(Driver.java:448)
	at org.postgresql.Driver.connect(Driver.java:298)
	at com.zaxxer.hikari.util.DriverDataSource.getConnection(DriverDataSource.java:144)
	at com.zaxxer.hikari.pool.PoolBase.newConnection(PoolBase.java:370)
	at com.zaxxer.hikari.pool.PoolBase.newPoolEntry(PoolBase.java:207)
	at com.zaxxer.hikari.pool.HikariPool.createPoolEntry(HikariPool.java:488)
	at com.zaxxer.hikari.pool.HikariPool$PoolEntryCreator.call(HikariPool.java:752)
	at com.zaxxer.hikari.pool.HikariPool$PoolEntryCreator.call(HikariPool.java:731)
	at java.base/java.util.concurrent.FutureTask.run(FutureTask.java:264)
	at java.base/java.util.concurrent.ThreadPoolExecutor.runWorker(ThreadPoolExecutor.java:1136)
	at java.base/java.util.concurrent.ThreadPoolExecutor$Worker.run(ThreadPoolExecutor.java:635)
	at java.base/java.lang.Thread.run(Thread.java:833)
Caused by: java.net.ConnectException: Connection refused: no further information
	at java.base/sun.nio.ch.Net.pollConnect(Native Method)
	at java.base/sun.nio.ch.Net.pollConnectNow(Net.java:672)
	at java.base/sun.nio.ch.NioSocketImpl.timedFinishConnect(NioSocketImpl.java:542)
	at java.base/sun.nio.ch.NioSocketImpl.connect(NioSocketImpl.java:597)
	at java.base/java.net.SocksSocketImpl.connect(SocksSocketImpl.java:327)
	at java.base/java.net.Socket.connect(Socket.java:633)
	at org.postgresql.core.PGStream.createSocket(PGStream.java:261)
	at org.postgresql.core.PGStream.<init>(PGStream.java:122)
	at org.postgresql.core.v3.ConnectionFactoryImpl.tryConnect(ConnectionFactoryImpl.java:146)
	at org.postgresql.core.v3.ConnectionFactoryImpl.openConnectionImpl(ConnectionFactoryImpl.java:289)
	... 14 common frames omitted
2025-10-07 14:04:08,549 WARN  PoolBase [PoolBase.java:388] HikariPool-1 - Pool is empty, failed to create/setup connection (cffada44-b2b0-42fc-bbc8-eb63d9252ba7)
org.postgresql.util.PSQLException: Подсоединение по адресу localhost:5432 отклонено. Проверьте что хост и порт указаны правильно и что postmaster принимает TCP/IP-подсоединения.
	at org.postgresql.core.v3.ConnectionFactoryImpl.openConnectionImpl(ConnectionFactoryImpl.java:373)
	at org.postgresql.core.ConnectionFactory.openConnection(ConnectionFactory.java:57)
	at org.postgresql.jdbc.PgConnection.<init>(PgConnection.java:277)
	at org.postgresql.Driver.makeConnection(Driver.java:448)
	at org.postgresql.Driver.connect(Driver.java:298)
	at com.zaxxer.hikari.util.DriverDataSource.getConnection(DriverDataSource.java:144)
	at com.zaxxer.hikari.pool.PoolBase.newConnection(PoolBase.java:370)
	at com.zaxxer.hikari.pool.PoolBase.newPoolEntry(PoolBase.java:207)
	at com.zaxxer.hikari.pool.HikariPool.createPoolEntry(HikariPool.java:488)
	at com.zaxxer.hikari.pool.HikariPool$PoolEntryCreator.call(HikariPool.java:752)
	at com.zaxxer.hikari.pool.HikariPool$PoolEntryCreator.call(HikariPool.java:731)
	at java.base/java.util.concurrent.FutureTask.run(FutureTask.java:264)
	at java.base/java.util.concurrent.ThreadPoolExecutor.runWorker(ThreadPoolExecutor.java:1136)
	at java.base/java.util.concurrent.ThreadPoolExecutor$Worker.run(ThreadPoolExecutor.java:635)
	at java.base/java.lang.Thread.run(Thread.java:833)
Caused by: java.net.ConnectException: Connection refused: no further information
	at java.base/sun.nio.ch.Net.pollConnect(Native Method)
	at java.base/sun.nio.ch.Net.pollConnectNow(Net.java:672)
	at java.base/sun.nio.ch.NioSocketImpl.timedFinishConnect(NioSocketImpl.java:542)
	at java.base/sun.nio.ch.NioSocketImpl.connect(NioSocketImpl.java:597)
	at java.base/java.net.SocksSocketImpl.connect(SocksSocketImpl.java:327)
	at java.base/java.net.Socket.connect(Socket.java:633)
	at org.postgresql.core.PGStream.createSocket(PGStream.java:261)
	at org.postgresql.core.PGStream.<init>(PGStream.java:122)
	at org.postgresql.core.v3.ConnectionFactoryImpl.tryConnect(ConnectionFactoryImpl.java:146)
	at org.postgresql.core.v3.ConnectionFactoryImpl.openConnectionImpl(ConnectionFactoryImpl.java:289)
	... 14 common frames omitted
2025-10-07 14:05:13,791 WARN  PoolBase [PoolBase.java:388] HikariPool-1 - Pool is empty, failed to create/setup connection (eb15d87c-ef70-4f6c-93fb-884f25605f37)
org.postgresql.util.PSQLException: Подсоединение по адресу localhost:5432 отклонено. Проверьте что хост и порт указаны правильно и что postmaster принимает TCP/IP-подсоединения.
	at org.postgresql.core.v3.ConnectionFactoryImpl.openConnectionImpl(ConnectionFactoryImpl.java:373)
	at org.postgresql.core.ConnectionFactory.openConnection(ConnectionFactory.java:57)
	at org.postgresql.jdbc.PgConnection.<init>(PgConnection.java:277)
	at org.postgresql.Driver.makeConnection(Driver.java:448)
	at org.postgresql.Driver.connect(Driver.java:298)
	at com.zaxxer.hikari.util.DriverDataSource.getConnection(DriverDataSource.java:144)
	at com.zaxxer.hikari.pool.PoolBase.newConnection(PoolBase.java:370)
	at com.zaxxer.hikari.pool.PoolBase.newPoolEntry(PoolBase.java:207)
	at com.zaxxer.hikari.pool.HikariPool.createPoolEntry(HikariPool.java:488)
	at com.zaxxer.hikari.pool.HikariPool$PoolEntryCreator.call(HikariPool.java:752)
	at com.zaxxer.hikari.pool.HikariPool$PoolEntryCreator.call(HikariPool.java:731)
	at java.base/java.util.concurrent.FutureTask.run(FutureTask.java:264)
	at java.base/java.util.concurrent.ThreadPoolExecutor.runWorker(ThreadPoolExecutor.java:1136)
	at java.base/java.util.concurrent.ThreadPoolExecutor$Worker.run(ThreadPoolExecutor.java:635)
	at java.base/java.lang.Thread.run(Thread.java:833)
Caused by: java.net.ConnectException: Connection refused: no further information
	at java.base/sun.nio.ch.Net.pollConnect(Native Method)
	at java.base/sun.nio.ch.Net.pollConnectNow(Net.java:672)
	at java.base/sun.nio.ch.NioSocketImpl.timedFinishConnect(NioSocketImpl.java:542)
	at java.base/sun.nio.ch.NioSocketImpl.connect(NioSocketImpl.java:597)
	at java.base/java.net.SocksSocketImpl.connect(SocksSocketImpl.java:327)
	at java.base/java.net.Socket.connect(Socket.java:633)
	at org.postgresql.core.PGStream.createSocket(PGStream.java:261)
	at org.postgresql.core.PGStream.<init>(PGStream.java:122)
	at org.postgresql.core.v3.ConnectionFactoryImpl.tryConnect(ConnectionFactoryImpl.java:146)
	at org.postgresql.core.v3.ConnectionFactoryImpl.openConnectionImpl(ConnectionFactoryImpl.java:289)
	... 14 common frames omitted
2025-10-07 14:06:19,013 WARN  PoolBase [PoolBase.java:388] HikariPool-1 - Pool is empty, failed to create/setup connection (1fc8b8bf-8c78-4f0e-a221-52c8527560a4)
org.postgresql.util.PSQLException: Подсоединение по адресу localhost:5432 отклонено. Проверьте что хост и порт указаны правильно и что postmaster принимает TCP/IP-подсоединения.
	at org.postgresql.core.v3.ConnectionFactoryImpl.openConnectionImpl(ConnectionFactoryImpl.java:373)
	at org.postgresql.core.ConnectionFactory.openConnection(ConnectionFactory.java:57)
	at org.postgresql.jdbc.PgConnection.<init>(PgConnection.java:277)
	at org.postgresql.Driver.makeConnection(Driver.java:448)
	at org.postgresql.Driver.connect(Driver.java:298)
	at com.zaxxer.hikari.util.DriverDataSource.getConnection(DriverDataSource.java:144)
	at com.zaxxer.hikari.pool.PoolBase.newConnection(PoolBase.java:370)
	at com.zaxxer.hikari.pool.PoolBase.newPoolEntry(PoolBase.java:207)
	at com.zaxxer.hikari.pool.HikariPool.createPoolEntry(HikariPool.java:488)
	at com.zaxxer.hikari.pool.HikariPool$PoolEntryCreator.call(HikariPool.java:752)
	at com.zaxxer.hikari.pool.HikariPool$PoolEntryCreator.call(HikariPool.java:731)
	at java.base/java.util.concurrent.FutureTask.run(FutureTask.java:264)
	at java.base/java.util.concurrent.ThreadPoolExecutor.runWorker(ThreadPoolExecutor.java:1136)
	at java.base/java.util.concurrent.ThreadPoolExecutor$Worker.run(ThreadPoolExecutor.java:635)
	at java.base/java.lang.Thread.run(Thread.java:833)
Caused by: java.net.ConnectException: Connection refused: no further information
	at java.base/sun.nio.ch.Net.pollConnect(Native Method)
	at java.base/sun.nio.ch.Net.pollConnectNow(Net.java:672)
	at java.base/sun.nio.ch.NioSocketImpl.timedFinishConnect(NioSocketImpl.java:542)
	at java.base/sun.nio.ch.NioSocketImpl.connect(NioSocketImpl.java:597)
	at java.base/java.net.SocksSocketImpl.connect(SocksSocketImpl.java:327)
	at java.base/java.net.Socket.connect(Socket.java:633)
	at org.postgresql.core.PGStream.createSocket(PGStream.java:261)
	at org.postgresql.core.PGStream.<init>(PGStream.java:122)
	at org.postgresql.core.v3.ConnectionFactoryImpl.tryConnect(ConnectionFactoryImpl.java:146)
	at org.postgresql.core.v3.ConnectionFactoryImpl.openConnectionImpl(ConnectionFactoryImpl.java:289)
	... 14 common frames omitted
2025-10-07 14:07:24,165 WARN  PoolBase [PoolBase.java:388] HikariPool-1 - Pool is empty, failed to create/setup connection (5e04fefe-aaec-40a2-ae79-9cf8f117705f)
org.postgresql.util.PSQLException: Подсоединение по адресу localhost:5432 отклонено. Проверьте что хост и порт указаны правильно и что postmaster принимает TCP/IP-подсоединения.
	at org.postgresql.core.v3.ConnectionFactoryImpl.openConnectionImpl(ConnectionFactoryImpl.java:373)
	at org.postgresql.core.ConnectionFactory.openConnection(ConnectionFactory.java:57)
	at org.postgresql.jdbc.PgConnection.<init>(PgConnection.java:277)
	at org.postgresql.Driver.makeConnection(Driver.java:448)
	at org.postgresql.Driver.connect(Driver.java:298)
	at com.zaxxer.hikari.util.DriverDataSource.getConnection(DriverDataSource.java:144)
	at com.zaxxer.hikari.pool.PoolBase.newConnection(PoolBase.java:370)
	at com.zaxxer.hikari.pool.PoolBase.newPoolEntry(PoolBase.java:207)
	at com.zaxxer.hikari.pool.HikariPool.createPoolEntry(HikariPool.java:488)
	at com.zaxxer.hikari.pool.HikariPool$PoolEntryCreator.call(HikariPool.java:752)
	at com.zaxxer.hikari.pool.HikariPool$PoolEntryCreator.call(HikariPool.java:731)
	at java.base/java.util.concurrent.FutureTask.run(FutureTask.java:264)
	at java.base/java.util.concurrent.ThreadPoolExecutor.runWorker(ThreadPoolExecutor.java:1136)
	at java.base/java.util.concurrent.ThreadPoolExecutor$Worker.run(ThreadPoolExecutor.java:635)
	at java.base/java.lang.Thread.run(Thread.java:833)
Caused by: java.net.ConnectException: Connection refused: no further information
	at java.base/sun.nio.ch.Net.pollConnect(Native Method)
	at java.base/sun.nio.ch.Net.pollConnectNow(Net.java:672)
	at java.base/sun.nio.ch.NioSocketImpl.timedFinishConnect(NioSocketImpl.java:542)
	at java.base/sun.nio.ch.NioSocketImpl.connect(NioSocketImpl.java:597)
	at java.base/java.net.SocksSocketImpl.connect(SocksSocketImpl.java:327)
	at java.base/java.net.Socket.connect(Socket.java:633)
	at org.postgresql.core.PGStream.createSocket(PGStream.java:261)
	at org.postgresql.core.PGStream.<init>(PGStream.java:122)
	at org.postgresql.core.v3.ConnectionFactoryImpl.tryConnect(ConnectionFactoryImpl.java:146)
	at org.postgresql.core.v3.ConnectionFactoryImpl.openConnectionImpl(ConnectionFactoryImpl.java:289)
	... 14 common frames omitted
2025-10-07 14:08:29,397 WARN  PoolBase [PoolBase.java:388] HikariPool-1 - Pool is empty, failed to create/setup connection (44375552-5b0c-438e-be23-851790cae65d)
org.postgresql.util.PSQLException: Подсоединение по адресу localhost:5432 отклонено. Проверьте что хост и порт указаны правильно и что postmaster принимает TCP/IP-подсоединения.
	at org.postgresql.core.v3.ConnectionFactoryImpl.openConnectionImpl(ConnectionFactoryImpl.java:373)
	at org.postgresql.core.ConnectionFactory.openConnection(ConnectionFactory.java:57)
	at org.postgresql.jdbc.PgConnection.<init>(PgConnection.java:277)
	at org.postgresql.Driver.makeConnection(Driver.java:448)
	at org.postgresql.Driver.connect(Driver.java:298)
	at com.zaxxer.hikari.util.DriverDataSource.getConnection(DriverDataSource.java:144)
	at com.zaxxer.hikari.pool.PoolBase.newConnection(PoolBase.java:370)
	at com.zaxxer.hikari.pool.PoolBase.newPoolEntry(PoolBase.java:207)
	at com.zaxxer.hikari.pool.HikariPool.createPoolEntry(HikariPool.java:488)
	at com.zaxxer.hikari.pool.HikariPool$PoolEntryCreator.call(HikariPool.java:752)
	at com.zaxxer.hikari.pool.HikariPool$PoolEntryCreator.call(HikariPool.java:731)
	at java.base/java.util.concurrent.FutureTask.run(FutureTask.java:264)
	at java.base/java.util.concurrent.ThreadPoolExecutor.runWorker(ThreadPoolExecutor.java:1136)
	at java.base/java.util.concurrent.ThreadPoolExecutor$Worker.run(ThreadPoolExecutor.java:635)
	at java.base/java.lang.Thread.run(Thread.java:833)
Caused by: java.net.ConnectException: Connection refused: no further information
	at java.base/sun.nio.ch.Net.pollConnect(Native Method)
	at java.base/sun.nio.ch.Net.pollConnectNow(Net.java:672)
	at java.base/sun.nio.ch.NioSocketImpl.timedFinishConnect(NioSocketImpl.java:542)
	at java.base/sun.nio.ch.NioSocketImpl.connect(NioSocketImpl.java:597)
	at java.base/java.net.SocksSocketImpl.connect(SocksSocketImpl.java:327)
	at java.base/java.net.Socket.connect(Socket.java:633)
	at org.postgresql.core.PGStream.createSocket(PGStream.java:261)
	at org.postgresql.core.PGStream.<init>(PGStream.java:122)
	at org.postgresql.core.v3.ConnectionFactoryImpl.tryConnect(ConnectionFactoryImpl.java:146)
	at org.postgresql.core.v3.ConnectionFactoryImpl.openConnectionImpl(ConnectionFactoryImpl.java:289)
	... 14 common frames omitted
2025-10-07 14:09:34,533 WARN  PoolBase [PoolBase.java:388] HikariPool-1 - Pool is empty, failed to create/setup connection (19d833cc-ee32-41e1-acbd-69ff94c8d211)
org.postgresql.util.PSQLException: Подсоединение по адресу localhost:5432 отклонено. Проверьте что хост и порт указаны правильно и что postmaster принимает TCP/IP-подсоединения.
	at org.postgresql.core.v3.ConnectionFactoryImpl.openConnectionImpl(ConnectionFactoryImpl.java:373)
	at org.postgresql.core.ConnectionFactory.openConnection(ConnectionFactory.java:57)
	at org.postgresql.jdbc.PgConnection.<init>(PgConnection.java:277)
	at org.postgresql.Driver.makeConnection(Driver.java:448)
	at org.postgresql.Driver.connect(Driver.java:298)
	at com.zaxxer.hikari.util.DriverDataSource.getConnection(DriverDataSource.java:144)
	at com.zaxxer.hikari.pool.PoolBase.newConnection(PoolBase.java:370)
	at com.zaxxer.hikari.pool.PoolBase.newPoolEntry(PoolBase.java:207)
	at com.zaxxer.hikari.pool.HikariPool.createPoolEntry(HikariPool.java:488)
	at com.zaxxer.hikari.pool.HikariPool$PoolEntryCreator.call(HikariPool.java:752)
	at com.zaxxer.hikari.pool.HikariPool$PoolEntryCreator.call(HikariPool.java:731)
	at java.base/java.util.concurrent.FutureTask.run(FutureTask.java:264)
	at java.base/java.util.concurrent.ThreadPoolExecutor.runWorker(ThreadPoolExecutor.java:1136)
	at java.base/java.util.concurrent.ThreadPoolExecutor$Worker.run(ThreadPoolExecutor.java:635)
	at java.base/java.lang.Thread.run(Thread.java:833)
Caused by: java.net.ConnectException: Connection refused: no further information
	at java.base/sun.nio.ch.Net.pollConnect(Native Method)
	at java.base/sun.nio.ch.Net.pollConnectNow(Net.java:672)
	at java.base/sun.nio.ch.NioSocketImpl.timedFinishConnect(NioSocketImpl.java:542)
	at java.base/sun.nio.ch.NioSocketImpl.connect(NioSocketImpl.java:597)
	at java.base/java.net.SocksSocketImpl.connect(SocksSocketImpl.java:327)
	at java.base/java.net.Socket.connect(Socket.java:633)
	at org.postgresql.core.PGStream.createSocket(PGStream.java:261)
	at org.postgresql.core.PGStream.<init>(PGStream.java:122)
	at org.postgresql.core.v3.ConnectionFactoryImpl.tryConnect(ConnectionFactoryImpl.java:146)
	at org.postgresql.core.v3.ConnectionFactoryImpl.openConnectionImpl(ConnectionFactoryImpl.java:289)
	... 14 common frames omitted
2025-10-07 14:10:39,765 WARN  PoolBase [PoolBase.java:388] HikariPool-1 - Pool is empty, failed to create/setup connection (edd0be40-1ee3-4bcd-b8a7-3cfc8aed376a)
org.postgresql.util.PSQLException: Подсоединение по адресу localhost:5432 отклонено. Проверьте что хост и порт указаны правильно и что postmaster принимает TCP/IP-подсоединения.
	at org.postgresql.core.v3.ConnectionFactoryImpl.openConnectionImpl(ConnectionFactoryImpl.java:373)
	at org.postgresql.core.ConnectionFactory.openConnection(ConnectionFactory.java:57)
	at org.postgresql.jdbc.PgConnection.<init>(PgConnection.java:277)
	at org.postgresql.Driver.makeConnection(Driver.java:448)
	at org.postgresql.Driver.connect(Driver.java:298)
	at com.zaxxer.hikari.util.DriverDataSource.getConnection(DriverDataSource.java:144)
	at com.zaxxer.hikari.pool.PoolBase.newConnection(PoolBase.java:370)
	at com.zaxxer.hikari.pool.PoolBase.newPoolEntry(PoolBase.java:207)
	at com.zaxxer.hikari.pool.HikariPool.createPoolEntry(HikariPool.java:488)
	at com.zaxxer.hikari.pool.HikariPool$PoolEntryCreator.call(HikariPool.java:752)
	at com.zaxxer.hikari.pool.HikariPool$PoolEntryCreator.call(HikariPool.java:731)
	at java.base/java.util.concurrent.FutureTask.run(FutureTask.java:264)
	at java.base/java.util.concurrent.ThreadPoolExecutor.runWorker(ThreadPoolExecutor.java:1136)
	at java.base/java.util.concurrent.ThreadPoolExecutor$Worker.run(ThreadPoolExecutor.java:635)
	at java.base/java.lang.Thread.run(Thread.java:833)
Caused by: java.net.ConnectException: Connection refused: no further information
	at java.base/sun.nio.ch.Net.pollConnect(Native Method)
	at java.base/sun.nio.ch.Net.pollConnectNow(Net.java:672)
	at java.base/sun.nio.ch.NioSocketImpl.timedFinishConnect(NioSocketImpl.java:542)
	at java.base/sun.nio.ch.NioSocketImpl.connect(NioSocketImpl.java:597)
	at java.base/java.net.SocksSocketImpl.connect(SocksSocketImpl.java:327)
	at java.base/java.net.Socket.connect(Socket.java:633)
	at org.postgresql.core.PGStream.createSocket(PGStream.java:261)
	at org.postgresql.core.PGStream.<init>(PGStream.java:122)
	at org.postgresql.core.v3.ConnectionFactoryImpl.tryConnect(ConnectionFactoryImpl.java:146)
	at org.postgresql.core.v3.ConnectionFactoryImpl.openConnectionImpl(ConnectionFactoryImpl.java:289)
	... 14 common frames omitted
2025-10-07 14:11:44,972 WARN  PoolBase [PoolBase.java:388] HikariPool-1 - Pool is empty, failed to create/setup connection (37c5abaa-eef1-48a1-b1ae-55b9679c3ceb)
org.postgresql.util.PSQLException: Подсоединение по адресу localhost:5432 отклонено. Проверьте что хост и порт указаны правильно и что postmaster принимает TCP/IP-подсоединения.
	at org.postgresql.core.v3.ConnectionFactoryImpl.openConnectionImpl(ConnectionFactoryImpl.java:373)
	at org.postgresql.core.ConnectionFactory.openConnection(ConnectionFactory.java:57)
	at org.postgresql.jdbc.PgConnection.<init>(PgConnection.java:277)
	at org.postgresql.Driver.makeConnection(Driver.java:448)
	at org.postgresql.Driver.connect(Driver.java:298)
	at com.zaxxer.hikari.util.DriverDataSource.getConnection(DriverDataSource.java:144)
	at com.zaxxer.hikari.pool.PoolBase.newConnection(PoolBase.java:370)
	at com.zaxxer.hikari.pool.PoolBase.newPoolEntry(PoolBase.java:207)
	at com.zaxxer.hikari.pool.HikariPool.createPoolEntry(HikariPool.java:488)
	at com.zaxxer.hikari.pool.HikariPool$PoolEntryCreator.call(HikariPool.java:752)
	at com.zaxxer.hikari.pool.HikariPool$PoolEntryCreator.call(HikariPool.java:731)
	at java.base/java.util.concurrent.FutureTask.run(FutureTask.java:264)
	at java.base/java.util.concurrent.ThreadPoolExecutor.runWorker(ThreadPoolExecutor.java:1136)
	at java.base/java.util.concurrent.ThreadPoolExecutor$Worker.run(ThreadPoolExecutor.java:635)
	at java.base/java.lang.Thread.run(Thread.java:833)
Caused by: java.net.ConnectException: Connection refused: no further information
	at java.base/sun.nio.ch.Net.pollConnect(Native Method)
	at java.base/sun.nio.ch.Net.pollConnectNow(Net.java:672)
	at java.base/sun.nio.ch.NioSocketImpl.timedFinishConnect(NioSocketImpl.java:542)
	at java.base/sun.nio.ch.NioSocketImpl.connect(NioSocketImpl.java:597)
	at java.base/java.net.SocksSocketImpl.connect(SocksSocketImpl.java:327)
	at java.base/java.net.Socket.connect(Socket.java:633)
	at org.postgresql.core.PGStream.createSocket(PGStream.java:261)
	at org.postgresql.core.PGStream.<init>(PGStream.java:122)
	at org.postgresql.core.v3.ConnectionFactoryImpl.tryConnect(ConnectionFactoryImpl.java:146)
	at org.postgresql.core.v3.ConnectionFactoryImpl.openConnectionImpl(ConnectionFactoryImpl.java:289)
	... 14 common frames omitted
2025-10-07 14:12:50,197 WARN  PoolBase [PoolBase.java:388] HikariPool-1 - Pool is empty, failed to create/setup connection (7e2c60bb-a7a0-4d60-8503-6bf80221b3a6)
org.postgresql.util.PSQLException: Подсоединение по адресу localhost:5432 отклонено. Проверьте что хост и порт указаны правильно и что postmaster принимает TCP/IP-подсоединения.
	at org.postgresql.core.v3.ConnectionFactoryImpl.openConnectionImpl(ConnectionFactoryImpl.java:373)
	at org.postgresql.core.ConnectionFactory.openConnection(ConnectionFactory.java:57)
	at org.postgresql.jdbc.PgConnection.<init>(PgConnection.java:277)
	at org.postgresql.Driver.makeConnection(Driver.java:448)
	at org.postgresql.Driver.connect(Driver.java:298)
	at com.zaxxer.hikari.util.DriverDataSource.getConnection(DriverDataSource.java:144)
	at com.zaxxer.hikari.pool.PoolBase.newConnection(PoolBase.java:370)
	at com.zaxxer.hikari.pool.PoolBase.newPoolEntry(PoolBase.java:207)
	at com.zaxxer.hikari.pool.HikariPool.createPoolEntry(HikariPool.java:488)
	at com.zaxxer.hikari.pool.HikariPool$PoolEntryCreator.call(HikariPool.java:752)
	at com.zaxxer.hikari.pool.HikariPool$PoolEntryCreator.call(HikariPool.java:731)
	at java.base/java.util.concurrent.FutureTask.run(FutureTask.java:264)
	at java.base/java.util.concurrent.ThreadPoolExecutor.runWorker(ThreadPoolExecutor.java:1136)
	at java.base/java.util.concurrent.ThreadPoolExecutor$Worker.run(ThreadPoolExecutor.java:635)
	at java.base/java.lang.Thread.run(Thread.java:833)
Caused by: java.net.ConnectException: Connection refused: no further information
	at java.base/sun.nio.ch.Net.pollConnect(Native Method)
	at java.base/sun.nio.ch.Net.pollConnectNow(Net.java:672)
	at java.base/sun.nio.ch.NioSocketImpl.timedFinishConnect(NioSocketImpl.java:542)
	at java.base/sun.nio.ch.NioSocketImpl.connect(NioSocketImpl.java:597)
	at java.base/java.net.SocksSocketImpl.connect(SocksSocketImpl.java:327)
	at java.base/java.net.Socket.connect(Socket.java:633)
	at org.postgresql.core.PGStream.createSocket(PGStream.java:261)
	at org.postgresql.core.PGStream.<init>(PGStream.java:122)
	at org.postgresql.core.v3.ConnectionFactoryImpl.tryConnect(ConnectionFactoryImpl.java:146)
	at org.postgresql.core.v3.ConnectionFactoryImpl.openConnectionImpl(ConnectionFactoryImpl.java:289)
	... 14 common frames omitted
2025-10-07 14:13:55,464 WARN  PoolBase [PoolBase.java:388] HikariPool-1 - Pool is empty, failed to create/setup connection (a9717e0b-8aca-42b3-a865-5c3af3445931)
org.postgresql.util.PSQLException: Подсоединение по адресу localhost:5432 отклонено. Проверьте что хост и порт указаны правильно и что postmaster принимает TCP/IP-подсоединения.
	at org.postgresql.core.v3.ConnectionFactoryImpl.openConnectionImpl(ConnectionFactoryImpl.java:373)
	at org.postgresql.core.ConnectionFactory.openConnection(ConnectionFactory.java:57)
	at org.postgresql.jdbc.PgConnection.<init>(PgConnection.java:277)
	at org.postgresql.Driver.makeConnection(Driver.java:448)
	at org.postgresql.Driver.connect(Driver.java:298)
	at com.zaxxer.hikari.util.DriverDataSource.getConnection(DriverDataSource.java:144)
	at com.zaxxer.hikari.pool.PoolBase.newConnection(PoolBase.java:370)
	at com.zaxxer.hikari.pool.PoolBase.newPoolEntry(PoolBase.java:207)
	at com.zaxxer.hikari.pool.HikariPool.createPoolEntry(HikariPool.java:488)
	at com.zaxxer.hikari.pool.HikariPool$PoolEntryCreator.call(HikariPool.java:752)
	at com.zaxxer.hikari.pool.HikariPool$PoolEntryCreator.call(HikariPool.java:731)
	at java.base/java.util.concurrent.FutureTask.run(FutureTask.java:264)
	at java.base/java.util.concurrent.ThreadPoolExecutor.runWorker(ThreadPoolExecutor.java:1136)
	at java.base/java.util.concurrent.ThreadPoolExecutor$Worker.run(ThreadPoolExecutor.java:635)
	at java.base/java.lang.Thread.run(Thread.java:833)
Caused by: java.net.ConnectException: Connection refused: no further information
	at java.base/sun.nio.ch.Net.pollConnect(Native Method)
	at java.base/sun.nio.ch.Net.pollConnectNow(Net.java:672)
	at java.base/sun.nio.ch.NioSocketImpl.timedFinishConnect(NioSocketImpl.java:542)
	at java.base/sun.nio.ch.NioSocketImpl.connect(NioSocketImpl.java:597)
	at java.base/java.net.SocksSocketImpl.connect(SocksSocketImpl.java:327)
	at java.base/java.net.Socket.connect(Socket.java:633)
	at org.postgresql.core.PGStream.createSocket(PGStream.java:261)
	at org.postgresql.core.PGStream.<init>(PGStream.java:122)
	at org.postgresql.core.v3.ConnectionFactoryImpl.tryConnect(ConnectionFactoryImpl.java:146)
	at org.postgresql.core.v3.ConnectionFactoryImpl.openConnectionImpl(ConnectionFactoryImpl.java:289)
	... 14 common frames omitted
2025-10-07 14:15:00,676 WARN  PoolBase [PoolBase.java:388] HikariPool-1 - Pool is empty, failed to create/setup connection (b1ec74a7-ac28-4bf5-a817-a61d07d9d327)
org.postgresql.util.PSQLException: Подсоединение по адресу localhost:5432 отклонено. Проверьте что хост и порт указаны правильно и что postmaster принимает TCP/IP-подсоединения.
	at org.postgresql.core.v3.ConnectionFactoryImpl.openConnectionImpl(ConnectionFactoryImpl.java:373)
	at org.postgresql.core.ConnectionFactory.openConnection(ConnectionFactory.java:57)
	at org.postgresql.jdbc.PgConnection.<init>(PgConnection.java:277)
	at org.postgresql.Driver.makeConnection(Driver.java:448)
	at org.postgresql.Driver.connect(Driver.java:298)
	at com.zaxxer.hikari.util.DriverDataSource.getConnection(DriverDataSource.java:144)
	at com.zaxxer.hikari.pool.PoolBase.newConnection(PoolBase.java:370)
	at com.zaxxer.hikari.pool.PoolBase.newPoolEntry(PoolBase.java:207)
	at com.zaxxer.hikari.pool.HikariPool.createPoolEntry(HikariPool.java:488)
	at com.zaxxer.hikari.pool.HikariPool$PoolEntryCreator.call(HikariPool.java:752)
	at com.zaxxer.hikari.pool.HikariPool$PoolEntryCreator.call(HikariPool.java:731)
	at java.base/java.util.concurrent.FutureTask.run(FutureTask.java:264)
	at java.base/java.util.concurrent.ThreadPoolExecutor.runWorker(ThreadPoolExecutor.java:1136)
	at java.base/java.util.concurrent.ThreadPoolExecutor$Worker.run(ThreadPoolExecutor.java:635)
	at java.base/java.lang.Thread.run(Thread.java:833)
Caused by: java.net.ConnectException: Connection refused: no further information
	at java.base/sun.nio.ch.Net.pollConnect(Native Method)
	at java.base/sun.nio.ch.Net.pollConnectNow(Net.java:672)
	at java.base/sun.nio.ch.NioSocketImpl.timedFinishConnect(NioSocketImpl.java:542)
	at java.base/sun.nio.ch.NioSocketImpl.connect(NioSocketImpl.java:597)
	at java.base/java.net.SocksSocketImpl.connect(SocksSocketImpl.java:327)
	at java.base/java.net.Socket.connect(Socket.java:633)
	at org.postgresql.core.PGStream.createSocket(PGStream.java:261)
	at org.postgresql.core.PGStream.<init>(PGStream.java:122)
	at org.postgresql.core.v3.ConnectionFactoryImpl.tryConnect(ConnectionFactoryImpl.java:146)
	at org.postgresql.core.v3.ConnectionFactoryImpl.openConnectionImpl(ConnectionFactoryImpl.java:289)
	... 14 common frames omitted
2025-10-07 14:16:05,927 WARN  PoolBase [PoolBase.java:388] HikariPool-1 - Pool is empty, failed to create/setup connection (1dcec43d-809d-4c9f-a5e4-0d0beec6d44b)
org.postgresql.util.PSQLException: Подсоединение по адресу localhost:5432 отклонено. Проверьте что хост и порт указаны правильно и что postmaster принимает TCP/IP-подсоединения.
	at org.postgresql.core.v3.ConnectionFactoryImpl.openConnectionImpl(ConnectionFactoryImpl.java:373)
	at org.postgresql.core.ConnectionFactory.openConnection(ConnectionFactory.java:57)
	at org.postgresql.jdbc.PgConnection.<init>(PgConnection.java:277)
	at org.postgresql.Driver.makeConnection(Driver.java:448)
	at org.postgresql.Driver.connect(Driver.java:298)
	at com.zaxxer.hikari.util.DriverDataSource.getConnection(DriverDataSource.java:144)
	at com.zaxxer.hikari.pool.PoolBase.newConnection(PoolBase.java:370)
	at com.zaxxer.hikari.pool.PoolBase.newPoolEntry(PoolBase.java:207)
	at com.zaxxer.hikari.pool.HikariPool.createPoolEntry(HikariPool.java:488)
	at com.zaxxer.hikari.pool.HikariPool$PoolEntryCreator.call(HikariPool.java:752)
	at com.zaxxer.hikari.pool.HikariPool$PoolEntryCreator.call(HikariPool.java:731)
	at java.base/java.util.concurrent.FutureTask.run(FutureTask.java:264)
	at java.base/java.util.concurrent.ThreadPoolExecutor.runWorker(ThreadPoolExecutor.java:1136)
	at java.base/java.util.concurrent.ThreadPoolExecutor$Worker.run(ThreadPoolExecutor.java:635)
	at java.base/java.lang.Thread.run(Thread.java:833)
Caused by: java.net.ConnectException: Connection refused: no further information
	at java.base/sun.nio.ch.Net.pollConnect(Native Method)
	at java.base/sun.nio.ch.Net.pollConnectNow(Net.java:672)
	at java.base/sun.nio.ch.NioSocketImpl.timedFinishConnect(NioSocketImpl.java:542)
	at java.base/sun.nio.ch.NioSocketImpl.connect(NioSocketImpl.java:597)
	at java.base/java.net.SocksSocketImpl.connect(SocksSocketImpl.java:327)
	at java.base/java.net.Socket.connect(Socket.java:633)
	at org.postgresql.core.PGStream.createSocket(PGStream.java:261)
	at org.postgresql.core.PGStream.<init>(PGStream.java:122)
	at org.postgresql.core.v3.ConnectionFactoryImpl.tryConnect(ConnectionFactoryImpl.java:146)
	at org.postgresql.core.v3.ConnectionFactoryImpl.openConnectionImpl(ConnectionFactoryImpl.java:289)
	... 14 common frames omitted
2025-10-07 14:17:11,150 WARN  PoolBase [PoolBase.java:388] HikariPool-1 - Pool is empty, failed to create/setup connection (ee36f00b-1321-41a7-9e7e-97a995270481)
org.postgresql.util.PSQLException: Подсоединение по адресу localhost:5432 отклонено. Проверьте что хост и порт указаны правильно и что postmaster принимает TCP/IP-подсоединения.
	at org.postgresql.core.v3.ConnectionFactoryImpl.openConnectionImpl(ConnectionFactoryImpl.java:373)
	at org.postgresql.core.ConnectionFactory.openConnection(ConnectionFactory.java:57)
	at org.postgresql.jdbc.PgConnection.<init>(PgConnection.java:277)
	at org.postgresql.Driver.makeConnection(Driver.java:448)
	at org.postgresql.Driver.connect(Driver.java:298)
	at com.zaxxer.hikari.util.DriverDataSource.getConnection(DriverDataSource.java:144)
	at com.zaxxer.hikari.pool.PoolBase.newConnection(PoolBase.java:370)
	at com.zaxxer.hikari.pool.PoolBase.newPoolEntry(PoolBase.java:207)
	at com.zaxxer.hikari.pool.HikariPool.createPoolEntry(HikariPool.java:488)
	at com.zaxxer.hikari.pool.HikariPool$PoolEntryCreator.call(HikariPool.java:752)
	at com.zaxxer.hikari.pool.HikariPool$PoolEntryCreator.call(HikariPool.java:731)
	at java.base/java.util.concurrent.FutureTask.run(FutureTask.java:264)
	at java.base/java.util.concurrent.ThreadPoolExecutor.runWorker(ThreadPoolExecutor.java:1136)
	at java.base/java.util.concurrent.ThreadPoolExecutor$Worker.run(ThreadPoolExecutor.java:635)
	at java.base/java.lang.Thread.run(Thread.java:833)
Caused by: java.net.ConnectException: Connection refused: no further information
	at java.base/sun.nio.ch.Net.pollConnect(Native Method)
	at java.base/sun.nio.ch.Net.pollConnectNow(Net.java:672)
	at java.base/sun.nio.ch.NioSocketImpl.timedFinishConnect(NioSocketImpl.java:542)
	at java.base/sun.nio.ch.NioSocketImpl.connect(NioSocketImpl.java:597)
	at java.base/java.net.SocksSocketImpl.connect(SocksSocketImpl.java:327)
	at java.base/java.net.Socket.connect(Socket.java:633)
	at org.postgresql.core.PGStream.createSocket(PGStream.java:261)
	at org.postgresql.core.PGStream.<init>(PGStream.java:122)
	at org.postgresql.core.v3.ConnectionFactoryImpl.tryConnect(ConnectionFactoryImpl.java:146)
	at org.postgresql.core.v3.ConnectionFactoryImpl.openConnectionImpl(ConnectionFactoryImpl.java:289)
	... 14 common frames omitted
2025-10-07 14:18:16,425 WARN  PoolBase [PoolBase.java:388] HikariPool-1 - Pool is empty, failed to create/setup connection (f068b2bf-9588-4dd7-b198-555d25c7ae7c)
org.postgresql.util.PSQLException: Подсоединение по адресу localhost:5432 отклонено. Проверьте что хост и порт указаны правильно и что postmaster принимает TCP/IP-подсоединения.
	at org.postgresql.core.v3.ConnectionFactoryImpl.openConnectionImpl(ConnectionFactoryImpl.java:373)
	at org.postgresql.core.ConnectionFactory.openConnection(ConnectionFactory.java:57)
	at org.postgresql.jdbc.PgConnection.<init>(PgConnection.java:277)
	at org.postgresql.Driver.makeConnection(Driver.java:448)
	at org.postgresql.Driver.connect(Driver.java:298)
	at com.zaxxer.hikari.util.DriverDataSource.getConnection(DriverDataSource.java:144)
	at com.zaxxer.hikari.pool.PoolBase.newConnection(PoolBase.java:370)
	at com.zaxxer.hikari.pool.PoolBase.newPoolEntry(PoolBase.java:207)
	at com.zaxxer.hikari.pool.HikariPool.createPoolEntry(HikariPool.java:488)
	at com.zaxxer.hikari.pool.HikariPool$PoolEntryCreator.call(HikariPool.java:752)
	at com.zaxxer.hikari.pool.HikariPool$PoolEntryCreator.call(HikariPool.java:731)
	at java.base/java.util.concurrent.FutureTask.run(FutureTask.java:264)
	at java.base/java.util.concurrent.ThreadPoolExecutor.runWorker(ThreadPoolExecutor.java:1136)
	at java.base/java.util.concurrent.ThreadPoolExecutor$Worker.run(ThreadPoolExecutor.java:635)
	at java.base/java.lang.Thread.run(Thread.java:833)
Caused by: java.net.ConnectException: Connection refused: no further information
	at java.base/sun.nio.ch.Net.pollConnect(Native Method)
	at java.base/sun.nio.ch.Net.pollConnectNow(Net.java:672)
	at java.base/sun.nio.ch.NioSocketImpl.timedFinishConnect(NioSocketImpl.java:542)
	at java.base/sun.nio.ch.NioSocketImpl.connect(NioSocketImpl.java:597)
	at java.base/java.net.SocksSocketImpl.connect(SocksSocketImpl.java:327)
	at java.base/java.net.Socket.connect(Socket.java:633)
	at org.postgresql.core.PGStream.createSocket(PGStream.java:261)
	at org.postgresql.core.PGStream.<init>(PGStream.java:122)
	at org.postgresql.core.v3.ConnectionFactoryImpl.tryConnect(ConnectionFactoryImpl.java:146)
	at org.postgresql.core.v3.ConnectionFactoryImpl.openConnectionImpl(ConnectionFactoryImpl.java:289)
	... 14 common frames omitted
2025-10-07 14:19:21,651 WARN  PoolBase [PoolBase.java:388] HikariPool-1 - Pool is empty, failed to create/setup connection (61f4bea9-c4d8-440f-8edd-4cc03e089b2a)
org.postgresql.util.PSQLException: Подсоединение по адресу localhost:5432 отклонено. Проверьте что хост и порт указаны правильно и что postmaster принимает TCP/IP-подсоединения.
	at org.postgresql.core.v3.ConnectionFactoryImpl.openConnectionImpl(ConnectionFactoryImpl.java:373)
	at org.postgresql.core.ConnectionFactory.openConnection(ConnectionFactory.java:57)
	at org.postgresql.jdbc.PgConnection.<init>(PgConnection.java:277)
	at org.postgresql.Driver.makeConnection(Driver.java:448)
	at org.postgresql.Driver.connect(Driver.java:298)
	at com.zaxxer.hikari.util.DriverDataSource.getConnection(DriverDataSource.java:144)
	at com.zaxxer.hikari.pool.PoolBase.newConnection(PoolBase.java:370)
	at com.zaxxer.hikari.pool.PoolBase.newPoolEntry(PoolBase.java:207)
	at com.zaxxer.hikari.pool.HikariPool.createPoolEntry(HikariPool.java:488)
	at com.zaxxer.hikari.pool.HikariPool$PoolEntryCreator.call(HikariPool.java:752)
	at com.zaxxer.hikari.pool.HikariPool$PoolEntryCreator.call(HikariPool.java:731)
	at java.base/java.util.concurrent.FutureTask.run(FutureTask.java:264)
	at java.base/java.util.concurrent.ThreadPoolExecutor.runWorker(ThreadPoolExecutor.java:1136)
	at java.base/java.util.concurrent.ThreadPoolExecutor$Worker.run(ThreadPoolExecutor.java:635)
	at java.base/java.lang.Thread.run(Thread.java:833)
Caused by: java.net.ConnectException: Connection refused: no further information
	at java.base/sun.nio.ch.Net.pollConnect(Native Method)
	at java.base/sun.nio.ch.Net.pollConnectNow(Net.java:672)
	at java.base/sun.nio.ch.NioSocketImpl.timedFinishConnect(NioSocketImpl.java:542)
	at java.base/sun.nio.ch.NioSocketImpl.connect(NioSocketImpl.java:597)
	at java.base/java.net.SocksSocketImpl.connect(SocksSocketImpl.java:327)
	at java.base/java.net.Socket.connect(Socket.java:633)
	at org.postgresql.core.PGStream.createSocket(PGStream.java:261)
	at org.postgresql.core.PGStream.<init>(PGStream.java:122)
	at org.postgresql.core.v3.ConnectionFactoryImpl.tryConnect(ConnectionFactoryImpl.java:146)
	at org.postgresql.core.v3.ConnectionFactoryImpl.openConnectionImpl(ConnectionFactoryImpl.java:289)
	... 14 common frames omitted
2025-10-07 14:20:26,864 WARN  PoolBase [PoolBase.java:388] HikariPool-1 - Pool is empty, failed to create/setup connection (a3ca8322-eaa1-4fb9-9b4c-4a2888302b9a)
org.postgresql.util.PSQLException: Подсоединение по адресу localhost:5432 отклонено. Проверьте что хост и порт указаны правильно и что postmaster принимает TCP/IP-подсоединения.
	at org.postgresql.core.v3.ConnectionFactoryImpl.openConnectionImpl(ConnectionFactoryImpl.java:373)
	at org.postgresql.core.ConnectionFactory.openConnection(ConnectionFactory.java:57)
	at org.postgresql.jdbc.PgConnection.<init>(PgConnection.java:277)
	at org.postgresql.Driver.makeConnection(Driver.java:448)
	at org.postgresql.Driver.connect(Driver.java:298)
	at com.zaxxer.hikari.util.DriverDataSource.getConnection(DriverDataSource.java:144)
	at com.zaxxer.hikari.pool.PoolBase.newConnection(PoolBase.java:370)
	at com.zaxxer.hikari.pool.PoolBase.newPoolEntry(PoolBase.java:207)
	at com.zaxxer.hikari.pool.HikariPool.createPoolEntry(HikariPool.java:488)
	at com.zaxxer.hikari.pool.HikariPool$PoolEntryCreator.call(HikariPool.java:752)
	at com.zaxxer.hikari.pool.HikariPool$PoolEntryCreator.call(HikariPool.java:731)
	at java.base/java.util.concurrent.FutureTask.run(FutureTask.java:264)
	at java.base/java.util.concurrent.ThreadPoolExecutor.runWorker(ThreadPoolExecutor.java:1136)
	at java.base/java.util.concurrent.ThreadPoolExecutor$Worker.run(ThreadPoolExecutor.java:635)
	at java.base/java.lang.Thread.run(Thread.java:833)
Caused by: java.net.ConnectException: Connection refused: no further information
	at java.base/sun.nio.ch.Net.pollConnect(Native Method)
	at java.base/sun.nio.ch.Net.pollConnectNow(Net.java:672)
	at java.base/sun.nio.ch.NioSocketImpl.timedFinishConnect(NioSocketImpl.java:542)
	at java.base/sun.nio.ch.NioSocketImpl.connect(NioSocketImpl.java:597)
	at java.base/java.net.SocksSocketImpl.connect(SocksSocketImpl.java:327)
	at java.base/java.net.Socket.connect(Socket.java:633)
	at org.postgresql.core.PGStream.createSocket(PGStream.java:261)
	at org.postgresql.core.PGStream.<init>(PGStream.java:122)
	at org.postgresql.core.v3.ConnectionFactoryImpl.tryConnect(ConnectionFactoryImpl.java:146)
	at org.postgresql.core.v3.ConnectionFactoryImpl.openConnectionImpl(ConnectionFactoryImpl.java:289)
	... 14 common frames omitted
2025-10-07 14:21:32,108 WARN  PoolBase [PoolBase.java:388] HikariPool-1 - Pool is empty, failed to create/setup connection (e9c15cad-d5c6-4321-8cef-3c430d990f94)
org.postgresql.util.PSQLException: Подсоединение по адресу localhost:5432 отклонено. Проверьте что хост и порт указаны правильно и что postmaster принимает TCP/IP-подсоединения.
	at org.postgresql.core.v3.ConnectionFactoryImpl.openConnectionImpl(ConnectionFactoryImpl.java:373)
	at org.postgresql.core.ConnectionFactory.openConnection(ConnectionFactory.java:57)
	at org.postgresql.jdbc.PgConnection.<init>(PgConnection.java:277)
	at org.postgresql.Driver.makeConnection(Driver.java:448)
	at org.postgresql.Driver.connect(Driver.java:298)
	at com.zaxxer.hikari.util.DriverDataSource.getConnection(DriverDataSource.java:144)
	at com.zaxxer.hikari.pool.PoolBase.newConnection(PoolBase.java:370)
	at com.zaxxer.hikari.pool.PoolBase.newPoolEntry(PoolBase.java:207)
	at com.zaxxer.hikari.pool.HikariPool.createPoolEntry(HikariPool.java:488)
	at com.zaxxer.hikari.pool.HikariPool$PoolEntryCreator.call(HikariPool.java:752)
	at com.zaxxer.hikari.pool.HikariPool$PoolEntryCreator.call(HikariPool.java:731)
	at java.base/java.util.concurrent.FutureTask.run(FutureTask.java:264)
	at java.base/java.util.concurrent.ThreadPoolExecutor.runWorker(ThreadPoolExecutor.java:1136)
	at java.base/java.util.concurrent.ThreadPoolExecutor$Worker.run(ThreadPoolExecutor.java:635)
	at java.base/java.lang.Thread.run(Thread.java:833)
Caused by: java.net.ConnectException: Connection refused: no further information
	at java.base/sun.nio.ch.Net.pollConnect(Native Method)
	at java.base/sun.nio.ch.Net.pollConnectNow(Net.java:672)
	at java.base/sun.nio.ch.NioSocketImpl.timedFinishConnect(NioSocketImpl.java:542)
	at java.base/sun.nio.ch.NioSocketImpl.connect(NioSocketImpl.java:597)
	at java.base/java.net.SocksSocketImpl.connect(SocksSocketImpl.java:327)
	at java.base/java.net.Socket.connect(Socket.java:633)
	at org.postgresql.core.PGStream.createSocket(PGStream.java:261)
	at org.postgresql.core.PGStream.<init>(PGStream.java:122)
	at org.postgresql.core.v3.ConnectionFactoryImpl.tryConnect(ConnectionFactoryImpl.java:146)
	at org.postgresql.core.v3.ConnectionFactoryImpl.openConnectionImpl(ConnectionFactoryImpl.java:289)
	... 14 common frames omitted
2025-10-07 14:22:37,377 WARN  PoolBase [PoolBase.java:388] HikariPool-1 - Pool is empty, failed to create/setup connection (9385c487-a165-4481-95f4-c28d2c4558bf)
org.postgresql.util.PSQLException: Подсоединение по адресу localhost:5432 отклонено. Проверьте что хост и порт указаны правильно и что postmaster принимает TCP/IP-подсоединения.
	at org.postgresql.core.v3.ConnectionFactoryImpl.openConnectionImpl(ConnectionFactoryImpl.java:373)
	at org.postgresql.core.ConnectionFactory.openConnection(ConnectionFactory.java:57)
	at org.postgresql.jdbc.PgConnection.<init>(PgConnection.java:277)
	at org.postgresql.Driver.makeConnection(Driver.java:448)
	at org.postgresql.Driver.connect(Driver.java:298)
	at com.zaxxer.hikari.util.DriverDataSource.getConnection(DriverDataSource.java:144)
	at com.zaxxer.hikari.pool.PoolBase.newConnection(PoolBase.java:370)
	at com.zaxxer.hikari.pool.PoolBase.newPoolEntry(PoolBase.java:207)
	at com.zaxxer.hikari.pool.HikariPool.createPoolEntry(HikariPool.java:488)
	at com.zaxxer.hikari.pool.HikariPool$PoolEntryCreator.call(HikariPool.java:752)
	at com.zaxxer.hikari.pool.HikariPool$PoolEntryCreator.call(HikariPool.java:731)
	at java.base/java.util.concurrent.FutureTask.run(FutureTask.java:264)
	at java.base/java.util.concurrent.ThreadPoolExecutor.runWorker(ThreadPoolExecutor.java:1136)
	at java.base/java.util.concurrent.ThreadPoolExecutor$Worker.run(ThreadPoolExecutor.java:635)
	at java.base/java.lang.Thread.run(Thread.java:833)
Caused by: java.net.ConnectException: Connection refused: no further information
	at java.base/sun.nio.ch.Net.pollConnect(Native Method)
	at java.base/sun.nio.ch.Net.pollConnectNow(Net.java:672)
	at java.base/sun.nio.ch.NioSocketImpl.timedFinishConnect(NioSocketImpl.java:542)
	at java.base/sun.nio.ch.NioSocketImpl.connect(NioSocketImpl.java:597)
	at java.base/java.net.SocksSocketImpl.connect(SocksSocketImpl.java:327)
	at java.base/java.net.Socket.connect(Socket.java:633)
	at org.postgresql.core.PGStream.createSocket(PGStream.java:261)
	at org.postgresql.core.PGStream.<init>(PGStream.java:122)
	at org.postgresql.core.v3.ConnectionFactoryImpl.tryConnect(ConnectionFactoryImpl.java:146)
	at org.postgresql.core.v3.ConnectionFactoryImpl.openConnectionImpl(ConnectionFactoryImpl.java:289)
	... 14 common frames omitted
2025-10-07 14:23:42,645 WARN  PoolBase [PoolBase.java:388] HikariPool-1 - Pool is empty, failed to create/setup connection (93fcf645-9045-4552-9717-aa3c988e43ee)
org.postgresql.util.PSQLException: Подсоединение по адресу localhost:5432 отклонено. Проверьте что хост и порт указаны правильно и что postmaster принимает TCP/IP-подсоединения.
	at org.postgresql.core.v3.ConnectionFactoryImpl.openConnectionImpl(ConnectionFactoryImpl.java:373)
	at org.postgresql.core.ConnectionFactory.openConnection(ConnectionFactory.java:57)
	at org.postgresql.jdbc.PgConnection.<init>(PgConnection.java:277)
	at org.postgresql.Driver.makeConnection(Driver.java:448)
	at org.postgresql.Driver.connect(Driver.java:298)
	at com.zaxxer.hikari.util.DriverDataSource.getConnection(DriverDataSource.java:144)
	at com.zaxxer.hikari.pool.PoolBase.newConnection(PoolBase.java:370)
	at com.zaxxer.hikari.pool.PoolBase.newPoolEntry(PoolBase.java:207)
	at com.zaxxer.hikari.pool.HikariPool.createPoolEntry(HikariPool.java:488)
	at com.zaxxer.hikari.pool.HikariPool$PoolEntryCreator.call(HikariPool.java:752)
	at com.zaxxer.hikari.pool.HikariPool$PoolEntryCreator.call(HikariPool.java:731)
	at java.base/java.util.concurrent.FutureTask.run(FutureTask.java:264)
	at java.base/java.util.concurrent.ThreadPoolExecutor.runWorker(ThreadPoolExecutor.java:1136)
	at java.base/java.util.concurrent.ThreadPoolExecutor$Worker.run(ThreadPoolExecutor.java:635)
	at java.base/java.lang.Thread.run(Thread.java:833)
Caused by: java.net.ConnectException: Connection refused: no further information
	at java.base/sun.nio.ch.Net.pollConnect(Native Method)
	at java.base/sun.nio.ch.Net.pollConnectNow(Net.java:672)
	at java.base/sun.nio.ch.NioSocketImpl.timedFinishConnect(NioSocketImpl.java:542)
	at java.base/sun.nio.ch.NioSocketImpl.connect(NioSocketImpl.java:597)
	at java.base/java.net.SocksSocketImpl.connect(SocksSocketImpl.java:327)
	at java.base/java.net.Socket.connect(Socket.java:633)
	at org.postgresql.core.PGStream.createSocket(PGStream.java:261)
	at org.postgresql.core.PGStream.<init>(PGStream.java:122)
	at org.postgresql.core.v3.ConnectionFactoryImpl.tryConnect(ConnectionFactoryImpl.java:146)
	at org.postgresql.core.v3.ConnectionFactoryImpl.openConnectionImpl(ConnectionFactoryImpl.java:289)
	... 14 common frames omitted
2025-10-07 14:24:47,872 WARN  PoolBase [PoolBase.java:388] HikariPool-1 - Pool is empty, failed to create/setup connection (e00b50c9-b741-49ed-9788-d5cdf59a5c19)
org.postgresql.util.PSQLException: Подсоединение по адресу localhost:5432 отклонено. Проверьте что хост и порт указаны правильно и что postmaster принимает TCP/IP-подсоединения.
	at org.postgresql.core.v3.ConnectionFactoryImpl.openConnectionImpl(ConnectionFactoryImpl.java:373)
	at org.postgresql.core.ConnectionFactory.openConnection(ConnectionFactory.java:57)
	at org.postgresql.jdbc.PgConnection.<init>(PgConnection.java:277)
	at org.postgresql.Driver.makeConnection(Driver.java:448)
	at org.postgresql.Driver.connect(Driver.java:298)
	at com.zaxxer.hikari.util.DriverDataSource.getConnection(DriverDataSource.java:144)
	at com.zaxxer.hikari.pool.PoolBase.newConnection(PoolBase.java:370)
	at com.zaxxer.hikari.pool.PoolBase.newPoolEntry(PoolBase.java:207)
	at com.zaxxer.hikari.pool.HikariPool.createPoolEntry(HikariPool.java:488)
	at com.zaxxer.hikari.pool.HikariPool$PoolEntryCreator.call(HikariPool.java:752)
	at com.zaxxer.hikari.pool.HikariPool$PoolEntryCreator.call(HikariPool.java:731)
	at java.base/java.util.concurrent.FutureTask.run(FutureTask.java:264)
	at java.base/java.util.concurrent.ThreadPoolExecutor.runWorker(ThreadPoolExecutor.java:1136)
	at java.base/java.util.concurrent.ThreadPoolExecutor$Worker.run(ThreadPoolExecutor.java:635)
	at java.base/java.lang.Thread.run(Thread.java:833)
Caused by: java.net.ConnectException: Connection refused: no further information
	at java.base/sun.nio.ch.Net.pollConnect(Native Method)
	at java.base/sun.nio.ch.Net.pollConnectNow(Net.java:672)
	at java.base/sun.nio.ch.NioSocketImpl.timedFinishConnect(NioSocketImpl.java:542)
	at java.base/sun.nio.ch.NioSocketImpl.connect(NioSocketImpl.java:597)
	at java.base/java.net.SocksSocketImpl.connect(SocksSocketImpl.java:327)
	at java.base/java.net.Socket.connect(Socket.java:633)
	at org.postgresql.core.PGStream.createSocket(PGStream.java:261)
	at org.postgresql.core.PGStream.<init>(PGStream.java:122)
	at org.postgresql.core.v3.ConnectionFactoryImpl.tryConnect(ConnectionFactoryImpl.java:146)
	at org.postgresql.core.v3.ConnectionFactoryImpl.openConnectionImpl(ConnectionFactoryImpl.java:289)
	... 14 common frames omitted
2025-10-07 14:25:53,021 WARN  PoolBase [PoolBase.java:388] HikariPool-1 - Pool is empty, failed to create/setup connection (0271c0d1-66a9-442c-82e0-dec09050ae6f)
org.postgresql.util.PSQLException: Подсоединение по адресу localhost:5432 отклонено. Проверьте что хост и порт указаны правильно и что postmaster принимает TCP/IP-подсоединения.
	at org.postgresql.core.v3.ConnectionFactoryImpl.openConnectionImpl(ConnectionFactoryImpl.java:373)
	at org.postgresql.core.ConnectionFactory.openConnection(ConnectionFactory.java:57)
	at org.postgresql.jdbc.PgConnection.<init>(PgConnection.java:277)
	at org.postgresql.Driver.makeConnection(Driver.java:448)
	at org.postgresql.Driver.connect(Driver.java:298)
	at com.zaxxer.hikari.util.DriverDataSource.getConnection(DriverDataSource.java:144)
	at com.zaxxer.hikari.pool.PoolBase.newConnection(PoolBase.java:370)
	at com.zaxxer.hikari.pool.PoolBase.newPoolEntry(PoolBase.java:207)
	at com.zaxxer.hikari.pool.HikariPool.createPoolEntry(HikariPool.java:488)
	at com.zaxxer.hikari.pool.HikariPool$PoolEntryCreator.call(HikariPool.java:752)
	at com.zaxxer.hikari.pool.HikariPool$PoolEntryCreator.call(HikariPool.java:731)
	at java.base/java.util.concurrent.FutureTask.run(FutureTask.java:264)
	at java.base/java.util.concurrent.ThreadPoolExecutor.runWorker(ThreadPoolExecutor.java:1136)
	at java.base/java.util.concurrent.ThreadPoolExecutor$Worker.run(ThreadPoolExecutor.java:635)
	at java.base/java.lang.Thread.run(Thread.java:833)
Caused by: java.net.ConnectException: Connection refused: no further information
	at java.base/sun.nio.ch.Net.pollConnect(Native Method)
	at java.base/sun.nio.ch.Net.pollConnectNow(Net.java:672)
	at java.base/sun.nio.ch.NioSocketImpl.timedFinishConnect(NioSocketImpl.java:542)
	at java.base/sun.nio.ch.NioSocketImpl.connect(NioSocketImpl.java:597)
	at java.base/java.net.SocksSocketImpl.connect(SocksSocketImpl.java:327)
	at java.base/java.net.Socket.connect(Socket.java:633)
	at org.postgresql.core.PGStream.createSocket(PGStream.java:261)
	at org.postgresql.core.PGStream.<init>(PGStream.java:122)
	at org.postgresql.core.v3.ConnectionFactoryImpl.tryConnect(ConnectionFactoryImpl.java:146)
	at org.postgresql.core.v3.ConnectionFactoryImpl.openConnectionImpl(ConnectionFactoryImpl.java:289)
	... 14 common frames omitted
2025-10-07 14:26:58,167 WARN  PoolBase [PoolBase.java:388] HikariPool-1 - Pool is empty, failed to create/setup connection (3d492d2b-e81a-452b-8934-b0a14b5bcb38)
org.postgresql.util.PSQLException: Подсоединение по адресу localhost:5432 отклонено. Проверьте что хост и порт указаны правильно и что postmaster принимает TCP/IP-подсоединения.
	at org.postgresql.core.v3.ConnectionFactoryImpl.openConnectionImpl(ConnectionFactoryImpl.java:373)
	at org.postgresql.core.ConnectionFactory.openConnection(ConnectionFactory.java:57)
	at org.postgresql.jdbc.PgConnection.<init>(PgConnection.java:277)
	at org.postgresql.Driver.makeConnection(Driver.java:448)
	at org.postgresql.Driver.connect(Driver.java:298)
	at com.zaxxer.hikari.util.DriverDataSource.getConnection(DriverDataSource.java:144)
	at com.zaxxer.hikari.pool.PoolBase.newConnection(PoolBase.java:370)
	at com.zaxxer.hikari.pool.PoolBase.newPoolEntry(PoolBase.java:207)
	at com.zaxxer.hikari.pool.HikariPool.createPoolEntry(HikariPool.java:488)
	at com.zaxxer.hikari.pool.HikariPool$PoolEntryCreator.call(HikariPool.java:752)
	at com.zaxxer.hikari.pool.HikariPool$PoolEntryCreator.call(HikariPool.java:731)
	at java.base/java.util.concurrent.FutureTask.run(FutureTask.java:264)
	at java.base/java.util.concurrent.ThreadPoolExecutor.runWorker(ThreadPoolExecutor.java:1136)
	at java.base/java.util.concurrent.ThreadPoolExecutor$Worker.run(ThreadPoolExecutor.java:635)
	at java.base/java.lang.Thread.run(Thread.java:833)
Caused by: java.net.ConnectException: Connection refused: no further information
	at java.base/sun.nio.ch.Net.pollConnect(Native Method)
	at java.base/sun.nio.ch.Net.pollConnectNow(Net.java:672)
	at java.base/sun.nio.ch.NioSocketImpl.timedFinishConnect(NioSocketImpl.java:542)
	at java.base/sun.nio.ch.NioSocketImpl.connect(NioSocketImpl.java:597)
	at java.base/java.net.SocksSocketImpl.connect(SocksSocketImpl.java:327)
	at java.base/java.net.Socket.connect(Socket.java:633)
	at org.postgresql.core.PGStream.createSocket(PGStream.java:261)
	at org.postgresql.core.PGStream.<init>(PGStream.java:122)
	at org.postgresql.core.v3.ConnectionFactoryImpl.tryConnect(ConnectionFactoryImpl.java:146)
	at org.postgresql.core.v3.ConnectionFactoryImpl.openConnectionImpl(ConnectionFactoryImpl.java:289)
	... 14 common frames omitted
2025-10-07 14:28:03,296 WARN  PoolBase [PoolBase.java:388] HikariPool-1 - Pool is empty, failed to create/setup connection (1fde18de-539d-428e-827e-342908337fab)
org.postgresql.util.PSQLException: Подсоединение по адресу localhost:5432 отклонено. Проверьте что хост и порт указаны правильно и что postmaster принимает TCP/IP-подсоединения.
	at org.postgresql.core.v3.ConnectionFactoryImpl.openConnectionImpl(ConnectionFactoryImpl.java:373)
	at org.postgresql.core.ConnectionFactory.openConnection(ConnectionFactory.java:57)
	at org.postgresql.jdbc.PgConnection.<init>(PgConnection.java:277)
	at org.postgresql.Driver.makeConnection(Driver.java:448)
	at org.postgresql.Driver.connect(Driver.java:298)
	at com.zaxxer.hikari.util.DriverDataSource.getConnection(DriverDataSource.java:144)
	at com.zaxxer.hikari.pool.PoolBase.newConnection(PoolBase.java:370)
	at com.zaxxer.hikari.pool.PoolBase.newPoolEntry(PoolBase.java:207)
	at com.zaxxer.hikari.pool.HikariPool.createPoolEntry(HikariPool.java:488)
	at com.zaxxer.hikari.pool.HikariPool$PoolEntryCreator.call(HikariPool.java:752)
	at com.zaxxer.hikari.pool.HikariPool$PoolEntryCreator.call(HikariPool.java:731)
	at java.base/java.util.concurrent.FutureTask.run(FutureTask.java:264)
	at java.base/java.util.concurrent.ThreadPoolExecutor.runWorker(ThreadPoolExecutor.java:1136)
	at java.base/java.util.concurrent.ThreadPoolExecutor$Worker.run(ThreadPoolExecutor.java:635)
	at java.base/java.lang.Thread.run(Thread.java:833)
Caused by: java.net.ConnectException: Connection refused: no further information
	at java.base/sun.nio.ch.Net.pollConnect(Native Method)
	at java.base/sun.nio.ch.Net.pollConnectNow(Net.java:672)
	at java.base/sun.nio.ch.NioSocketImpl.timedFinishConnect(NioSocketImpl.java:542)
	at java.base/sun.nio.ch.NioSocketImpl.connect(NioSocketImpl.java:597)
	at java.base/java.net.SocksSocketImpl.connect(SocksSocketImpl.java:327)
	at java.base/java.net.Socket.connect(Socket.java:633)
	at org.postgresql.core.PGStream.createSocket(PGStream.java:261)
	at org.postgresql.core.PGStream.<init>(PGStream.java:122)
	at org.postgresql.core.v3.ConnectionFactoryImpl.tryConnect(ConnectionFactoryImpl.java:146)
	at org.postgresql.core.v3.ConnectionFactoryImpl.openConnectionImpl(ConnectionFactoryImpl.java:289)
	... 14 common frames omitted
2025-10-07 14:29:08,425 WARN  PoolBase [PoolBase.java:388] HikariPool-1 - Pool is empty, failed to create/setup connection (2d004f7c-1588-4a76-8656-c35ae418826f)
org.postgresql.util.PSQLException: Подсоединение по адресу localhost:5432 отклонено. Проверьте что хост и порт указаны правильно и что postmaster принимает TCP/IP-подсоединения.
	at org.postgresql.core.v3.ConnectionFactoryImpl.openConnectionImpl(ConnectionFactoryImpl.java:373)
	at org.postgresql.core.ConnectionFactory.openConnection(ConnectionFactory.java:57)
	at org.postgresql.jdbc.PgConnection.<init>(PgConnection.java:277)
	at org.postgresql.Driver.makeConnection(Driver.java:448)
	at org.postgresql.Driver.connect(Driver.java:298)
	at com.zaxxer.hikari.util.DriverDataSource.getConnection(DriverDataSource.java:144)
	at com.zaxxer.hikari.pool.PoolBase.newConnection(PoolBase.java:370)
	at com.zaxxer.hikari.pool.PoolBase.newPoolEntry(PoolBase.java:207)
	at com.zaxxer.hikari.pool.HikariPool.createPoolEntry(HikariPool.java:488)
	at com.zaxxer.hikari.pool.HikariPool$PoolEntryCreator.call(HikariPool.java:752)
	at com.zaxxer.hikari.pool.HikariPool$PoolEntryCreator.call(HikariPool.java:731)
	at java.base/java.util.concurrent.FutureTask.run(FutureTask.java:264)
	at java.base/java.util.concurrent.ThreadPoolExecutor.runWorker(ThreadPoolExecutor.java:1136)
	at java.base/java.util.concurrent.ThreadPoolExecutor$Worker.run(ThreadPoolExecutor.java:635)
	at java.base/java.lang.Thread.run(Thread.java:833)
Caused by: java.net.ConnectException: Connection refused: no further information
	at java.base/sun.nio.ch.Net.pollConnect(Native Method)
	at java.base/sun.nio.ch.Net.pollConnectNow(Net.java:672)
	at java.base/sun.nio.ch.NioSocketImpl.timedFinishConnect(NioSocketImpl.java:542)
	at java.base/sun.nio.ch.NioSocketImpl.connect(NioSocketImpl.java:597)
	at java.base/java.net.SocksSocketImpl.connect(SocksSocketImpl.java:327)
	at java.base/java.net.Socket.connect(Socket.java:633)
	at org.postgresql.core.PGStream.createSocket(PGStream.java:261)
	at org.postgresql.core.PGStream.<init>(PGStream.java:122)
	at org.postgresql.core.v3.ConnectionFactoryImpl.tryConnect(ConnectionFactoryImpl.java:146)
	at org.postgresql.core.v3.ConnectionFactoryImpl.openConnectionImpl(ConnectionFactoryImpl.java:289)
	... 14 common frames omitted
2025-10-07 14:30:13,595 WARN  PoolBase [PoolBase.java:388] HikariPool-1 - Pool is empty, failed to create/setup connection (d5c66d2c-c790-4ca6-972b-cfde00e07297)
org.postgresql.util.PSQLException: Подсоединение по адресу localhost:5432 отклонено. Проверьте что хост и порт указаны правильно и что postmaster принимает TCP/IP-подсоединения.
	at org.postgresql.core.v3.ConnectionFactoryImpl.openConnectionImpl(ConnectionFactoryImpl.java:373)
	at org.postgresql.core.ConnectionFactory.openConnection(ConnectionFactory.java:57)
	at org.postgresql.jdbc.PgConnection.<init>(PgConnection.java:277)
	at org.postgresql.Driver.makeConnection(Driver.java:448)
	at org.postgresql.Driver.connect(Driver.java:298)
	at com.zaxxer.hikari.util.DriverDataSource.getConnection(DriverDataSource.java:144)
	at com.zaxxer.hikari.pool.PoolBase.newConnection(PoolBase.java:370)
	at com.zaxxer.hikari.pool.PoolBase.newPoolEntry(PoolBase.java:207)
	at com.zaxxer.hikari.pool.HikariPool.createPoolEntry(HikariPool.java:488)
	at com.zaxxer.hikari.pool.HikariPool$PoolEntryCreator.call(HikariPool.java:752)
	at com.zaxxer.hikari.pool.HikariPool$PoolEntryCreator.call(HikariPool.java:731)
	at java.base/java.util.concurrent.FutureTask.run(FutureTask.java:264)
	at java.base/java.util.concurrent.ThreadPoolExecutor.runWorker(ThreadPoolExecutor.java:1136)
	at java.base/java.util.concurrent.ThreadPoolExecutor$Worker.run(ThreadPoolExecutor.java:635)
	at java.base/java.lang.Thread.run(Thread.java:833)
Caused by: java.net.ConnectException: Connection refused: no further information
	at java.base/sun.nio.ch.Net.pollConnect(Native Method)
	at java.base/sun.nio.ch.Net.pollConnectNow(Net.java:672)
	at java.base/sun.nio.ch.NioSocketImpl.timedFinishConnect(NioSocketImpl.java:542)
	at java.base/sun.nio.ch.NioSocketImpl.connect(NioSocketImpl.java:597)
	at java.base/java.net.SocksSocketImpl.connect(SocksSocketImpl.java:327)
	at java.base/java.net.Socket.connect(Socket.java:633)
	at org.postgresql.core.PGStream.createSocket(PGStream.java:261)
	at org.postgresql.core.PGStream.<init>(PGStream.java:122)
	at org.postgresql.core.v3.ConnectionFactoryImpl.tryConnect(ConnectionFactoryImpl.java:146)
	at org.postgresql.core.v3.ConnectionFactoryImpl.openConnectionImpl(ConnectionFactoryImpl.java:289)
	... 14 common frames omitted
2025-10-07 14:31:18,743 WARN  PoolBase [PoolBase.java:388] HikariPool-1 - Pool is empty, failed to create/setup connection (73a96d66-c22b-46e1-bee6-14ebf76c91da)
org.postgresql.util.PSQLException: Подсоединение по адресу localhost:5432 отклонено. Проверьте что хост и порт указаны правильно и что postmaster принимает TCP/IP-подсоединения.
	at org.postgresql.core.v3.ConnectionFactoryImpl.openConnectionImpl(ConnectionFactoryImpl.java:373)
	at org.postgresql.core.ConnectionFactory.openConnection(ConnectionFactory.java:57)
	at org.postgresql.jdbc.PgConnection.<init>(PgConnection.java:277)
	at org.postgresql.Driver.makeConnection(Driver.java:448)
	at org.postgresql.Driver.connect(Driver.java:298)
	at com.zaxxer.hikari.util.DriverDataSource.getConnection(DriverDataSource.java:144)
	at com.zaxxer.hikari.pool.PoolBase.newConnection(PoolBase.java:370)
	at com.zaxxer.hikari.pool.PoolBase.newPoolEntry(PoolBase.java:207)
	at com.zaxxer.hikari.pool.HikariPool.createPoolEntry(HikariPool.java:488)
	at com.zaxxer.hikari.pool.HikariPool$PoolEntryCreator.call(HikariPool.java:752)
	at com.zaxxer.hikari.pool.HikariPool$PoolEntryCreator.call(HikariPool.java:731)
	at java.base/java.util.concurrent.FutureTask.run(FutureTask.java:264)
	at java.base/java.util.concurrent.ThreadPoolExecutor.runWorker(ThreadPoolExecutor.java:1136)
	at java.base/java.util.concurrent.ThreadPoolExecutor$Worker.run(ThreadPoolExecutor.java:635)
	at java.base/java.lang.Thread.run(Thread.java:833)
Caused by: java.net.ConnectException: Connection refused: no further information
	at java.base/sun.nio.ch.Net.pollConnect(Native Method)
	at java.base/sun.nio.ch.Net.pollConnectNow(Net.java:672)
	at java.base/sun.nio.ch.NioSocketImpl.timedFinishConnect(NioSocketImpl.java:542)
	at java.base/sun.nio.ch.NioSocketImpl.connect(NioSocketImpl.java:597)
	at java.base/java.net.SocksSocketImpl.connect(SocksSocketImpl.java:327)
	at java.base/java.net.Socket.connect(Socket.java:633)
	at org.postgresql.core.PGStream.createSocket(PGStream.java:261)
	at org.postgresql.core.PGStream.<init>(PGStream.java:122)
	at org.postgresql.core.v3.ConnectionFactoryImpl.tryConnect(ConnectionFactoryImpl.java:146)
	at org.postgresql.core.v3.ConnectionFactoryImpl.openConnectionImpl(ConnectionFactoryImpl.java:289)
	... 14 common frames omitted
2025-10-07 14:32:23,947 WARN  PoolBase [PoolBase.java:388] HikariPool-1 - Pool is empty, failed to create/setup connection (33b39d57-2beb-4420-942a-0e626da2035b)
org.postgresql.util.PSQLException: Подсоединение по адресу localhost:5432 отклонено. Проверьте что хост и порт указаны правильно и что postmaster принимает TCP/IP-подсоединения.
	at org.postgresql.core.v3.ConnectionFactoryImpl.openConnectionImpl(ConnectionFactoryImpl.java:373)
	at org.postgresql.core.ConnectionFactory.openConnection(ConnectionFactory.java:57)
	at org.postgresql.jdbc.PgConnection.<init>(PgConnection.java:277)
	at org.postgresql.Driver.makeConnection(Driver.java:448)
	at org.postgresql.Driver.connect(Driver.java:298)
	at com.zaxxer.hikari.util.DriverDataSource.getConnection(DriverDataSource.java:144)
	at com.zaxxer.hikari.pool.PoolBase.newConnection(PoolBase.java:370)
	at com.zaxxer.hikari.pool.PoolBase.newPoolEntry(PoolBase.java:207)
	at com.zaxxer.hikari.pool.HikariPool.createPoolEntry(HikariPool.java:488)
	at com.zaxxer.hikari.pool.HikariPool$PoolEntryCreator.call(HikariPool.java:752)
	at com.zaxxer.hikari.pool.HikariPool$PoolEntryCreator.call(HikariPool.java:731)
	at java.base/java.util.concurrent.FutureTask.run(FutureTask.java:264)
	at java.base/java.util.concurrent.ThreadPoolExecutor.runWorker(ThreadPoolExecutor.java:1136)
	at java.base/java.util.concurrent.ThreadPoolExecutor$Worker.run(ThreadPoolExecutor.java:635)
	at java.base/java.lang.Thread.run(Thread.java:833)
Caused by: java.net.ConnectException: Connection refused: no further information
	at java.base/sun.nio.ch.Net.pollConnect(Native Method)
	at java.base/sun.nio.ch.Net.pollConnectNow(Net.java:672)
	at java.base/sun.nio.ch.NioSocketImpl.timedFinishConnect(NioSocketImpl.java:542)
	at java.base/sun.nio.ch.NioSocketImpl.connect(NioSocketImpl.java:597)
	at java.base/java.net.SocksSocketImpl.connect(SocksSocketImpl.java:327)
	at java.base/java.net.Socket.connect(Socket.java:633)
	at org.postgresql.core.PGStream.createSocket(PGStream.java:261)
	at org.postgresql.core.PGStream.<init>(PGStream.java:122)
	at org.postgresql.core.v3.ConnectionFactoryImpl.tryConnect(ConnectionFactoryImpl.java:146)
	at org.postgresql.core.v3.ConnectionFactoryImpl.openConnectionImpl(ConnectionFactoryImpl.java:289)
	... 14 common frames omitted
2025-10-07 14:33:29,078 WARN  PoolBase [PoolBase.java:388] HikariPool-1 - Pool is empty, failed to create/setup connection (51f7b3ea-5564-4475-8184-bc64e9f88dbc)
org.postgresql.util.PSQLException: Подсоединение по адресу localhost:5432 отклонено. Проверьте что хост и порт указаны правильно и что postmaster принимает TCP/IP-подсоединения.
	at org.postgresql.core.v3.ConnectionFactoryImpl.openConnectionImpl(ConnectionFactoryImpl.java:373)
	at org.postgresql.core.ConnectionFactory.openConnection(ConnectionFactory.java:57)
	at org.postgresql.jdbc.PgConnection.<init>(PgConnection.java:277)
	at org.postgresql.Driver.makeConnection(Driver.java:448)
	at org.postgresql.Driver.connect(Driver.java:298)
	at com.zaxxer.hikari.util.DriverDataSource.getConnection(DriverDataSource.java:144)
	at com.zaxxer.hikari.pool.PoolBase.newConnection(PoolBase.java:370)
	at com.zaxxer.hikari.pool.PoolBase.newPoolEntry(PoolBase.java:207)
	at com.zaxxer.hikari.pool.HikariPool.createPoolEntry(HikariPool.java:488)
	at com.zaxxer.hikari.pool.HikariPool$PoolEntryCreator.call(HikariPool.java:752)
	at com.zaxxer.hikari.pool.HikariPool$PoolEntryCreator.call(HikariPool.java:731)
	at java.base/java.util.concurrent.FutureTask.run(FutureTask.java:264)
	at java.base/java.util.concurrent.ThreadPoolExecutor.runWorker(ThreadPoolExecutor.java:1136)
	at java.base/java.util.concurrent.ThreadPoolExecutor$Worker.run(ThreadPoolExecutor.java:635)
	at java.base/java.lang.Thread.run(Thread.java:833)
Caused by: java.net.ConnectException: Connection refused: no further information
	at java.base/sun.nio.ch.Net.pollConnect(Native Method)
	at java.base/sun.nio.ch.Net.pollConnectNow(Net.java:672)
	at java.base/sun.nio.ch.NioSocketImpl.timedFinishConnect(NioSocketImpl.java:542)
	at java.base/sun.nio.ch.NioSocketImpl.connect(NioSocketImpl.java:597)
	at java.base/java.net.SocksSocketImpl.connect(SocksSocketImpl.java:327)
	at java.base/java.net.Socket.connect(Socket.java:633)
	at org.postgresql.core.PGStream.createSocket(PGStream.java:261)
	at org.postgresql.core.PGStream.<init>(PGStream.java:122)
	at org.postgresql.core.v3.ConnectionFactoryImpl.tryConnect(ConnectionFactoryImpl.java:146)
	at org.postgresql.core.v3.ConnectionFactoryImpl.openConnectionImpl(ConnectionFactoryImpl.java:289)
	... 14 common frames omitted
2025-10-07 14:34:34,272 WARN  PoolBase [PoolBase.java:388] HikariPool-1 - Pool is empty, failed to create/setup connection (4a83a2ac-0d03-4f6f-8a5c-60af4622e797)
org.postgresql.util.PSQLException: Подсоединение по адресу localhost:5432 отклонено. Проверьте что хост и порт указаны правильно и что postmaster принимает TCP/IP-подсоединения.
	at org.postgresql.core.v3.ConnectionFactoryImpl.openConnectionImpl(ConnectionFactoryImpl.java:373)
	at org.postgresql.core.ConnectionFactory.openConnection(ConnectionFactory.java:57)
	at org.postgresql.jdbc.PgConnection.<init>(PgConnection.java:277)
	at org.postgresql.Driver.makeConnection(Driver.java:448)
	at org.postgresql.Driver.connect(Driver.java:298)
	at com.zaxxer.hikari.util.DriverDataSource.getConnection(DriverDataSource.java:144)
	at com.zaxxer.hikari.pool.PoolBase.newConnection(PoolBase.java:370)
	at com.zaxxer.hikari.pool.PoolBase.newPoolEntry(PoolBase.java:207)
	at com.zaxxer.hikari.pool.HikariPool.createPoolEntry(HikariPool.java:488)
	at com.zaxxer.hikari.pool.HikariPool$PoolEntryCreator.call(HikariPool.java:752)
	at com.zaxxer.hikari.pool.HikariPool$PoolEntryCreator.call(HikariPool.java:731)
	at java.base/java.util.concurrent.FutureTask.run(FutureTask.java:264)
	at java.base/java.util.concurrent.ThreadPoolExecutor.runWorker(ThreadPoolExecutor.java:1136)
	at java.base/java.util.concurrent.ThreadPoolExecutor$Worker.run(ThreadPoolExecutor.java:635)
	at java.base/java.lang.Thread.run(Thread.java:833)
Caused by: java.net.ConnectException: Connection refused: no further information
	at java.base/sun.nio.ch.Net.pollConnect(Native Method)
	at java.base/sun.nio.ch.Net.pollConnectNow(Net.java:672)
	at java.base/sun.nio.ch.NioSocketImpl.timedFinishConnect(NioSocketImpl.java:542)
	at java.base/sun.nio.ch.NioSocketImpl.connect(NioSocketImpl.java:597)
	at java.base/java.net.SocksSocketImpl.connect(SocksSocketImpl.java:327)
	at java.base/java.net.Socket.connect(Socket.java:633)
	at org.postgresql.core.PGStream.createSocket(PGStream.java:261)
	at org.postgresql.core.PGStream.<init>(PGStream.java:122)
	at org.postgresql.core.v3.ConnectionFactoryImpl.tryConnect(ConnectionFactoryImpl.java:146)
	at org.postgresql.core.v3.ConnectionFactoryImpl.openConnectionImpl(ConnectionFactoryImpl.java:289)
	... 14 common frames omitted
2025-10-07 14:35:39,434 WARN  PoolBase [PoolBase.java:388] HikariPool-1 - Pool is empty, failed to create/setup connection (5abf7a73-ef76-4218-81a6-c309449b0fc0)
org.postgresql.util.PSQLException: Подсоединение по адресу localhost:5432 отклонено. Проверьте что хост и порт указаны правильно и что postmaster принимает TCP/IP-подсоединения.
	at org.postgresql.core.v3.ConnectionFactoryImpl.openConnectionImpl(ConnectionFactoryImpl.java:373)
	at org.postgresql.core.ConnectionFactory.openConnection(ConnectionFactory.java:57)
	at org.postgresql.jdbc.PgConnection.<init>(PgConnection.java:277)
	at org.postgresql.Driver.makeConnection(Driver.java:448)
	at org.postgresql.Driver.connect(Driver.java:298)
	at com.zaxxer.hikari.util.DriverDataSource.getConnection(DriverDataSource.java:144)
	at com.zaxxer.hikari.pool.PoolBase.newConnection(PoolBase.java:370)
	at com.zaxxer.hikari.pool.PoolBase.newPoolEntry(PoolBase.java:207)
	at com.zaxxer.hikari.pool.HikariPool.createPoolEntry(HikariPool.java:488)
	at com.zaxxer.hikari.pool.HikariPool$PoolEntryCreator.call(HikariPool.java:752)
	at com.zaxxer.hikari.pool.HikariPool$PoolEntryCreator.call(HikariPool.java:731)
	at java.base/java.util.concurrent.FutureTask.run(FutureTask.java:264)
	at java.base/java.util.concurrent.ThreadPoolExecutor.runWorker(ThreadPoolExecutor.java:1136)
	at java.base/java.util.concurrent.ThreadPoolExecutor$Worker.run(ThreadPoolExecutor.java:635)
	at java.base/java.lang.Thread.run(Thread.java:833)
Caused by: java.net.ConnectException: Connection refused: no further information
	at java.base/sun.nio.ch.Net.pollConnect(Native Method)
	at java.base/sun.nio.ch.Net.pollConnectNow(Net.java:672)
	at java.base/sun.nio.ch.NioSocketImpl.timedFinishConnect(NioSocketImpl.java:542)
	at java.base/sun.nio.ch.NioSocketImpl.connect(NioSocketImpl.java:597)
	at java.base/java.net.SocksSocketImpl.connect(SocksSocketImpl.java:327)
	at java.base/java.net.Socket.connect(Socket.java:633)
	at org.postgresql.core.PGStream.createSocket(PGStream.java:261)
	at org.postgresql.core.PGStream.<init>(PGStream.java:122)
	at org.postgresql.core.v3.ConnectionFactoryImpl.tryConnect(ConnectionFactoryImpl.java:146)
	at org.postgresql.core.v3.ConnectionFactoryImpl.openConnectionImpl(ConnectionFactoryImpl.java:289)
	... 14 common frames omitted
2025-10-07 14:36:44,616 WARN  PoolBase [PoolBase.java:388] HikariPool-1 - Pool is empty, failed to create/setup connection (dc165e2b-1187-48ae-af6b-99ffc898e01b)
org.postgresql.util.PSQLException: Подсоединение по адресу localhost:5432 отклонено. Проверьте что хост и порт указаны правильно и что postmaster принимает TCP/IP-подсоединения.
	at org.postgresql.core.v3.ConnectionFactoryImpl.openConnectionImpl(ConnectionFactoryImpl.java:373)
	at org.postgresql.core.ConnectionFactory.openConnection(ConnectionFactory.java:57)
	at org.postgresql.jdbc.PgConnection.<init>(PgConnection.java:277)
	at org.postgresql.Driver.makeConnection(Driver.java:448)
	at org.postgresql.Driver.connect(Driver.java:298)
	at com.zaxxer.hikari.util.DriverDataSource.getConnection(DriverDataSource.java:144)
	at com.zaxxer.hikari.pool.PoolBase.newConnection(PoolBase.java:370)
	at com.zaxxer.hikari.pool.PoolBase.newPoolEntry(PoolBase.java:207)
	at com.zaxxer.hikari.pool.HikariPool.createPoolEntry(HikariPool.java:488)
	at com.zaxxer.hikari.pool.HikariPool$PoolEntryCreator.call(HikariPool.java:752)
	at com.zaxxer.hikari.pool.HikariPool$PoolEntryCreator.call(HikariPool.java:731)
	at java.base/java.util.concurrent.FutureTask.run(FutureTask.java:264)
	at java.base/java.util.concurrent.ThreadPoolExecutor.runWorker(ThreadPoolExecutor.java:1136)
	at java.base/java.util.concurrent.ThreadPoolExecutor$Worker.run(ThreadPoolExecutor.java:635)
	at java.base/java.lang.Thread.run(Thread.java:833)
Caused by: java.net.ConnectException: Connection refused: no further information
	at java.base/sun.nio.ch.Net.pollConnect(Native Method)
	at java.base/sun.nio.ch.Net.pollConnectNow(Net.java:672)
	at java.base/sun.nio.ch.NioSocketImpl.timedFinishConnect(NioSocketImpl.java:542)
	at java.base/sun.nio.ch.NioSocketImpl.connect(NioSocketImpl.java:597)
	at java.base/java.net.SocksSocketImpl.connect(SocksSocketImpl.java:327)
	at java.base/java.net.Socket.connect(Socket.java:633)
	at org.postgresql.core.PGStream.createSocket(PGStream.java:261)
	at org.postgresql.core.PGStream.<init>(PGStream.java:122)
	at org.postgresql.core.v3.ConnectionFactoryImpl.tryConnect(ConnectionFactoryImpl.java:146)
	at org.postgresql.core.v3.ConnectionFactoryImpl.openConnectionImpl(ConnectionFactoryImpl.java:289)
	... 14 common frames omitted
2025-10-07 14:37:49,742 WARN  PoolBase [PoolBase.java:388] HikariPool-1 - Pool is empty, failed to create/setup connection (13dabfe6-bb59-4b37-9fe8-aea575963ecc)
org.postgresql.util.PSQLException: Подсоединение по адресу localhost:5432 отклонено. Проверьте что хост и порт указаны правильно и что postmaster принимает TCP/IP-подсоединения.
	at org.postgresql.core.v3.ConnectionFactoryImpl.openConnectionImpl(ConnectionFactoryImpl.java:373)
	at org.postgresql.core.ConnectionFactory.openConnection(ConnectionFactory.java:57)
	at org.postgresql.jdbc.PgConnection.<init>(PgConnection.java:277)
	at org.postgresql.Driver.makeConnection(Driver.java:448)
	at org.postgresql.Driver.connect(Driver.java:298)
	at com.zaxxer.hikari.util.DriverDataSource.getConnection(DriverDataSource.java:144)
	at com.zaxxer.hikari.pool.PoolBase.newConnection(PoolBase.java:370)
	at com.zaxxer.hikari.pool.PoolBase.newPoolEntry(PoolBase.java:207)
	at com.zaxxer.hikari.pool.HikariPool.createPoolEntry(HikariPool.java:488)
	at com.zaxxer.hikari.pool.HikariPool$PoolEntryCreator.call(HikariPool.java:752)
	at com.zaxxer.hikari.pool.HikariPool$PoolEntryCreator.call(HikariPool.java:731)
	at java.base/java.util.concurrent.FutureTask.run(FutureTask.java:264)
	at java.base/java.util.concurrent.ThreadPoolExecutor.runWorker(ThreadPoolExecutor.java:1136)
	at java.base/java.util.concurrent.ThreadPoolExecutor$Worker.run(ThreadPoolExecutor.java:635)
	at java.base/java.lang.Thread.run(Thread.java:833)
Caused by: java.net.ConnectException: Connection refused: no further information
	at java.base/sun.nio.ch.Net.pollConnect(Native Method)
	at java.base/sun.nio.ch.Net.pollConnectNow(Net.java:672)
	at java.base/sun.nio.ch.NioSocketImpl.timedFinishConnect(NioSocketImpl.java:542)
	at java.base/sun.nio.ch.NioSocketImpl.connect(NioSocketImpl.java:597)
	at java.base/java.net.SocksSocketImpl.connect(SocksSocketImpl.java:327)
	at java.base/java.net.Socket.connect(Socket.java:633)
	at org.postgresql.core.PGStream.createSocket(PGStream.java:261)
	at org.postgresql.core.PGStream.<init>(PGStream.java:122)
	at org.postgresql.core.v3.ConnectionFactoryImpl.tryConnect(ConnectionFactoryImpl.java:146)
	at org.postgresql.core.v3.ConnectionFactoryImpl.openConnectionImpl(ConnectionFactoryImpl.java:289)
	... 14 common frames omitted
2025-10-07 14:38:54,927 WARN  PoolBase [PoolBase.java:388] HikariPool-1 - Pool is empty, failed to create/setup connection (412468e0-a902-4a71-bb6e-f6f2a511c911)
org.postgresql.util.PSQLException: Подсоединение по адресу localhost:5432 отклонено. Проверьте что хост и порт указаны правильно и что postmaster принимает TCP/IP-подсоединения.
	at org.postgresql.core.v3.ConnectionFactoryImpl.openConnectionImpl(ConnectionFactoryImpl.java:373)
	at org.postgresql.core.ConnectionFactory.openConnection(ConnectionFactory.java:57)
	at org.postgresql.jdbc.PgConnection.<init>(PgConnection.java:277)
	at org.postgresql.Driver.makeConnection(Driver.java:448)
	at org.postgresql.Driver.connect(Driver.java:298)
	at com.zaxxer.hikari.util.DriverDataSource.getConnection(DriverDataSource.java:144)
	at com.zaxxer.hikari.pool.PoolBase.newConnection(PoolBase.java:370)
	at com.zaxxer.hikari.pool.PoolBase.newPoolEntry(PoolBase.java:207)
	at com.zaxxer.hikari.pool.HikariPool.createPoolEntry(HikariPool.java:488)
	at com.zaxxer.hikari.pool.HikariPool$PoolEntryCreator.call(HikariPool.java:752)
	at com.zaxxer.hikari.pool.HikariPool$PoolEntryCreator.call(HikariPool.java:731)
	at java.base/java.util.concurrent.FutureTask.run(FutureTask.java:264)
	at java.base/java.util.concurrent.ThreadPoolExecutor.runWorker(ThreadPoolExecutor.java:1136)
	at java.base/java.util.concurrent.ThreadPoolExecutor$Worker.run(ThreadPoolExecutor.java:635)
	at java.base/java.lang.Thread.run(Thread.java:833)
Caused by: java.net.ConnectException: Connection refused: no further information
	at java.base/sun.nio.ch.Net.pollConnect(Native Method)
	at java.base/sun.nio.ch.Net.pollConnectNow(Net.java:672)
	at java.base/sun.nio.ch.NioSocketImpl.timedFinishConnect(NioSocketImpl.java:542)
	at java.base/sun.nio.ch.NioSocketImpl.connect(NioSocketImpl.java:597)
	at java.base/java.net.SocksSocketImpl.connect(SocksSocketImpl.java:327)
	at java.base/java.net.Socket.connect(Socket.java:633)
	at org.postgresql.core.PGStream.createSocket(PGStream.java:261)
	at org.postgresql.core.PGStream.<init>(PGStream.java:122)
	at org.postgresql.core.v3.ConnectionFactoryImpl.tryConnect(ConnectionFactoryImpl.java:146)
	at org.postgresql.core.v3.ConnectionFactoryImpl.openConnectionImpl(ConnectionFactoryImpl.java:289)
	... 14 common frames omitted
2025-10-07 14:40:00,075 WARN  PoolBase [PoolBase.java:388] HikariPool-1 - Pool is empty, failed to create/setup connection (d1b0b591-6b83-41a1-b15c-94a72e3ccf85)
org.postgresql.util.PSQLException: Подсоединение по адресу localhost:5432 отклонено. Проверьте что хост и порт указаны правильно и что postmaster принимает TCP/IP-подсоединения.
	at org.postgresql.core.v3.ConnectionFactoryImpl.openConnectionImpl(ConnectionFactoryImpl.java:373)
	at org.postgresql.core.ConnectionFactory.openConnection(ConnectionFactory.java:57)
	at org.postgresql.jdbc.PgConnection.<init>(PgConnection.java:277)
	at org.postgresql.Driver.makeConnection(Driver.java:448)
	at org.postgresql.Driver.connect(Driver.java:298)
	at com.zaxxer.hikari.util.DriverDataSource.getConnection(DriverDataSource.java:144)
	at com.zaxxer.hikari.pool.PoolBase.newConnection(PoolBase.java:370)
	at com.zaxxer.hikari.pool.PoolBase.newPoolEntry(PoolBase.java:207)
	at com.zaxxer.hikari.pool.HikariPool.createPoolEntry(HikariPool.java:488)
	at com.zaxxer.hikari.pool.HikariPool$PoolEntryCreator.call(HikariPool.java:752)
	at com.zaxxer.hikari.pool.HikariPool$PoolEntryCreator.call(HikariPool.java:731)
	at java.base/java.util.concurrent.FutureTask.run(FutureTask.java:264)
	at java.base/java.util.concurrent.ThreadPoolExecutor.runWorker(ThreadPoolExecutor.java:1136)
	at java.base/java.util.concurrent.ThreadPoolExecutor$Worker.run(ThreadPoolExecutor.java:635)
	at java.base/java.lang.Thread.run(Thread.java:833)
Caused by: java.net.ConnectException: Connection refused: no further information
	at java.base/sun.nio.ch.Net.pollConnect(Native Method)
	at java.base/sun.nio.ch.Net.pollConnectNow(Net.java:672)
	at java.base/sun.nio.ch.NioSocketImpl.timedFinishConnect(NioSocketImpl.java:542)
	at java.base/sun.nio.ch.NioSocketImpl.connect(NioSocketImpl.java:597)
	at java.base/java.net.SocksSocketImpl.connect(SocksSocketImpl.java:327)
	at java.base/java.net.Socket.connect(Socket.java:633)
	at org.postgresql.core.PGStream.createSocket(PGStream.java:261)
	at org.postgresql.core.PGStream.<init>(PGStream.java:122)
	at org.postgresql.core.v3.ConnectionFactoryImpl.tryConnect(ConnectionFactoryImpl.java:146)
	at org.postgresql.core.v3.ConnectionFactoryImpl.openConnectionImpl(ConnectionFactoryImpl.java:289)
	... 14 common frames omitted
2025-10-07 14:41:05,319 WARN  PoolBase [PoolBase.java:388] HikariPool-1 - Pool is empty, failed to create/setup connection (a702b5ce-edb3-4ea7-9f62-9f988b6a05f3)
org.postgresql.util.PSQLException: Подсоединение по адресу localhost:5432 отклонено. Проверьте что хост и порт указаны правильно и что postmaster принимает TCP/IP-подсоединения.
	at org.postgresql.core.v3.ConnectionFactoryImpl.openConnectionImpl(ConnectionFactoryImpl.java:373)
	at org.postgresql.core.ConnectionFactory.openConnection(ConnectionFactory.java:57)
	at org.postgresql.jdbc.PgConnection.<init>(PgConnection.java:277)
	at org.postgresql.Driver.makeConnection(Driver.java:448)
	at org.postgresql.Driver.connect(Driver.java:298)
	at com.zaxxer.hikari.util.DriverDataSource.getConnection(DriverDataSource.java:144)
	at com.zaxxer.hikari.pool.PoolBase.newConnection(PoolBase.java:370)
	at com.zaxxer.hikari.pool.PoolBase.newPoolEntry(PoolBase.java:207)
	at com.zaxxer.hikari.pool.HikariPool.createPoolEntry(HikariPool.java:488)
	at com.zaxxer.hikari.pool.HikariPool$PoolEntryCreator.call(HikariPool.java:752)
	at com.zaxxer.hikari.pool.HikariPool$PoolEntryCreator.call(HikariPool.java:731)
	at java.base/java.util.concurrent.FutureTask.run(FutureTask.java:264)
	at java.base/java.util.concurrent.ThreadPoolExecutor.runWorker(ThreadPoolExecutor.java:1136)
	at java.base/java.util.concurrent.ThreadPoolExecutor$Worker.run(ThreadPoolExecutor.java:635)
	at java.base/java.lang.Thread.run(Thread.java:833)
Caused by: java.net.ConnectException: Connection refused: no further information
	at java.base/sun.nio.ch.Net.pollConnect(Native Method)
	at java.base/sun.nio.ch.Net.pollConnectNow(Net.java:672)
	at java.base/sun.nio.ch.NioSocketImpl.timedFinishConnect(NioSocketImpl.java:542)
	at java.base/sun.nio.ch.NioSocketImpl.connect(NioSocketImpl.java:597)
	at java.base/java.net.SocksSocketImpl.connect(SocksSocketImpl.java:327)
	at java.base/java.net.Socket.connect(Socket.java:633)
	at org.postgresql.core.PGStream.createSocket(PGStream.java:261)
	at org.postgresql.core.PGStream.<init>(PGStream.java:122)
	at org.postgresql.core.v3.ConnectionFactoryImpl.tryConnect(ConnectionFactoryImpl.java:146)
	at org.postgresql.core.v3.ConnectionFactoryImpl.openConnectionImpl(ConnectionFactoryImpl.java:289)
	... 14 common frames omitted
2025-10-07 14:42:10,501 WARN  PoolBase [PoolBase.java:388] HikariPool-1 - Pool is empty, failed to create/setup connection (2bba6b66-d02b-49c7-93ac-0814f16b267a)
org.postgresql.util.PSQLException: Подсоединение по адресу localhost:5432 отклонено. Проверьте что хост и порт указаны правильно и что postmaster принимает TCP/IP-подсоединения.
	at org.postgresql.core.v3.ConnectionFactoryImpl.openConnectionImpl(ConnectionFactoryImpl.java:373)
	at org.postgresql.core.ConnectionFactory.openConnection(ConnectionFactory.java:57)
	at org.postgresql.jdbc.PgConnection.<init>(PgConnection.java:277)
	at org.postgresql.Driver.makeConnection(Driver.java:448)
	at org.postgresql.Driver.connect(Driver.java:298)
	at com.zaxxer.hikari.util.DriverDataSource.getConnection(DriverDataSource.java:144)
	at com.zaxxer.hikari.pool.PoolBase.newConnection(PoolBase.java:370)
	at com.zaxxer.hikari.pool.PoolBase.newPoolEntry(PoolBase.java:207)
	at com.zaxxer.hikari.pool.HikariPool.createPoolEntry(HikariPool.java:488)
	at com.zaxxer.hikari.pool.HikariPool$PoolEntryCreator.call(HikariPool.java:752)
	at com.zaxxer.hikari.pool.HikariPool$PoolEntryCreator.call(HikariPool.java:731)
	at java.base/java.util.concurrent.FutureTask.run(FutureTask.java:264)
	at java.base/java.util.concurrent.ThreadPoolExecutor.runWorker(ThreadPoolExecutor.java:1136)
	at java.base/java.util.concurrent.ThreadPoolExecutor$Worker.run(ThreadPoolExecutor.java:635)
	at java.base/java.lang.Thread.run(Thread.java:833)
Caused by: java.net.ConnectException: Connection refused: no further information
	at java.base/sun.nio.ch.Net.pollConnect(Native Method)
	at java.base/sun.nio.ch.Net.pollConnectNow(Net.java:672)
	at java.base/sun.nio.ch.NioSocketImpl.timedFinishConnect(NioSocketImpl.java:542)
	at java.base/sun.nio.ch.NioSocketImpl.connect(NioSocketImpl.java:597)
	at java.base/java.net.SocksSocketImpl.connect(SocksSocketImpl.java:327)
	at java.base/java.net.Socket.connect(Socket.java:633)
	at org.postgresql.core.PGStream.createSocket(PGStream.java:261)
	at org.postgresql.core.PGStream.<init>(PGStream.java:122)
	at org.postgresql.core.v3.ConnectionFactoryImpl.tryConnect(ConnectionFactoryImpl.java:146)
	at org.postgresql.core.v3.ConnectionFactoryImpl.openConnectionImpl(ConnectionFactoryImpl.java:289)
	... 14 common frames omitted
2025-10-07 14:43:15,711 WARN  PoolBase [PoolBase.java:388] HikariPool-1 - Pool is empty, failed to create/setup connection (c89944e3-53a7-4c2e-be76-13c195cc7ee6)
org.postgresql.util.PSQLException: Подсоединение по адресу localhost:5432 отклонено. Проверьте что хост и порт указаны правильно и что postmaster принимает TCP/IP-подсоединения.
	at org.postgresql.core.v3.ConnectionFactoryImpl.openConnectionImpl(ConnectionFactoryImpl.java:373)
	at org.postgresql.core.ConnectionFactory.openConnection(ConnectionFactory.java:57)
	at org.postgresql.jdbc.PgConnection.<init>(PgConnection.java:277)
	at org.postgresql.Driver.makeConnection(Driver.java:448)
	at org.postgresql.Driver.connect(Driver.java:298)
	at com.zaxxer.hikari.util.DriverDataSource.getConnection(DriverDataSource.java:144)
	at com.zaxxer.hikari.pool.PoolBase.newConnection(PoolBase.java:370)
	at com.zaxxer.hikari.pool.PoolBase.newPoolEntry(PoolBase.java:207)
	at com.zaxxer.hikari.pool.HikariPool.createPoolEntry(HikariPool.java:488)
	at com.zaxxer.hikari.pool.HikariPool$PoolEntryCreator.call(HikariPool.java:752)
	at com.zaxxer.hikari.pool.HikariPool$PoolEntryCreator.call(HikariPool.java:731)
	at java.base/java.util.concurrent.FutureTask.run(FutureTask.java:264)
	at java.base/java.util.concurrent.ThreadPoolExecutor.runWorker(ThreadPoolExecutor.java:1136)
	at java.base/java.util.concurrent.ThreadPoolExecutor$Worker.run(ThreadPoolExecutor.java:635)
	at java.base/java.lang.Thread.run(Thread.java:833)
Caused by: java.net.ConnectException: Connection refused: no further information
	at java.base/sun.nio.ch.Net.pollConnect(Native Method)
	at java.base/sun.nio.ch.Net.pollConnectNow(Net.java:672)
	at java.base/sun.nio.ch.NioSocketImpl.timedFinishConnect(NioSocketImpl.java:542)
	at java.base/sun.nio.ch.NioSocketImpl.connect(NioSocketImpl.java:597)
	at java.base/java.net.SocksSocketImpl.connect(SocksSocketImpl.java:327)
	at java.base/java.net.Socket.connect(Socket.java:633)
	at org.postgresql.core.PGStream.createSocket(PGStream.java:261)
	at org.postgresql.core.PGStream.<init>(PGStream.java:122)
	at org.postgresql.core.v3.ConnectionFactoryImpl.tryConnect(ConnectionFactoryImpl.java:146)
	at org.postgresql.core.v3.ConnectionFactoryImpl.openConnectionImpl(ConnectionFactoryImpl.java:289)
	... 14 common frames omitted
2025-10-07 14:44:20,862 WARN  PoolBase [PoolBase.java:388] HikariPool-1 - Pool is empty, failed to create/setup connection (9277801e-a0b1-4bbe-a169-4eeb8988d060)
org.postgresql.util.PSQLException: Подсоединение по адресу localhost:5432 отклонено. Проверьте что хост и порт указаны правильно и что postmaster принимает TCP/IP-подсоединения.
	at org.postgresql.core.v3.ConnectionFactoryImpl.openConnectionImpl(ConnectionFactoryImpl.java:373)
	at org.postgresql.core.ConnectionFactory.openConnection(ConnectionFactory.java:57)
	at org.postgresql.jdbc.PgConnection.<init>(PgConnection.java:277)
	at org.postgresql.Driver.makeConnection(Driver.java:448)
	at org.postgresql.Driver.connect(Driver.java:298)
	at com.zaxxer.hikari.util.DriverDataSource.getConnection(DriverDataSource.java:144)
	at com.zaxxer.hikari.pool.PoolBase.newConnection(PoolBase.java:370)
	at com.zaxxer.hikari.pool.PoolBase.newPoolEntry(PoolBase.java:207)
	at com.zaxxer.hikari.pool.HikariPool.createPoolEntry(HikariPool.java:488)
	at com.zaxxer.hikari.pool.HikariPool$PoolEntryCreator.call(HikariPool.java:752)
	at com.zaxxer.hikari.pool.HikariPool$PoolEntryCreator.call(HikariPool.java:731)
	at java.base/java.util.concurrent.FutureTask.run(FutureTask.java:264)
	at java.base/java.util.concurrent.ThreadPoolExecutor.runWorker(ThreadPoolExecutor.java:1136)
	at java.base/java.util.concurrent.ThreadPoolExecutor$Worker.run(ThreadPoolExecutor.java:635)
	at java.base/java.lang.Thread.run(Thread.java:833)
Caused by: java.net.ConnectException: Connection refused: no further information
	at java.base/sun.nio.ch.Net.pollConnect(Native Method)
	at java.base/sun.nio.ch.Net.pollConnectNow(Net.java:672)
	at java.base/sun.nio.ch.NioSocketImpl.timedFinishConnect(NioSocketImpl.java:542)
	at java.base/sun.nio.ch.NioSocketImpl.connect(NioSocketImpl.java:597)
	at java.base/java.net.SocksSocketImpl.connect(SocksSocketImpl.java:327)
	at java.base/java.net.Socket.connect(Socket.java:633)
	at org.postgresql.core.PGStream.createSocket(PGStream.java:261)
	at org.postgresql.core.PGStream.<init>(PGStream.java:122)
	at org.postgresql.core.v3.ConnectionFactoryImpl.tryConnect(ConnectionFactoryImpl.java:146)
	at org.postgresql.core.v3.ConnectionFactoryImpl.openConnectionImpl(ConnectionFactoryImpl.java:289)
	... 14 common frames omitted
2025-10-07 14:45:26,040 WARN  PoolBase [PoolBase.java:388] HikariPool-1 - Pool is empty, failed to create/setup connection (d35ac6d0-d0b0-46a4-a905-c2cc919c3bb5)
org.postgresql.util.PSQLException: Подсоединение по адресу localhost:5432 отклонено. Проверьте что хост и порт указаны правильно и что postmaster принимает TCP/IP-подсоединения.
	at org.postgresql.core.v3.ConnectionFactoryImpl.openConnectionImpl(ConnectionFactoryImpl.java:373)
	at org.postgresql.core.ConnectionFactory.openConnection(ConnectionFactory.java:57)
	at org.postgresql.jdbc.PgConnection.<init>(PgConnection.java:277)
	at org.postgresql.Driver.makeConnection(Driver.java:448)
	at org.postgresql.Driver.connect(Driver.java:298)
	at com.zaxxer.hikari.util.DriverDataSource.getConnection(DriverDataSource.java:144)
	at com.zaxxer.hikari.pool.PoolBase.newConnection(PoolBase.java:370)
	at com.zaxxer.hikari.pool.PoolBase.newPoolEntry(PoolBase.java:207)
	at com.zaxxer.hikari.pool.HikariPool.createPoolEntry(HikariPool.java:488)
	at com.zaxxer.hikari.pool.HikariPool$PoolEntryCreator.call(HikariPool.java:752)
	at com.zaxxer.hikari.pool.HikariPool$PoolEntryCreator.call(HikariPool.java:731)
	at java.base/java.util.concurrent.FutureTask.run(FutureTask.java:264)
	at java.base/java.util.concurrent.ThreadPoolExecutor.runWorker(ThreadPoolExecutor.java:1136)
	at java.base/java.util.concurrent.ThreadPoolExecutor$Worker.run(ThreadPoolExecutor.java:635)
	at java.base/java.lang.Thread.run(Thread.java:833)
Caused by: java.net.ConnectException: Connection refused: no further information
	at java.base/sun.nio.ch.Net.pollConnect(Native Method)
	at java.base/sun.nio.ch.Net.pollConnectNow(Net.java:672)
	at java.base/sun.nio.ch.NioSocketImpl.timedFinishConnect(NioSocketImpl.java:542)
	at java.base/sun.nio.ch.NioSocketImpl.connect(NioSocketImpl.java:597)
	at java.base/java.net.SocksSocketImpl.connect(SocksSocketImpl.java:327)
	at java.base/java.net.Socket.connect(Socket.java:633)
	at org.postgresql.core.PGStream.createSocket(PGStream.java:261)
	at org.postgresql.core.PGStream.<init>(PGStream.java:122)
	at org.postgresql.core.v3.ConnectionFactoryImpl.tryConnect(ConnectionFactoryImpl.java:146)
	at org.postgresql.core.v3.ConnectionFactoryImpl.openConnectionImpl(ConnectionFactoryImpl.java:289)
	... 14 common frames omitted
2025-10-07 14:46:31,171 WARN  PoolBase [PoolBase.java:388] HikariPool-1 - Pool is empty, failed to create/setup connection (bc640271-8a14-461c-8b81-284bd3088b17)
org.postgresql.util.PSQLException: Подсоединение по адресу localhost:5432 отклонено. Проверьте что хост и порт указаны правильно и что postmaster принимает TCP/IP-подсоединения.
	at org.postgresql.core.v3.ConnectionFactoryImpl.openConnectionImpl(ConnectionFactoryImpl.java:373)
	at org.postgresql.core.ConnectionFactory.openConnection(ConnectionFactory.java:57)
	at org.postgresql.jdbc.PgConnection.<init>(PgConnection.java:277)
	at org.postgresql.Driver.makeConnection(Driver.java:448)
	at org.postgresql.Driver.connect(Driver.java:298)
	at com.zaxxer.hikari.util.DriverDataSource.getConnection(DriverDataSource.java:144)
	at com.zaxxer.hikari.pool.PoolBase.newConnection(PoolBase.java:370)
	at com.zaxxer.hikari.pool.PoolBase.newPoolEntry(PoolBase.java:207)
	at com.zaxxer.hikari.pool.HikariPool.createPoolEntry(HikariPool.java:488)
	at com.zaxxer.hikari.pool.HikariPool$PoolEntryCreator.call(HikariPool.java:752)
	at com.zaxxer.hikari.pool.HikariPool$PoolEntryCreator.call(HikariPool.java:731)
	at java.base/java.util.concurrent.FutureTask.run(FutureTask.java:264)
	at java.base/java.util.concurrent.ThreadPoolExecutor.runWorker(ThreadPoolExecutor.java:1136)
	at java.base/java.util.concurrent.ThreadPoolExecutor$Worker.run(ThreadPoolExecutor.java:635)
	at java.base/java.lang.Thread.run(Thread.java:833)
Caused by: java.net.ConnectException: Connection refused: no further information
	at java.base/sun.nio.ch.Net.pollConnect(Native Method)
	at java.base/sun.nio.ch.Net.pollConnectNow(Net.java:672)
	at java.base/sun.nio.ch.NioSocketImpl.timedFinishConnect(NioSocketImpl.java:542)
	at java.base/sun.nio.ch.NioSocketImpl.connect(NioSocketImpl.java:597)
	at java.base/java.net.SocksSocketImpl.connect(SocksSocketImpl.java:327)
	at java.base/java.net.Socket.connect(Socket.java:633)
	at org.postgresql.core.PGStream.createSocket(PGStream.java:261)
	at org.postgresql.core.PGStream.<init>(PGStream.java:122)
	at org.postgresql.core.v3.ConnectionFactoryImpl.tryConnect(ConnectionFactoryImpl.java:146)
	at org.postgresql.core.v3.ConnectionFactoryImpl.openConnectionImpl(ConnectionFactoryImpl.java:289)
	... 14 common frames omitted
2025-10-07 14:47:36,308 WARN  PoolBase [PoolBase.java:388] HikariPool-1 - Pool is empty, failed to create/setup connection (5ae9aecf-537a-4554-8341-0986d86fc814)
org.postgresql.util.PSQLException: Подсоединение по адресу localhost:5432 отклонено. Проверьте что хост и порт указаны правильно и что postmaster принимает TCP/IP-подсоединения.
	at org.postgresql.core.v3.ConnectionFactoryImpl.openConnectionImpl(ConnectionFactoryImpl.java:373)
	at org.postgresql.core.ConnectionFactory.openConnection(ConnectionFactory.java:57)
	at org.postgresql.jdbc.PgConnection.<init>(PgConnection.java:277)
	at org.postgresql.Driver.makeConnection(Driver.java:448)
	at org.postgresql.Driver.connect(Driver.java:298)
	at com.zaxxer.hikari.util.DriverDataSource.getConnection(DriverDataSource.java:144)
	at com.zaxxer.hikari.pool.PoolBase.newConnection(PoolBase.java:370)
	at com.zaxxer.hikari.pool.PoolBase.newPoolEntry(PoolBase.java:207)
	at com.zaxxer.hikari.pool.HikariPool.createPoolEntry(HikariPool.java:488)
	at com.zaxxer.hikari.pool.HikariPool$PoolEntryCreator.call(HikariPool.java:752)
	at com.zaxxer.hikari.pool.HikariPool$PoolEntryCreator.call(HikariPool.java:731)
	at java.base/java.util.concurrent.FutureTask.run(FutureTask.java:264)
	at java.base/java.util.concurrent.ThreadPoolExecutor.runWorker(ThreadPoolExecutor.java:1136)
	at java.base/java.util.concurrent.ThreadPoolExecutor$Worker.run(ThreadPoolExecutor.java:635)
	at java.base/java.lang.Thread.run(Thread.java:833)
Caused by: java.net.ConnectException: Connection refused: no further information
	at java.base/sun.nio.ch.Net.pollConnect(Native Method)
	at java.base/sun.nio.ch.Net.pollConnectNow(Net.java:672)
	at java.base/sun.nio.ch.NioSocketImpl.timedFinishConnect(NioSocketImpl.java:542)
	at java.base/sun.nio.ch.NioSocketImpl.connect(NioSocketImpl.java:597)
	at java.base/java.net.SocksSocketImpl.connect(SocksSocketImpl.java:327)
	at java.base/java.net.Socket.connect(Socket.java:633)
	at org.postgresql.core.PGStream.createSocket(PGStream.java:261)
	at org.postgresql.core.PGStream.<init>(PGStream.java:122)
	at org.postgresql.core.v3.ConnectionFactoryImpl.tryConnect(ConnectionFactoryImpl.java:146)
	at org.postgresql.core.v3.ConnectionFactoryImpl.openConnectionImpl(ConnectionFactoryImpl.java:289)
	... 14 common frames omitted
2025-10-07 14:48:41,521 WARN  PoolBase [PoolBase.java:388] HikariPool-1 - Pool is empty, failed to create/setup connection (f152ec47-94d6-4966-b448-0b1ac1bc0d56)
org.postgresql.util.PSQLException: Подсоединение по адресу localhost:5432 отклонено. Проверьте что хост и порт указаны правильно и что postmaster принимает TCP/IP-подсоединения.
	at org.postgresql.core.v3.ConnectionFactoryImpl.openConnectionImpl(ConnectionFactoryImpl.java:373)
	at org.postgresql.core.ConnectionFactory.openConnection(ConnectionFactory.java:57)
	at org.postgresql.jdbc.PgConnection.<init>(PgConnection.java:277)
	at org.postgresql.Driver.makeConnection(Driver.java:448)
	at org.postgresql.Driver.connect(Driver.java:298)
	at com.zaxxer.hikari.util.DriverDataSource.getConnection(DriverDataSource.java:144)
	at com.zaxxer.hikari.pool.PoolBase.newConnection(PoolBase.java:370)
	at com.zaxxer.hikari.pool.PoolBase.newPoolEntry(PoolBase.java:207)
	at com.zaxxer.hikari.pool.HikariPool.createPoolEntry(HikariPool.java:488)
	at com.zaxxer.hikari.pool.HikariPool$PoolEntryCreator.call(HikariPool.java:752)
	at com.zaxxer.hikari.pool.HikariPool$PoolEntryCreator.call(HikariPool.java:731)
	at java.base/java.util.concurrent.FutureTask.run(FutureTask.java:264)
	at java.base/java.util.concurrent.ThreadPoolExecutor.runWorker(ThreadPoolExecutor.java:1136)
	at java.base/java.util.concurrent.ThreadPoolExecutor$Worker.run(ThreadPoolExecutor.java:635)
	at java.base/java.lang.Thread.run(Thread.java:833)
Caused by: java.net.ConnectException: Connection refused: no further information
	at java.base/sun.nio.ch.Net.pollConnect(Native Method)
	at java.base/sun.nio.ch.Net.pollConnectNow(Net.java:672)
	at java.base/sun.nio.ch.NioSocketImpl.timedFinishConnect(NioSocketImpl.java:542)
	at java.base/sun.nio.ch.NioSocketImpl.connect(NioSocketImpl.java:597)
	at java.base/java.net.SocksSocketImpl.connect(SocksSocketImpl.java:327)
	at java.base/java.net.Socket.connect(Socket.java:633)
	at org.postgresql.core.PGStream.createSocket(PGStream.java:261)
	at org.postgresql.core.PGStream.<init>(PGStream.java:122)
	at org.postgresql.core.v3.ConnectionFactoryImpl.tryConnect(ConnectionFactoryImpl.java:146)
	at org.postgresql.core.v3.ConnectionFactoryImpl.openConnectionImpl(ConnectionFactoryImpl.java:289)
	... 14 common frames omitted
2025-10-07 14:49:46,634 WARN  PoolBase [PoolBase.java:388] HikariPool-1 - Pool is empty, failed to create/setup connection (4c54d24e-d2c3-47dd-89c7-f8ca626b3027)
org.postgresql.util.PSQLException: Подсоединение по адресу localhost:5432 отклонено. Проверьте что хост и порт указаны правильно и что postmaster принимает TCP/IP-подсоединения.
	at org.postgresql.core.v3.ConnectionFactoryImpl.openConnectionImpl(ConnectionFactoryImpl.java:373)
	at org.postgresql.core.ConnectionFactory.openConnection(ConnectionFactory.java:57)
	at org.postgresql.jdbc.PgConnection.<init>(PgConnection.java:277)
	at org.postgresql.Driver.makeConnection(Driver.java:448)
	at org.postgresql.Driver.connect(Driver.java:298)
	at com.zaxxer.hikari.util.DriverDataSource.getConnection(DriverDataSource.java:144)
	at com.zaxxer.hikari.pool.PoolBase.newConnection(PoolBase.java:370)
	at com.zaxxer.hikari.pool.PoolBase.newPoolEntry(PoolBase.java:207)
	at com.zaxxer.hikari.pool.HikariPool.createPoolEntry(HikariPool.java:488)
	at com.zaxxer.hikari.pool.HikariPool$PoolEntryCreator.call(HikariPool.java:752)
	at com.zaxxer.hikari.pool.HikariPool$PoolEntryCreator.call(HikariPool.java:731)
	at java.base/java.util.concurrent.FutureTask.run(FutureTask.java:264)
	at java.base/java.util.concurrent.ThreadPoolExecutor.runWorker(ThreadPoolExecutor.java:1136)
	at java.base/java.util.concurrent.ThreadPoolExecutor$Worker.run(ThreadPoolExecutor.java:635)
	at java.base/java.lang.Thread.run(Thread.java:833)
Caused by: java.net.ConnectException: Connection refused: no further information
	at java.base/sun.nio.ch.Net.pollConnect(Native Method)
	at java.base/sun.nio.ch.Net.pollConnectNow(Net.java:672)
	at java.base/sun.nio.ch.NioSocketImpl.timedFinishConnect(NioSocketImpl.java:542)
	at java.base/sun.nio.ch.NioSocketImpl.connect(NioSocketImpl.java:597)
	at java.base/java.net.SocksSocketImpl.connect(SocksSocketImpl.java:327)
	at java.base/java.net.Socket.connect(Socket.java:633)
	at org.postgresql.core.PGStream.createSocket(PGStream.java:261)
	at org.postgresql.core.PGStream.<init>(PGStream.java:122)
	at org.postgresql.core.v3.ConnectionFactoryImpl.tryConnect(ConnectionFactoryImpl.java:146)
	at org.postgresql.core.v3.ConnectionFactoryImpl.openConnectionImpl(ConnectionFactoryImpl.java:289)
	... 14 common frames omitted
2025-10-07 14:50:51,745 WARN  PoolBase [PoolBase.java:388] HikariPool-1 - Pool is empty, failed to create/setup connection (6352f636-84b0-41f3-bb19-c3b8f929e8ba)
org.postgresql.util.PSQLException: Подсоединение по адресу localhost:5432 отклонено. Проверьте что хост и порт указаны правильно и что postmaster принимает TCP/IP-подсоединения.
	at org.postgresql.core.v3.ConnectionFactoryImpl.openConnectionImpl(ConnectionFactoryImpl.java:373)
	at org.postgresql.core.ConnectionFactory.openConnection(ConnectionFactory.java:57)
	at org.postgresql.jdbc.PgConnection.<init>(PgConnection.java:277)
	at org.postgresql.Driver.makeConnection(Driver.java:448)
	at org.postgresql.Driver.connect(Driver.java:298)
	at com.zaxxer.hikari.util.DriverDataSource.getConnection(DriverDataSource.java:144)
	at com.zaxxer.hikari.pool.PoolBase.newConnection(PoolBase.java:370)
	at com.zaxxer.hikari.pool.PoolBase.newPoolEntry(PoolBase.java:207)
	at com.zaxxer.hikari.pool.HikariPool.createPoolEntry(HikariPool.java:488)
	at com.zaxxer.hikari.pool.HikariPool$PoolEntryCreator.call(HikariPool.java:752)
	at com.zaxxer.hikari.pool.HikariPool$PoolEntryCreator.call(HikariPool.java:731)
	at java.base/java.util.concurrent.FutureTask.run(FutureTask.java:264)
	at java.base/java.util.concurrent.ThreadPoolExecutor.runWorker(ThreadPoolExecutor.java:1136)
	at java.base/java.util.concurrent.ThreadPoolExecutor$Worker.run(ThreadPoolExecutor.java:635)
	at java.base/java.lang.Thread.run(Thread.java:833)
Caused by: java.net.ConnectException: Connection refused: no further information
	at java.base/sun.nio.ch.Net.pollConnect(Native Method)
	at java.base/sun.nio.ch.Net.pollConnectNow(Net.java:672)
	at java.base/sun.nio.ch.NioSocketImpl.timedFinishConnect(NioSocketImpl.java:542)
	at java.base/sun.nio.ch.NioSocketImpl.connect(NioSocketImpl.java:597)
	at java.base/java.net.SocksSocketImpl.connect(SocksSocketImpl.java:327)
	at java.base/java.net.Socket.connect(Socket.java:633)
	at org.postgresql.core.PGStream.createSocket(PGStream.java:261)
	at org.postgresql.core.PGStream.<init>(PGStream.java:122)
	at org.postgresql.core.v3.ConnectionFactoryImpl.tryConnect(ConnectionFactoryImpl.java:146)
	at org.postgresql.core.v3.ConnectionFactoryImpl.openConnectionImpl(ConnectionFactoryImpl.java:289)
	... 14 common frames omitted
2025-10-07 14:51:56,918 WARN  PoolBase [PoolBase.java:388] HikariPool-1 - Pool is empty, failed to create/setup connection (ed765a15-f11c-426e-aad2-0140f293c3d1)
org.postgresql.util.PSQLException: Подсоединение по адресу localhost:5432 отклонено. Проверьте что хост и порт указаны правильно и что postmaster принимает TCP/IP-подсоединения.
	at org.postgresql.core.v3.ConnectionFactoryImpl.openConnectionImpl(ConnectionFactoryImpl.java:373)
	at org.postgresql.core.ConnectionFactory.openConnection(ConnectionFactory.java:57)
	at org.postgresql.jdbc.PgConnection.<init>(PgConnection.java:277)
	at org.postgresql.Driver.makeConnection(Driver.java:448)
	at org.postgresql.Driver.connect(Driver.java:298)
	at com.zaxxer.hikari.util.DriverDataSource.getConnection(DriverDataSource.java:144)
	at com.zaxxer.hikari.pool.PoolBase.newConnection(PoolBase.java:370)
	at com.zaxxer.hikari.pool.PoolBase.newPoolEntry(PoolBase.java:207)
	at com.zaxxer.hikari.pool.HikariPool.createPoolEntry(HikariPool.java:488)
	at com.zaxxer.hikari.pool.HikariPool$PoolEntryCreator.call(HikariPool.java:752)
	at com.zaxxer.hikari.pool.HikariPool$PoolEntryCreator.call(HikariPool.java:731)
	at java.base/java.util.concurrent.FutureTask.run(FutureTask.java:264)
	at java.base/java.util.concurrent.ThreadPoolExecutor.runWorker(ThreadPoolExecutor.java:1136)
	at java.base/java.util.concurrent.ThreadPoolExecutor$Worker.run(ThreadPoolExecutor.java:635)
	at java.base/java.lang.Thread.run(Thread.java:833)
Caused by: java.net.ConnectException: Connection refused: no further information
	at java.base/sun.nio.ch.Net.pollConnect(Native Method)
	at java.base/sun.nio.ch.Net.pollConnectNow(Net.java:672)
	at java.base/sun.nio.ch.NioSocketImpl.timedFinishConnect(NioSocketImpl.java:549)
	at java.base/sun.nio.ch.NioSocketImpl.connect(NioSocketImpl.java:597)
	at java.base/java.net.SocksSocketImpl.connect(SocksSocketImpl.java:327)
	at java.base/java.net.Socket.connect(Socket.java:633)
	at org.postgresql.core.PGStream.createSocket(PGStream.java:261)
	at org.postgresql.core.PGStream.<init>(PGStream.java:122)
	at org.postgresql.core.v3.ConnectionFactoryImpl.tryConnect(ConnectionFactoryImpl.java:146)
	at org.postgresql.core.v3.ConnectionFactoryImpl.openConnectionImpl(ConnectionFactoryImpl.java:289)
	... 14 common frames omitted
2025-10-07 14:53:02,061 WARN  PoolBase [PoolBase.java:388] HikariPool-1 - Pool is empty, failed to create/setup connection (b343e76f-f7fc-43cb-8a63-7e0c7f42ff3c)
org.postgresql.util.PSQLException: Подсоединение по адресу localhost:5432 отклонено. Проверьте что хост и порт указаны правильно и что postmaster принимает TCP/IP-подсоединения.
	at org.postgresql.core.v3.ConnectionFactoryImpl.openConnectionImpl(ConnectionFactoryImpl.java:373)
	at org.postgresql.core.ConnectionFactory.openConnection(ConnectionFactory.java:57)
	at org.postgresql.jdbc.PgConnection.<init>(PgConnection.java:277)
	at org.postgresql.Driver.makeConnection(Driver.java:448)
	at org.postgresql.Driver.connect(Driver.java:298)
	at com.zaxxer.hikari.util.DriverDataSource.getConnection(DriverDataSource.java:144)
	at com.zaxxer.hikari.pool.PoolBase.newConnection(PoolBase.java:370)
	at com.zaxxer.hikari.pool.PoolBase.newPoolEntry(PoolBase.java:207)
	at com.zaxxer.hikari.pool.HikariPool.createPoolEntry(HikariPool.java:488)
	at com.zaxxer.hikari.pool.HikariPool$PoolEntryCreator.call(HikariPool.java:752)
	at com.zaxxer.hikari.pool.HikariPool$PoolEntryCreator.call(HikariPool.java:731)
	at java.base/java.util.concurrent.FutureTask.run(FutureTask.java:264)
	at java.base/java.util.concurrent.ThreadPoolExecutor.runWorker(ThreadPoolExecutor.java:1136)
	at java.base/java.util.concurrent.ThreadPoolExecutor$Worker.run(ThreadPoolExecutor.java:635)
	at java.base/java.lang.Thread.run(Thread.java:833)
Caused by: java.net.ConnectException: Connection refused: no further information
	at java.base/sun.nio.ch.Net.pollConnect(Native Method)
	at java.base/sun.nio.ch.Net.pollConnectNow(Net.java:672)
	at java.base/sun.nio.ch.NioSocketImpl.timedFinishConnect(NioSocketImpl.java:542)
	at java.base/sun.nio.ch.NioSocketImpl.connect(NioSocketImpl.java:597)
	at java.base/java.net.SocksSocketImpl.connect(SocksSocketImpl.java:327)
	at java.base/java.net.Socket.connect(Socket.java:633)
	at org.postgresql.core.PGStream.createSocket(PGStream.java:261)
	at org.postgresql.core.PGStream.<init>(PGStream.java:122)
	at org.postgresql.core.v3.ConnectionFactoryImpl.tryConnect(ConnectionFactoryImpl.java:146)
	at org.postgresql.core.v3.ConnectionFactoryImpl.openConnectionImpl(ConnectionFactoryImpl.java:289)
	... 14 common frames omitted
2025-10-07 14:54:07,220 WARN  PoolBase [PoolBase.java:388] HikariPool-1 - Pool is empty, failed to create/setup connection (2caaa093-c668-4f9d-9db8-3d200da835a5)
org.postgresql.util.PSQLException: Подсоединение по адресу localhost:5432 отклонено. Проверьте что хост и порт указаны правильно и что postmaster принимает TCP/IP-подсоединения.
	at org.postgresql.core.v3.ConnectionFactoryImpl.openConnectionImpl(ConnectionFactoryImpl.java:373)
	at org.postgresql.core.ConnectionFactory.openConnection(ConnectionFactory.java:57)
	at org.postgresql.jdbc.PgConnection.<init>(PgConnection.java:277)
	at org.postgresql.Driver.makeConnection(Driver.java:448)
	at org.postgresql.Driver.connect(Driver.java:298)
	at com.zaxxer.hikari.util.DriverDataSource.getConnection(DriverDataSource.java:144)
	at com.zaxxer.hikari.pool.PoolBase.newConnection(PoolBase.java:370)
	at com.zaxxer.hikari.pool.PoolBase.newPoolEntry(PoolBase.java:207)
	at com.zaxxer.hikari.pool.HikariPool.createPoolEntry(HikariPool.java:488)
	at com.zaxxer.hikari.pool.HikariPool$PoolEntryCreator.call(HikariPool.java:752)
	at com.zaxxer.hikari.pool.HikariPool$PoolEntryCreator.call(HikariPool.java:731)
	at java.base/java.util.concurrent.FutureTask.run(FutureTask.java:264)
	at java.base/java.util.concurrent.ThreadPoolExecutor.runWorker(ThreadPoolExecutor.java:1136)
	at java.base/java.util.concurrent.ThreadPoolExecutor$Worker.run(ThreadPoolExecutor.java:635)
	at java.base/java.lang.Thread.run(Thread.java:833)
Caused by: java.net.ConnectException: Connection refused: no further information
	at java.base/sun.nio.ch.Net.pollConnect(Native Method)
	at java.base/sun.nio.ch.Net.pollConnectNow(Net.java:672)
	at java.base/sun.nio.ch.NioSocketImpl.timedFinishConnect(NioSocketImpl.java:542)
	at java.base/sun.nio.ch.NioSocketImpl.connect(NioSocketImpl.java:597)
	at java.base/java.net.SocksSocketImpl.connect(SocksSocketImpl.java:327)
	at java.base/java.net.Socket.connect(Socket.java:633)
	at org.postgresql.core.PGStream.createSocket(PGStream.java:261)
	at org.postgresql.core.PGStream.<init>(PGStream.java:122)
	at org.postgresql.core.v3.ConnectionFactoryImpl.tryConnect(ConnectionFactoryImpl.java:146)
	at org.postgresql.core.v3.ConnectionFactoryImpl.openConnectionImpl(ConnectionFactoryImpl.java:289)
	... 14 common frames omitted
2025-10-07 14:55:12,408 WARN  PoolBase [PoolBase.java:388] HikariPool-1 - Pool is empty, failed to create/setup connection (dcdd4ec2-8e2e-41dc-be73-db0d4b42eafe)
org.postgresql.util.PSQLException: Подсоединение по адресу localhost:5432 отклонено. Проверьте что хост и порт указаны правильно и что postmaster принимает TCP/IP-подсоединения.
	at org.postgresql.core.v3.ConnectionFactoryImpl.openConnectionImpl(ConnectionFactoryImpl.java:373)
	at org.postgresql.core.ConnectionFactory.openConnection(ConnectionFactory.java:57)
	at org.postgresql.jdbc.PgConnection.<init>(PgConnection.java:277)
	at org.postgresql.Driver.makeConnection(Driver.java:448)
	at org.postgresql.Driver.connect(Driver.java:298)
	at com.zaxxer.hikari.util.DriverDataSource.getConnection(DriverDataSource.java:144)
	at com.zaxxer.hikari.pool.PoolBase.newConnection(PoolBase.java:370)
	at com.zaxxer.hikari.pool.PoolBase.newPoolEntry(PoolBase.java:207)
	at com.zaxxer.hikari.pool.HikariPool.createPoolEntry(HikariPool.java:488)
	at com.zaxxer.hikari.pool.HikariPool$PoolEntryCreator.call(HikariPool.java:752)
	at com.zaxxer.hikari.pool.HikariPool$PoolEntryCreator.call(HikariPool.java:731)
	at java.base/java.util.concurrent.FutureTask.run(FutureTask.java:264)
	at java.base/java.util.concurrent.ThreadPoolExecutor.runWorker(ThreadPoolExecutor.java:1136)
	at java.base/java.util.concurrent.ThreadPoolExecutor$Worker.run(ThreadPoolExecutor.java:635)
	at java.base/java.lang.Thread.run(Thread.java:833)
Caused by: java.net.ConnectException: Connection refused: no further information
	at java.base/sun.nio.ch.Net.pollConnect(Native Method)
	at java.base/sun.nio.ch.Net.pollConnectNow(Net.java:672)
	at java.base/sun.nio.ch.NioSocketImpl.timedFinishConnect(NioSocketImpl.java:542)
	at java.base/sun.nio.ch.NioSocketImpl.connect(NioSocketImpl.java:597)
	at java.base/java.net.SocksSocketImpl.connect(SocksSocketImpl.java:327)
	at java.base/java.net.Socket.connect(Socket.java:633)
	at org.postgresql.core.PGStream.createSocket(PGStream.java:261)
	at org.postgresql.core.PGStream.<init>(PGStream.java:122)
	at org.postgresql.core.v3.ConnectionFactoryImpl.tryConnect(ConnectionFactoryImpl.java:146)
	at org.postgresql.core.v3.ConnectionFactoryImpl.openConnectionImpl(ConnectionFactoryImpl.java:289)
	... 14 common frames omitted
2025-10-07 14:56:17,621 WARN  PoolBase [PoolBase.java:388] HikariPool-1 - Pool is empty, failed to create/setup connection (129961b5-f595-4a18-8c31-6f636ece3d76)
org.postgresql.util.PSQLException: Подсоединение по адресу localhost:5432 отклонено. Проверьте что хост и порт указаны правильно и что postmaster принимает TCP/IP-подсоединения.
	at org.postgresql.core.v3.ConnectionFactoryImpl.openConnectionImpl(ConnectionFactoryImpl.java:373)
	at org.postgresql.core.ConnectionFactory.openConnection(ConnectionFactory.java:57)
	at org.postgresql.jdbc.PgConnection.<init>(PgConnection.java:277)
	at org.postgresql.Driver.makeConnection(Driver.java:448)
	at org.postgresql.Driver.connect(Driver.java:298)
	at com.zaxxer.hikari.util.DriverDataSource.getConnection(DriverDataSource.java:144)
	at com.zaxxer.hikari.pool.PoolBase.newConnection(PoolBase.java:370)
	at com.zaxxer.hikari.pool.PoolBase.newPoolEntry(PoolBase.java:207)
	at com.zaxxer.hikari.pool.HikariPool.createPoolEntry(HikariPool.java:488)
	at com.zaxxer.hikari.pool.HikariPool$PoolEntryCreator.call(HikariPool.java:752)
	at com.zaxxer.hikari.pool.HikariPool$PoolEntryCreator.call(HikariPool.java:731)
	at java.base/java.util.concurrent.FutureTask.run(FutureTask.java:264)
	at java.base/java.util.concurrent.ThreadPoolExecutor.runWorker(ThreadPoolExecutor.java:1136)
	at java.base/java.util.concurrent.ThreadPoolExecutor$Worker.run(ThreadPoolExecutor.java:635)
	at java.base/java.lang.Thread.run(Thread.java:833)
Caused by: java.net.ConnectException: Connection refused: no further information
	at java.base/sun.nio.ch.Net.pollConnect(Native Method)
	at java.base/sun.nio.ch.Net.pollConnectNow(Net.java:672)
	at java.base/sun.nio.ch.NioSocketImpl.timedFinishConnect(NioSocketImpl.java:542)
	at java.base/sun.nio.ch.NioSocketImpl.connect(NioSocketImpl.java:597)
	at java.base/java.net.SocksSocketImpl.connect(SocksSocketImpl.java:327)
	at java.base/java.net.Socket.connect(Socket.java:633)
	at org.postgresql.core.PGStream.createSocket(PGStream.java:261)
	at org.postgresql.core.PGStream.<init>(PGStream.java:122)
	at org.postgresql.core.v3.ConnectionFactoryImpl.tryConnect(ConnectionFactoryImpl.java:146)
	at org.postgresql.core.v3.ConnectionFactoryImpl.openConnectionImpl(ConnectionFactoryImpl.java:289)
	... 14 common frames omitted
2025-10-07 14:57:22,765 WARN  PoolBase [PoolBase.java:388] HikariPool-1 - Pool is empty, failed to create/setup connection (12763280-d968-447b-a476-fa5675bed853)
org.postgresql.util.PSQLException: Подсоединение по адресу localhost:5432 отклонено. Проверьте что хост и порт указаны правильно и что postmaster принимает TCP/IP-подсоединения.
	at org.postgresql.core.v3.ConnectionFactoryImpl.openConnectionImpl(ConnectionFactoryImpl.java:373)
	at org.postgresql.core.ConnectionFactory.openConnection(ConnectionFactory.java:57)
	at org.postgresql.jdbc.PgConnection.<init>(PgConnection.java:277)
	at org.postgresql.Driver.makeConnection(Driver.java:448)
	at org.postgresql.Driver.connect(Driver.java:298)
	at com.zaxxer.hikari.util.DriverDataSource.getConnection(DriverDataSource.java:144)
	at com.zaxxer.hikari.pool.PoolBase.newConnection(PoolBase.java:370)
	at com.zaxxer.hikari.pool.PoolBase.newPoolEntry(PoolBase.java:207)
	at com.zaxxer.hikari.pool.HikariPool.createPoolEntry(HikariPool.java:488)
	at com.zaxxer.hikari.pool.HikariPool$PoolEntryCreator.call(HikariPool.java:752)
	at com.zaxxer.hikari.pool.HikariPool$PoolEntryCreator.call(HikariPool.java:731)
	at java.base/java.util.concurrent.FutureTask.run(FutureTask.java:264)
	at java.base/java.util.concurrent.ThreadPoolExecutor.runWorker(ThreadPoolExecutor.java:1136)
	at java.base/java.util.concurrent.ThreadPoolExecutor$Worker.run(ThreadPoolExecutor.java:635)
	at java.base/java.lang.Thread.run(Thread.java:833)
Caused by: java.net.ConnectException: Connection refused: no further information
	at java.base/sun.nio.ch.Net.pollConnect(Native Method)
	at java.base/sun.nio.ch.Net.pollConnectNow(Net.java:672)
	at java.base/sun.nio.ch.NioSocketImpl.timedFinishConnect(NioSocketImpl.java:542)
	at java.base/sun.nio.ch.NioSocketImpl.connect(NioSocketImpl.java:597)
	at java.base/java.net.SocksSocketImpl.connect(SocksSocketImpl.java:327)
	at java.base/java.net.Socket.connect(Socket.java:633)
	at org.postgresql.core.PGStream.createSocket(PGStream.java:261)
	at org.postgresql.core.PGStream.<init>(PGStream.java:122)
	at org.postgresql.core.v3.ConnectionFactoryImpl.tryConnect(ConnectionFactoryImpl.java:146)
	at org.postgresql.core.v3.ConnectionFactoryImpl.openConnectionImpl(ConnectionFactoryImpl.java:289)
	... 14 common frames omitted
2025-10-07 14:58:27,959 WARN  PoolBase [PoolBase.java:388] HikariPool-1 - Pool is empty, failed to create/setup connection (09d730a7-6042-4646-a0c1-382ca26881d9)
org.postgresql.util.PSQLException: Подсоединение по адресу localhost:5432 отклонено. Проверьте что хост и порт указаны правильно и что postmaster принимает TCP/IP-подсоединения.
	at org.postgresql.core.v3.ConnectionFactoryImpl.openConnectionImpl(ConnectionFactoryImpl.java:373)
	at org.postgresql.core.ConnectionFactory.openConnection(ConnectionFactory.java:57)
	at org.postgresql.jdbc.PgConnection.<init>(PgConnection.java:277)
	at org.postgresql.Driver.makeConnection(Driver.java:448)
	at org.postgresql.Driver.connect(Driver.java:298)
	at com.zaxxer.hikari.util.DriverDataSource.getConnection(DriverDataSource.java:144)
	at com.zaxxer.hikari.pool.PoolBase.newConnection(PoolBase.java:370)
	at com.zaxxer.hikari.pool.PoolBase.newPoolEntry(PoolBase.java:207)
	at com.zaxxer.hikari.pool.HikariPool.createPoolEntry(HikariPool.java:488)
	at com.zaxxer.hikari.pool.HikariPool$PoolEntryCreator.call(HikariPool.java:752)
	at com.zaxxer.hikari.pool.HikariPool$PoolEntryCreator.call(HikariPool.java:731)
	at java.base/java.util.concurrent.FutureTask.run(FutureTask.java:264)
	at java.base/java.util.concurrent.ThreadPoolExecutor.runWorker(ThreadPoolExecutor.java:1136)
	at java.base/java.util.concurrent.ThreadPoolExecutor$Worker.run(ThreadPoolExecutor.java:635)
	at java.base/java.lang.Thread.run(Thread.java:833)
Caused by: java.net.ConnectException: Connection refused: no further information
	at java.base/sun.nio.ch.Net.pollConnect(Native Method)
	at java.base/sun.nio.ch.Net.pollConnectNow(Net.java:672)
	at java.base/sun.nio.ch.NioSocketImpl.timedFinishConnect(NioSocketImpl.java:542)
	at java.base/sun.nio.ch.NioSocketImpl.connect(NioSocketImpl.java:597)
	at java.base/java.net.SocksSocketImpl.connect(SocksSocketImpl.java:327)
	at java.base/java.net.Socket.connect(Socket.java:633)
	at org.postgresql.core.PGStream.createSocket(PGStream.java:261)
	at org.postgresql.core.PGStream.<init>(PGStream.java:122)
	at org.postgresql.core.v3.ConnectionFactoryImpl.tryConnect(ConnectionFactoryImpl.java:146)
	at org.postgresql.core.v3.ConnectionFactoryImpl.openConnectionImpl(ConnectionFactoryImpl.java:289)
	... 14 common frames omitted
2025-10-07 14:59:33,120 WARN  PoolBase [PoolBase.java:388] HikariPool-1 - Pool is empty, failed to create/setup connection (e69d9bb6-7c74-4ba0-b849-2d918f5225c6)
org.postgresql.util.PSQLException: Подсоединение по адресу localhost:5432 отклонено. Проверьте что хост и порт указаны правильно и что postmaster принимает TCP/IP-подсоединения.
	at org.postgresql.core.v3.ConnectionFactoryImpl.openConnectionImpl(ConnectionFactoryImpl.java:373)
	at org.postgresql.core.ConnectionFactory.openConnection(ConnectionFactory.java:57)
	at org.postgresql.jdbc.PgConnection.<init>(PgConnection.java:277)
	at org.postgresql.Driver.makeConnection(Driver.java:448)
	at org.postgresql.Driver.connect(Driver.java:298)
	at com.zaxxer.hikari.util.DriverDataSource.getConnection(DriverDataSource.java:144)
	at com.zaxxer.hikari.pool.PoolBase.newConnection(PoolBase.java:370)
	at com.zaxxer.hikari.pool.PoolBase.newPoolEntry(PoolBase.java:207)
	at com.zaxxer.hikari.pool.HikariPool.createPoolEntry(HikariPool.java:488)
	at com.zaxxer.hikari.pool.HikariPool$PoolEntryCreator.call(HikariPool.java:752)
	at com.zaxxer.hikari.pool.HikariPool$PoolEntryCreator.call(HikariPool.java:731)
	at java.base/java.util.concurrent.FutureTask.run(FutureTask.java:264)
	at java.base/java.util.concurrent.ThreadPoolExecutor.runWorker(ThreadPoolExecutor.java:1136)
	at java.base/java.util.concurrent.ThreadPoolExecutor$Worker.run(ThreadPoolExecutor.java:635)
	at java.base/java.lang.Thread.run(Thread.java:833)
Caused by: java.net.ConnectException: Connection refused: no further information
	at java.base/sun.nio.ch.Net.pollConnect(Native Method)
	at java.base/sun.nio.ch.Net.pollConnectNow(Net.java:672)
	at java.base/sun.nio.ch.NioSocketImpl.timedFinishConnect(NioSocketImpl.java:542)
	at java.base/sun.nio.ch.NioSocketImpl.connect(NioSocketImpl.java:597)
	at java.base/java.net.SocksSocketImpl.connect(SocksSocketImpl.java:327)
	at java.base/java.net.Socket.connect(Socket.java:633)
	at org.postgresql.core.PGStream.createSocket(PGStream.java:261)
	at org.postgresql.core.PGStream.<init>(PGStream.java:122)
	at org.postgresql.core.v3.ConnectionFactoryImpl.tryConnect(ConnectionFactoryImpl.java:146)
	at org.postgresql.core.v3.ConnectionFactoryImpl.openConnectionImpl(ConnectionFactoryImpl.java:289)
	... 14 common frames omitted
2025-10-07 15:00:38,338 WARN  PoolBase [PoolBase.java:388] HikariPool-1 - Pool is empty, failed to create/setup connection (64639b29-b705-4d94-8d67-18165db6ed65)
org.postgresql.util.PSQLException: Подсоединение по адресу localhost:5432 отклонено. Проверьте что хост и порт указаны правильно и что postmaster принимает TCP/IP-подсоединения.
	at org.postgresql.core.v3.ConnectionFactoryImpl.openConnectionImpl(ConnectionFactoryImpl.java:373)
	at org.postgresql.core.ConnectionFactory.openConnection(ConnectionFactory.java:57)
	at org.postgresql.jdbc.PgConnection.<init>(PgConnection.java:277)
	at org.postgresql.Driver.makeConnection(Driver.java:448)
	at org.postgresql.Driver.connect(Driver.java:298)
	at com.zaxxer.hikari.util.DriverDataSource.getConnection(DriverDataSource.java:144)
	at com.zaxxer.hikari.pool.PoolBase.newConnection(PoolBase.java:370)
	at com.zaxxer.hikari.pool.PoolBase.newPoolEntry(PoolBase.java:207)
	at com.zaxxer.hikari.pool.HikariPool.createPoolEntry(HikariPool.java:488)
	at com.zaxxer.hikari.pool.HikariPool$PoolEntryCreator.call(HikariPool.java:752)
	at com.zaxxer.hikari.pool.HikariPool$PoolEntryCreator.call(HikariPool.java:731)
	at java.base/java.util.concurrent.FutureTask.run(FutureTask.java:264)
	at java.base/java.util.concurrent.ThreadPoolExecutor.runWorker(ThreadPoolExecutor.java:1136)
	at java.base/java.util.concurrent.ThreadPoolExecutor$Worker.run(ThreadPoolExecutor.java:635)
	at java.base/java.lang.Thread.run(Thread.java:833)
Caused by: java.net.ConnectException: Connection refused: no further information
	at java.base/sun.nio.ch.Net.pollConnect(Native Method)
	at java.base/sun.nio.ch.Net.pollConnectNow(Net.java:672)
	at java.base/sun.nio.ch.NioSocketImpl.timedFinishConnect(NioSocketImpl.java:542)
	at java.base/sun.nio.ch.NioSocketImpl.connect(NioSocketImpl.java:597)
	at java.base/java.net.SocksSocketImpl.connect(SocksSocketImpl.java:327)
	at java.base/java.net.Socket.connect(Socket.java:633)
	at org.postgresql.core.PGStream.createSocket(PGStream.java:261)
	at org.postgresql.core.PGStream.<init>(PGStream.java:122)
	at org.postgresql.core.v3.ConnectionFactoryImpl.tryConnect(ConnectionFactoryImpl.java:146)
	at org.postgresql.core.v3.ConnectionFactoryImpl.openConnectionImpl(ConnectionFactoryImpl.java:289)
	... 14 common frames omitted
2025-10-07 15:01:43,482 WARN  PoolBase [PoolBase.java:388] HikariPool-1 - Pool is empty, failed to create/setup connection (fc47f7ea-0607-465a-9406-e905414fbf21)
org.postgresql.util.PSQLException: Подсоединение по адресу localhost:5432 отклонено. Проверьте что хост и порт указаны правильно и что postmaster принимает TCP/IP-подсоединения.
	at org.postgresql.core.v3.ConnectionFactoryImpl.openConnectionImpl(ConnectionFactoryImpl.java:373)
	at org.postgresql.core.ConnectionFactory.openConnection(ConnectionFactory.java:57)
	at org.postgresql.jdbc.PgConnection.<init>(PgConnection.java:277)
	at org.postgresql.Driver.makeConnection(Driver.java:448)
	at org.postgresql.Driver.connect(Driver.java:298)
	at com.zaxxer.hikari.util.DriverDataSource.getConnection(DriverDataSource.java:144)
	at com.zaxxer.hikari.pool.PoolBase.newConnection(PoolBase.java:370)
	at com.zaxxer.hikari.pool.PoolBase.newPoolEntry(PoolBase.java:207)
	at com.zaxxer.hikari.pool.HikariPool.createPoolEntry(HikariPool.java:488)
	at com.zaxxer.hikari.pool.HikariPool$PoolEntryCreator.call(HikariPool.java:752)
	at com.zaxxer.hikari.pool.HikariPool$PoolEntryCreator.call(HikariPool.java:731)
	at java.base/java.util.concurrent.FutureTask.run(FutureTask.java:264)
	at java.base/java.util.concurrent.ThreadPoolExecutor.runWorker(ThreadPoolExecutor.java:1136)
	at java.base/java.util.concurrent.ThreadPoolExecutor$Worker.run(ThreadPoolExecutor.java:635)
	at java.base/java.lang.Thread.run(Thread.java:833)
Caused by: java.net.ConnectException: Connection refused: no further information
	at java.base/sun.nio.ch.Net.pollConnect(Native Method)
	at java.base/sun.nio.ch.Net.pollConnectNow(Net.java:672)
	at java.base/sun.nio.ch.NioSocketImpl.timedFinishConnect(NioSocketImpl.java:542)
	at java.base/sun.nio.ch.NioSocketImpl.connect(NioSocketImpl.java:597)
	at java.base/java.net.SocksSocketImpl.connect(SocksSocketImpl.java:327)
	at java.base/java.net.Socket.connect(Socket.java:633)
	at org.postgresql.core.PGStream.createSocket(PGStream.java:261)
	at org.postgresql.core.PGStream.<init>(PGStream.java:122)
	at org.postgresql.core.v3.ConnectionFactoryImpl.tryConnect(ConnectionFactoryImpl.java:146)
	at org.postgresql.core.v3.ConnectionFactoryImpl.openConnectionImpl(ConnectionFactoryImpl.java:289)
	... 14 common frames omitted
2025-10-07 15:02:43,823 INFO  GracefulShutdown [GracefulShutdown.java:54] Commencing graceful shutdown. Waiting for active requests to complete
2025-10-07 15:02:43,856 INFO  GracefulShutdown [GracefulShutdown.java:76] Graceful shutdown complete
2025-10-07 15:02:43,860 INFO  LocalContainerEntityManagerFactoryBean [AbstractEntityManagerFactoryBean.java:660] Closing JPA EntityManagerFactory for persistence unit 'default'
2025-10-07 15:02:43,863 INFO  HikariDataSource [HikariDataSource.java:349] HikariPool-1 - Shutdown initiated...
2025-10-07 15:02:48,672 INFO  HikariDataSource [HikariDataSource.java:351] HikariPool-1 - Shutdown completed.
2025-10-09 16:25:25,002 INFO  AnnotationConfigContextLoaderUtils [AnnotationConfigContextLoaderUtils.java:83] Could not detect default configuration classes for test class [com.example.logistics.LogisticsApplicationTests]: LogisticsApplicationTests does not declare any static, non-private, non-final, nested classes annotated with @Configuration.
2025-10-09 16:25:25,111 INFO  SpringBootTestContextBootstrapper [SpringBootTestContextBootstrapper.java:234] Found @SpringBootConfiguration com.example.logistics.LogisticsApplication for test class com.example.logistics.LogisticsApplicationTests
2025-10-09 16:25:25,443 INFO  Version [Version.java:21] HV000001: Hibernate Validator 8.0.3.Final
2025-10-09 16:25:25,477 INFO  LogisticsApplicationTests [StartupInfoLogger.java:53] Starting LogisticsApplicationTests using Java 17.0.5 with PID 21708 (started by 1 in C:\Users\1\Desktop\LOGISTICS\logistics)
2025-10-09 16:25:25,478 INFO  LogisticsApplicationTests [SpringApplication.java:652] No active profile set, falling back to 1 default profile: "default"
2025-10-09 16:25:26,101 INFO  RepositoryConfigurationDelegate [RepositoryConfigurationDelegate.java:145] Bootstrapping Spring Data JPA repositories in DEFAULT mode.
2025-10-09 16:25:26,171 INFO  RepositoryConfigurationDelegate [RepositoryConfigurationDelegate.java:213] Finished Spring Data repository scanning in 56 ms. Found 7 JPA repository interfaces.
2025-10-09 16:25:26,673 INFO  HikariDataSource [HikariDataSource.java:109] HikariPool-1 - Starting...
2025-10-09 16:25:27,853 WARN  GenericWebApplicationContext [AbstractApplicationContext.java:635] Exception encountered during context initialization - cancelling refresh attempt: org.springframework.beans.factory.BeanCreationException: Error creating bean with name 'entityManagerFactory' defined in class path resource [org/springframework/boot/autoconfigure/orm/jpa/HibernateJpaConfiguration.class]: Failed to initialize dependency 'liquibase' of LoadTimeWeaverAware bean 'entityManagerFactory': Error creating bean with name 'liquibase' defined in class path resource [org/springframework/boot/autoconfigure/liquibase/LiquibaseAutoConfiguration$LiquibaseConfiguration.class]: org.postgresql.util.PSQLException: FATAL: password authentication failed for user "postgres"
2025-10-09 16:25:27,875 INFO  ConditionEvaluationReportLogger [ConditionEvaluationReportLogger.java:82] 

Error starting ApplicationContext. To display the condition evaluation report re-run your application with 'debug' enabled.
2025-10-09 16:25:27,897 ERROR SpringApplication [SpringApplication.java:857] Application run failed
org.springframework.beans.factory.BeanCreationException: Error creating bean with name 'entityManagerFactory' defined in class path resource [org/springframework/boot/autoconfigure/orm/jpa/HibernateJpaConfiguration.class]: Failed to initialize dependency 'liquibase' of LoadTimeWeaverAware bean 'entityManagerFactory': Error creating bean with name 'liquibase' defined in class path resource [org/springframework/boot/autoconfigure/liquibase/LiquibaseAutoConfiguration$LiquibaseConfiguration.class]: org.postgresql.util.PSQLException: FATAL: password authentication failed for user "postgres"
	at org.springframework.beans.factory.support.AbstractBeanFactory.doGetBean(AbstractBeanFactory.java:328)
	at org.springframework.beans.factory.support.AbstractBeanFactory.getBean(AbstractBeanFactory.java:207)
	at org.springframework.context.support.AbstractApplicationContext.finishBeanFactoryInitialization(AbstractApplicationContext.java:970)
	at org.springframework.context.support.AbstractApplicationContext.refresh(AbstractApplicationContext.java:627)
	at org.springframework.boot.SpringApplication.refresh(SpringApplication.java:752)
	at org.springframework.boot.SpringApplication.refreshContext(SpringApplication.java:439)
	at org.springframework.boot.SpringApplication.run(SpringApplication.java:318)
	at org.springframework.boot.test.context.SpringBootContextLoader.lambda$loadContext$3(SpringBootContextLoader.java:144)
	at org.springframework.util.function.ThrowingSupplier.get(ThrowingSupplier.java:58)
	at org.springframework.util.function.ThrowingSupplier.get(ThrowingSupplier.java:46)
	at org.springframework.boot.SpringApplication.withHook(SpringApplication.java:1461)
	at org.springframework.boot.test.context.SpringBootContextLoader$ContextLoaderHook.run(SpringBootContextLoader.java:563)
	at org.springframework.boot.test.context.SpringBootContextLoader.loadContext(SpringBootContextLoader.java:144)
	at org.springframework.boot.test.context.SpringBootContextLoader.loadContext(SpringBootContextLoader.java:110)
	at org.springframework.test.context.cache.DefaultCacheAwareContextLoaderDelegate.loadContextInternal(DefaultCacheAwareContextLoaderDelegate.java:225)
	at org.springframework.test.context.cache.DefaultCacheAwareContextLoaderDelegate.loadContext(DefaultCacheAwareContextLoaderDelegate.java:152)
	at org.springframework.test.context.support.DefaultTestContext.getApplicationContext(DefaultTestContext.java:130)
	at org.springframework.test.context.web.ServletTestExecutionListener.setUpRequestContextIfNecessary(ServletTestExecutionListener.java:200)
	at org.springframework.test.context.web.ServletTestExecutionListener.prepareTestInstance(ServletTestExecutionListener.java:139)
	at org.springframework.test.context.TestContextManager.prepareTestInstance(TestContextManager.java:260)
	at org.springframework.test.context.junit.jupiter.SpringExtension.postProcessTestInstance(SpringExtension.java:159)
	at org.junit.jupiter.engine.descriptor.ClassBasedTestDescriptor.lambda$invokeTestInstancePostProcessors$10(ClassBasedTestDescriptor.java:383)
	at org.junit.jupiter.engine.descriptor.ClassBasedTestDescriptor.executeAndMaskThrowable(ClassBasedTestDescriptor.java:388)
	at org.junit.jupiter.engine.descriptor.ClassBasedTestDescriptor.lambda$invokeTestInstancePostProcessors$11(ClassBasedTestDescriptor.java:382)
	at java.base/java.util.stream.ForEachOps$ForEachOp$OfRef.accept(ForEachOps.java:183)
	at java.base/java.util.stream.ReferencePipeline$3$1.accept(ReferencePipeline.java:197)
	at java.base/java.util.stream.ReferencePipeline$2$1.accept(ReferencePipeline.java:179)
	at java.base/java.util.stream.ReferencePipeline$3$1.accept(ReferencePipeline.java:197)
	at java.base/java.util.ArrayList$ArrayListSpliterator.forEachRemaining(ArrayList.java:1625)
	at java.base/java.util.stream.AbstractPipeline.copyInto(AbstractPipeline.java:509)
	at java.base/java.util.stream.AbstractPipeline.wrapAndCopyInto(AbstractPipeline.java:499)
	at java.base/java.util.stream.ForEachOps$ForEachOp.evaluateSequential(ForEachOps.java:150)
	at java.base/java.util.stream.ForEachOps$ForEachOp$OfRef.evaluateSequential(ForEachOps.java:173)
	at java.base/java.util.stream.AbstractPipeline.evaluate(AbstractPipeline.java:234)
	at java.base/java.util.stream.ReferencePipeline.forEach(ReferencePipeline.java:596)
	at org.junit.jupiter.engine.descriptor.ClassBasedTestDescriptor.invokeTestInstancePostProcessors(ClassBasedTestDescriptor.java:382)
	at org.junit.jupiter.engine.descriptor.ClassBasedTestDescriptor.lambda$instantiateAndPostProcessTestInstance$6(ClassBasedTestDescriptor.java:293)
	at org.junit.platform.engine.support.hierarchical.ThrowableCollector.execute(ThrowableCollector.java:73)
	at org.junit.jupiter.engine.descriptor.ClassBasedTestDescriptor.instantiateAndPostProcessTestInstance(ClassBasedTestDescriptor.java:292)
	at org.junit.jupiter.engine.descriptor.ClassBasedTestDescriptor.lambda$testInstancesProvider$4(ClassBasedTestDescriptor.java:281)
	at java.base/java.util.Optional.orElseGet(Optional.java:364)
	at org.junit.jupiter.engine.descriptor.ClassBasedTestDescriptor.lambda$testInstancesProvider$5(ClassBasedTestDescriptor.java:280)
	at org.junit.jupiter.engine.execution.TestInstancesProvider.getTestInstances(TestInstancesProvider.java:27)
	at org.junit.jupiter.engine.descriptor.TestMethodTestDescriptor.lambda$prepare$0(TestMethodTestDescriptor.java:112)
	at org.junit.platform.engine.support.hierarchical.ThrowableCollector.execute(ThrowableCollector.java:73)
	at org.junit.jupiter.engine.descriptor.TestMethodTestDescriptor.prepare(TestMethodTestDescriptor.java:111)
	at org.junit.jupiter.engine.descriptor.TestMethodTestDescriptor.prepare(TestMethodTestDescriptor.java:69)
	at org.junit.platform.engine.support.hierarchical.NodeTestTask.lambda$prepare$2(NodeTestTask.java:128)
	at org.junit.platform.engine.support.hierarchical.ThrowableCollector.execute(ThrowableCollector.java:73)
	at org.junit.platform.engine.support.hierarchical.NodeTestTask.prepare(NodeTestTask.java:128)
	at org.junit.platform.engine.support.hierarchical.NodeTestTask.execute(NodeTestTask.java:95)
	at java.base/java.util.ArrayList.forEach(ArrayList.java:1511)
	at org.junit.platform.engine.support.hierarchical.SameThreadHierarchicalTestExecutorService.invokeAll(SameThreadHierarchicalTestExecutorService.java:41)
	at org.junit.platform.engine.support.hierarchical.NodeTestTask.lambda$executeRecursively$6(NodeTestTask.java:160)
	at org.junit.platform.engine.support.hierarchical.ThrowableCollector.execute(ThrowableCollector.java:73)
	at org.junit.platform.engine.support.hierarchical.NodeTestTask.lambda$executeRecursively$8(NodeTestTask.java:146)
	at org.junit.platform.engine.support.hierarchical.Node.around(Node.java:137)
	at org.junit.platform.engine.support.hierarchical.NodeTestTask.lambda$executeRecursively$9(NodeTestTask.java:144)
	at org.junit.platform.engine.support.hierarchical.ThrowableCollector.execute(ThrowableCollector.java:73)
	at org.junit.platform.engine.support.hierarchical.NodeTestTask.executeRecursively(NodeTestTask.java:143)
	at org.junit.platform.engine.support.hierarchical.NodeTestTask.execute(NodeTestTask.java:100)
	at java.base/java.util.ArrayList.forEach(ArrayList.java:1511)
	at org.junit.platform.engine.support.hierarchical.SameThreadHierarchicalTestExecutorService.invokeAll(SameThreadHierarchicalTestExecutorService.java:41)
	at org.junit.platform.engine.support.hierarchical.NodeTestTask.lambda$executeRecursively$6(NodeTestTask.java:160)
	at org.junit.platform.engine.support.hierarchical.ThrowableCollector.execute(ThrowableCollector.java:73)
	at org.junit.platform.engine.support.hierarchical.NodeTestTask.lambda$executeRecursively$8(NodeTestTask.java:146)
	at org.junit.platform.engine.support.hierarchical.Node.around(Node.java:137)
	at org.junit.platform.engine.support.hierarchical.NodeTestTask.lambda$executeRecursively$9(NodeTestTask.java:144)
	at org.junit.platform.engine.support.hierarchical.ThrowableCollector.execute(ThrowableCollector.java:73)
	at org.junit.platform.engine.support.hierarchical.NodeTestTask.executeRecursively(NodeTestTask.java:143)
	at org.junit.platform.engine.support.hierarchical.NodeTestTask.execute(NodeTestTask.java:100)
	at org.junit.platform.engine.support.hierarchical.SameThreadHierarchicalTestExecutorService.submit(SameThreadHierarchicalTestExecutorService.java:35)
	at org.junit.platform.engine.support.hierarchical.HierarchicalTestExecutor.execute(HierarchicalTestExecutor.java:57)
	at org.junit.platform.engine.support.hierarchical.HierarchicalTestEngine.execute(HierarchicalTestEngine.java:54)
	at org.junit.platform.launcher.core.EngineExecutionOrchestrator.execute(EngineExecutionOrchestrator.java:201)
	at org.junit.platform.launcher.core.EngineExecutionOrchestrator.execute(EngineExecutionOrchestrator.java:170)
	at org.junit.platform.launcher.core.EngineExecutionOrchestrator.execute(EngineExecutionOrchestrator.java:94)
	at org.junit.platform.launcher.core.EngineExecutionOrchestrator.lambda$execute$0(EngineExecutionOrchestrator.java:59)
	at org.junit.platform.launcher.core.EngineExecutionOrchestrator.withInterceptedStreams(EngineExecutionOrchestrator.java:142)
	at org.junit.platform.launcher.core.EngineExecutionOrchestrator.execute(EngineExecutionOrchestrator.java:58)
	at org.junit.platform.launcher.core.DefaultLauncher.execute(DefaultLauncher.java:103)
	at org.junit.platform.launcher.core.DefaultLauncher.execute(DefaultLauncher.java:85)
	at org.junit.platform.launcher.core.DelegatingLauncher.execute(DelegatingLauncher.java:47)
	at org.junit.platform.launcher.core.InterceptingLauncher.lambda$execute$1(InterceptingLauncher.java:39)
	at org.junit.platform.launcher.core.ClasspathAlignmentCheckingLauncherInterceptor.intercept(ClasspathAlignmentCheckingLauncherInterceptor.java:25)
	at org.junit.platform.launcher.core.InterceptingLauncher.execute(InterceptingLauncher.java:38)
	at org.junit.platform.launcher.core.DelegatingLauncher.execute(DelegatingLauncher.java:47)
	at org.apache.maven.surefire.junitplatform.LauncherAdapter.executeWithoutCancellationToken(LauncherAdapter.java:60)
	at org.apache.maven.surefire.junitplatform.LauncherAdapter.execute(LauncherAdapter.java:52)
	at org.apache.maven.surefire.junitplatform.JUnitPlatformProvider.execute(JUnitPlatformProvider.java:203)
	at org.apache.maven.surefire.junitplatform.JUnitPlatformProvider.invokeAllTests(JUnitPlatformProvider.java:168)
	at org.apache.maven.surefire.junitplatform.JUnitPlatformProvider.invoke(JUnitPlatformProvider.java:136)
	at org.apache.maven.surefire.booter.ForkedBooter.runSuitesInProcess(ForkedBooter.java:385)
	at org.apache.maven.surefire.booter.ForkedBooter.execute(ForkedBooter.java:162)
	at org.apache.maven.surefire.booter.ForkedBooter.run(ForkedBooter.java:507)
	at org.apache.maven.surefire.booter.ForkedBooter.main(ForkedBooter.java:495)
Caused by: org.springframework.beans.factory.BeanCreationException: Error creating bean with name 'liquibase' defined in class path resource [org/springframework/boot/autoconfigure/liquibase/LiquibaseAutoConfiguration$LiquibaseConfiguration.class]: org.postgresql.util.PSQLException: FATAL: password authentication failed for user "postgres"
	at org.springframework.beans.factory.support.AbstractAutowireCapableBeanFactory.initializeBean(AbstractAutowireCapableBeanFactory.java:1826)
	at org.springframework.beans.factory.support.AbstractAutowireCapableBeanFactory.doCreateBean(AbstractAutowireCapableBeanFactory.java:607)
	at org.springframework.beans.factory.support.AbstractAutowireCapableBeanFactory.createBean(AbstractAutowireCapableBeanFactory.java:529)
	at org.springframework.beans.factory.support.AbstractBeanFactory.lambda$doGetBean$0(AbstractBeanFactory.java:339)
	at org.springframework.beans.factory.support.DefaultSingletonBeanRegistry.getSingleton(DefaultSingletonBeanRegistry.java:373)
	at org.springframework.beans.factory.support.AbstractBeanFactory.doGetBean(AbstractBeanFactory.java:337)
	at org.springframework.beans.factory.support.AbstractBeanFactory.getBean(AbstractBeanFactory.java:202)
	at org.springframework.beans.factory.support.AbstractBeanFactory.doGetBean(AbstractBeanFactory.java:315)
	... 95 common frames omitted
Caused by: liquibase.exception.DatabaseException: org.postgresql.util.PSQLException: FATAL: password authentication failed for user "postgres"
	at liquibase.integration.spring.SpringLiquibase.afterPropertiesSet(SpringLiquibase.java:286)
	at org.springframework.beans.factory.support.AbstractAutowireCapableBeanFactory.invokeInitMethods(AbstractAutowireCapableBeanFactory.java:1873)
	at org.springframework.beans.factory.support.AbstractAutowireCapableBeanFactory.initializeBean(AbstractAutowireCapableBeanFactory.java:1822)
	... 102 common frames omitted
Caused by: org.postgresql.util.PSQLException: FATAL: password authentication failed for user "postgres"
	at org.postgresql.core.v3.ConnectionFactoryImpl.doAuthentication(ConnectionFactoryImpl.java:777)
	at org.postgresql.core.v3.ConnectionFactoryImpl.tryConnect(ConnectionFactoryImpl.java:234)
	at org.postgresql.core.v3.ConnectionFactoryImpl.openConnectionImpl(ConnectionFactoryImpl.java:289)
	at org.postgresql.core.ConnectionFactory.openConnection(ConnectionFactory.java:57)
	at org.postgresql.jdbc.PgConnection.<init>(PgConnection.java:277)
	at org.postgresql.Driver.makeConnection(Driver.java:448)
	at org.postgresql.Driver.connect(Driver.java:298)
	at com.zaxxer.hikari.util.DriverDataSource.getConnection(DriverDataSource.java:144)
	at com.zaxxer.hikari.pool.PoolBase.newConnection(PoolBase.java:370)
	at com.zaxxer.hikari.pool.PoolBase.newPoolEntry(PoolBase.java:207)
	at com.zaxxer.hikari.pool.HikariPool.createPoolEntry(HikariPool.java:488)
	at com.zaxxer.hikari.pool.HikariPool.checkFailFast(HikariPool.java:576)
	at com.zaxxer.hikari.pool.HikariPool.<init>(HikariPool.java:97)
	at com.zaxxer.hikari.HikariDataSource.getConnection(HikariDataSource.java:111)
	at liquibase.integration.spring.SpringLiquibase.afterPropertiesSet(SpringLiquibase.java:281)
	... 104 common frames omitted
2025-10-09 16:25:27,902 WARN  TestContextManager [TestContextManager.java:272] Caught exception while allowing TestExecutionListener [org.springframework.test.context.web.ServletTestExecutionListener] to prepare test instance [com.example.logistics.LogisticsApplicationTests@538a2f0e]
java.lang.IllegalStateException: Failed to load ApplicationContext for [WebMergedContextConfiguration@6222391a testClass = com.example.logistics.LogisticsApplicationTests, locations = [], classes = [com.example.logistics.LogisticsApplication], contextInitializerClasses = [], activeProfiles = [], propertySourceDescriptors = [], propertySourceProperties = ["org.springframework.boot.test.context.SpringBootTestContextBootstrapper=true"], contextCustomizers = [org.springframework.boot.test.context.filter.ExcludeFilterContextCustomizer@4b41e4dd, org.springframework.boot.test.json.DuplicateJsonObjectContextCustomizerFactory$DuplicateJsonObjectContextCustomizer@1f6c9cd8, org.springframework.boot.test.mock.mockito.MockitoContextCustomizer@0, org.springframework.boot.test.web.client.TestRestTemplateContextCustomizer@59252cb6, org.springframework.boot.test.web.reactor.netty.DisableReactorResourceFactoryGlobalResourcesContextCustomizerFactory$DisableReactorResourceFactoryGlobalResourcesContextCustomizerCustomizer@613a8ee1, org.springframework.boot.test.autoconfigure.OnFailureConditionReportContextCustomizerFactory$OnFailureConditionReportContextCustomizer@1b765a2c, org.springframework.boot.test.autoconfigure.actuate.observability.ObservabilityContextCustomizerFactory$DisableObservabilityContextCustomizer@1f, org.springframework.boot.test.autoconfigure.properties.PropertyMappingContextCustomizer@0, org.springframework.boot.test.autoconfigure.web.servlet.WebDriverContextCustomizer@2f17e30d, org.springframework.test.context.support.DynamicPropertiesContextCustomizer@0, org.springframework.boot.test.context.SpringBootTestAnnotation@28000246], resourceBasePath = "src/main/webapp", contextLoader = org.springframework.boot.test.context.SpringBootContextLoader, parent = null]
	at org.springframework.test.context.cache.DefaultCacheAwareContextLoaderDelegate.loadContext(DefaultCacheAwareContextLoaderDelegate.java:180)
	at org.springframework.test.context.support.DefaultTestContext.getApplicationContext(DefaultTestContext.java:130)
	at org.springframework.test.context.web.ServletTestExecutionListener.setUpRequestContextIfNecessary(ServletTestExecutionListener.java:200)
	at org.springframework.test.context.web.ServletTestExecutionListener.prepareTestInstance(ServletTestExecutionListener.java:139)
	at org.springframework.test.context.TestContextManager.prepareTestInstance(TestContextManager.java:260)
	at org.springframework.test.context.junit.jupiter.SpringExtension.postProcessTestInstance(SpringExtension.java:159)
	at org.junit.jupiter.engine.descriptor.ClassBasedTestDescriptor.lambda$invokeTestInstancePostProcessors$10(ClassBasedTestDescriptor.java:383)
	at org.junit.jupiter.engine.descriptor.ClassBasedTestDescriptor.executeAndMaskThrowable(ClassBasedTestDescriptor.java:388)
	at org.junit.jupiter.engine.descriptor.ClassBasedTestDescriptor.lambda$invokeTestInstancePostProcessors$11(ClassBasedTestDescriptor.java:382)
	at java.base/java.util.stream.ForEachOps$ForEachOp$OfRef.accept(ForEachOps.java:183)
	at java.base/java.util.stream.ReferencePipeline$3$1.accept(ReferencePipeline.java:197)
	at java.base/java.util.stream.ReferencePipeline$2$1.accept(ReferencePipeline.java:179)
	at java.base/java.util.stream.ReferencePipeline$3$1.accept(ReferencePipeline.java:197)
	at java.base/java.util.ArrayList$ArrayListSpliterator.forEachRemaining(ArrayList.java:1625)
	at java.base/java.util.stream.AbstractPipeline.copyInto(AbstractPipeline.java:509)
	at java.base/java.util.stream.AbstractPipeline.wrapAndCopyInto(AbstractPipeline.java:499)
	at java.base/java.util.stream.ForEachOps$ForEachOp.evaluateSequential(ForEachOps.java:150)
	at java.base/java.util.stream.ForEachOps$ForEachOp$OfRef.evaluateSequential(ForEachOps.java:173)
	at java.base/java.util.stream.AbstractPipeline.evaluate(AbstractPipeline.java:234)
	at java.base/java.util.stream.ReferencePipeline.forEach(ReferencePipeline.java:596)
	at org.junit.jupiter.engine.descriptor.ClassBasedTestDescriptor.invokeTestInstancePostProcessors(ClassBasedTestDescriptor.java:382)
	at org.junit.jupiter.engine.descriptor.ClassBasedTestDescriptor.lambda$instantiateAndPostProcessTestInstance$6(ClassBasedTestDescriptor.java:293)
	at org.junit.platform.engine.support.hierarchical.ThrowableCollector.execute(ThrowableCollector.java:73)
	at org.junit.jupiter.engine.descriptor.ClassBasedTestDescriptor.instantiateAndPostProcessTestInstance(ClassBasedTestDescriptor.java:292)
	at org.junit.jupiter.engine.descriptor.ClassBasedTestDescriptor.lambda$testInstancesProvider$4(ClassBasedTestDescriptor.java:281)
	at java.base/java.util.Optional.orElseGet(Optional.java:364)
	at org.junit.jupiter.engine.descriptor.ClassBasedTestDescriptor.lambda$testInstancesProvider$5(ClassBasedTestDescriptor.java:280)
	at org.junit.jupiter.engine.execution.TestInstancesProvider.getTestInstances(TestInstancesProvider.java:27)
	at org.junit.jupiter.engine.descriptor.TestMethodTestDescriptor.lambda$prepare$0(TestMethodTestDescriptor.java:112)
	at org.junit.platform.engine.support.hierarchical.ThrowableCollector.execute(ThrowableCollector.java:73)
	at org.junit.jupiter.engine.descriptor.TestMethodTestDescriptor.prepare(TestMethodTestDescriptor.java:111)
	at org.junit.jupiter.engine.descriptor.TestMethodTestDescriptor.prepare(TestMethodTestDescriptor.java:69)
	at org.junit.platform.engine.support.hierarchical.NodeTestTask.lambda$prepare$2(NodeTestTask.java:128)
	at org.junit.platform.engine.support.hierarchical.ThrowableCollector.execute(ThrowableCollector.java:73)
	at org.junit.platform.engine.support.hierarchical.NodeTestTask.prepare(NodeTestTask.java:128)
	at org.junit.platform.engine.support.hierarchical.NodeTestTask.execute(NodeTestTask.java:95)
	at java.base/java.util.ArrayList.forEach(ArrayList.java:1511)
	at org.junit.platform.engine.support.hierarchical.SameThreadHierarchicalTestExecutorService.invokeAll(SameThreadHierarchicalTestExecutorService.java:41)
	at org.junit.platform.engine.support.hierarchical.NodeTestTask.lambda$executeRecursively$6(NodeTestTask.java:160)
	at org.junit.platform.engine.support.hierarchical.ThrowableCollector.execute(ThrowableCollector.java:73)
	at org.junit.platform.engine.support.hierarchical.NodeTestTask.lambda$executeRecursively$8(NodeTestTask.java:146)
	at org.junit.platform.engine.support.hierarchical.Node.around(Node.java:137)
	at org.junit.platform.engine.support.hierarchical.NodeTestTask.lambda$executeRecursively$9(NodeTestTask.java:144)
	at org.junit.platform.engine.support.hierarchical.ThrowableCollector.execute(ThrowableCollector.java:73)
	at org.junit.platform.engine.support.hierarchical.NodeTestTask.executeRecursively(NodeTestTask.java:143)
	at org.junit.platform.engine.support.hierarchical.NodeTestTask.execute(NodeTestTask.java:100)
	at java.base/java.util.ArrayList.forEach(ArrayList.java:1511)
	at org.junit.platform.engine.support.hierarchical.SameThreadHierarchicalTestExecutorService.invokeAll(SameThreadHierarchicalTestExecutorService.java:41)
	at org.junit.platform.engine.support.hierarchical.NodeTestTask.lambda$executeRecursively$6(NodeTestTask.java:160)
	at org.junit.platform.engine.support.hierarchical.ThrowableCollector.execute(ThrowableCollector.java:73)
	at org.junit.platform.engine.support.hierarchical.NodeTestTask.lambda$executeRecursively$8(NodeTestTask.java:146)
	at org.junit.platform.engine.support.hierarchical.Node.around(Node.java:137)
	at org.junit.platform.engine.support.hierarchical.NodeTestTask.lambda$executeRecursively$9(NodeTestTask.java:144)
	at org.junit.platform.engine.support.hierarchical.ThrowableCollector.execute(ThrowableCollector.java:73)
	at org.junit.platform.engine.support.hierarchical.NodeTestTask.executeRecursively(NodeTestTask.java:143)
	at org.junit.platform.engine.support.hierarchical.NodeTestTask.execute(NodeTestTask.java:100)
	at org.junit.platform.engine.support.hierarchical.SameThreadHierarchicalTestExecutorService.submit(SameThreadHierarchicalTestExecutorService.java:35)
	at org.junit.platform.engine.support.hierarchical.HierarchicalTestExecutor.execute(HierarchicalTestExecutor.java:57)
	at org.junit.platform.engine.support.hierarchical.HierarchicalTestEngine.execute(HierarchicalTestEngine.java:54)
	at org.junit.platform.launcher.core.EngineExecutionOrchestrator.execute(EngineExecutionOrchestrator.java:201)
	at org.junit.platform.launcher.core.EngineExecutionOrchestrator.execute(EngineExecutionOrchestrator.java:170)
	at org.junit.platform.launcher.core.EngineExecutionOrchestrator.execute(EngineExecutionOrchestrator.java:94)
	at org.junit.platform.launcher.core.EngineExecutionOrchestrator.lambda$execute$0(EngineExecutionOrchestrator.java:59)
	at org.junit.platform.launcher.core.EngineExecutionOrchestrator.withInterceptedStreams(EngineExecutionOrchestrator.java:142)
	at org.junit.platform.launcher.core.EngineExecutionOrchestrator.execute(EngineExecutionOrchestrator.java:58)
	at org.junit.platform.launcher.core.DefaultLauncher.execute(DefaultLauncher.java:103)
	at org.junit.platform.launcher.core.DefaultLauncher.execute(DefaultLauncher.java:85)
	at org.junit.platform.launcher.core.DelegatingLauncher.execute(DelegatingLauncher.java:47)
	at org.junit.platform.launcher.core.InterceptingLauncher.lambda$execute$1(InterceptingLauncher.java:39)
	at org.junit.platform.launcher.core.ClasspathAlignmentCheckingLauncherInterceptor.intercept(ClasspathAlignmentCheckingLauncherInterceptor.java:25)
	at org.junit.platform.launcher.core.InterceptingLauncher.execute(InterceptingLauncher.java:38)
	at org.junit.platform.launcher.core.DelegatingLauncher.execute(DelegatingLauncher.java:47)
	at org.apache.maven.surefire.junitplatform.LauncherAdapter.executeWithoutCancellationToken(LauncherAdapter.java:60)
	at org.apache.maven.surefire.junitplatform.LauncherAdapter.execute(LauncherAdapter.java:52)
	at org.apache.maven.surefire.junitplatform.JUnitPlatformProvider.execute(JUnitPlatformProvider.java:203)
	at org.apache.maven.surefire.junitplatform.JUnitPlatformProvider.invokeAllTests(JUnitPlatformProvider.java:168)
	at org.apache.maven.surefire.junitplatform.JUnitPlatformProvider.invoke(JUnitPlatformProvider.java:136)
	at org.apache.maven.surefire.booter.ForkedBooter.runSuitesInProcess(ForkedBooter.java:385)
	at org.apache.maven.surefire.booter.ForkedBooter.execute(ForkedBooter.java:162)
	at org.apache.maven.surefire.booter.ForkedBooter.run(ForkedBooter.java:507)
	at org.apache.maven.surefire.booter.ForkedBooter.main(ForkedBooter.java:495)
Caused by: org.springframework.beans.factory.BeanCreationException: Error creating bean with name 'entityManagerFactory' defined in class path resource [org/springframework/boot/autoconfigure/orm/jpa/HibernateJpaConfiguration.class]: Failed to initialize dependency 'liquibase' of LoadTimeWeaverAware bean 'entityManagerFactory': Error creating bean with name 'liquibase' defined in class path resource [org/springframework/boot/autoconfigure/liquibase/LiquibaseAutoConfiguration$LiquibaseConfiguration.class]: org.postgresql.util.PSQLException: FATAL: password authentication failed for user "postgres"
	at org.springframework.beans.factory.support.AbstractBeanFactory.doGetBean(AbstractBeanFactory.java:328)
	at org.springframework.beans.factory.support.AbstractBeanFactory.getBean(AbstractBeanFactory.java:207)
	at org.springframework.context.support.AbstractApplicationContext.finishBeanFactoryInitialization(AbstractApplicationContext.java:970)
	at org.springframework.context.support.AbstractApplicationContext.refresh(AbstractApplicationContext.java:627)
	at org.springframework.boot.SpringApplication.refresh(SpringApplication.java:752)
	at org.springframework.boot.SpringApplication.refreshContext(SpringApplication.java:439)
	at org.springframework.boot.SpringApplication.run(SpringApplication.java:318)
	at org.springframework.boot.test.context.SpringBootContextLoader.lambda$loadContext$3(SpringBootContextLoader.java:144)
	at org.springframework.util.function.ThrowingSupplier.get(ThrowingSupplier.java:58)
	at org.springframework.util.function.ThrowingSupplier.get(ThrowingSupplier.java:46)
	at org.springframework.boot.SpringApplication.withHook(SpringApplication.java:1461)
	at org.springframework.boot.test.context.SpringBootContextLoader$ContextLoaderHook.run(SpringBootContextLoader.java:563)
	at org.springframework.boot.test.context.SpringBootContextLoader.loadContext(SpringBootContextLoader.java:144)
	at org.springframework.boot.test.context.SpringBootContextLoader.loadContext(SpringBootContextLoader.java:110)
	at org.springframework.test.context.cache.DefaultCacheAwareContextLoaderDelegate.loadContextInternal(DefaultCacheAwareContextLoaderDelegate.java:225)
	at org.springframework.test.context.cache.DefaultCacheAwareContextLoaderDelegate.loadContext(DefaultCacheAwareContextLoaderDelegate.java:152)
	... 80 common frames omitted
Caused by: org.springframework.beans.factory.BeanCreationException: Error creating bean with name 'liquibase' defined in class path resource [org/springframework/boot/autoconfigure/liquibase/LiquibaseAutoConfiguration$LiquibaseConfiguration.class]: org.postgresql.util.PSQLException: FATAL: password authentication failed for user "postgres"
	at org.springframework.beans.factory.support.AbstractAutowireCapableBeanFactory.initializeBean(AbstractAutowireCapableBeanFactory.java:1826)
	at org.springframework.beans.factory.support.AbstractAutowireCapableBeanFactory.doCreateBean(AbstractAutowireCapableBeanFactory.java:607)
	at org.springframework.beans.factory.support.AbstractAutowireCapableBeanFactory.createBean(AbstractAutowireCapableBeanFactory.java:529)
	at org.springframework.beans.factory.support.AbstractBeanFactory.lambda$doGetBean$0(AbstractBeanFactory.java:339)
	at org.springframework.beans.factory.support.DefaultSingletonBeanRegistry.getSingleton(DefaultSingletonBeanRegistry.java:373)
	at org.springframework.beans.factory.support.AbstractBeanFactory.doGetBean(AbstractBeanFactory.java:337)
	at org.springframework.beans.factory.support.AbstractBeanFactory.getBean(AbstractBeanFactory.java:202)
	at org.springframework.beans.factory.support.AbstractBeanFactory.doGetBean(AbstractBeanFactory.java:315)
	... 95 common frames omitted
Caused by: liquibase.exception.DatabaseException: org.postgresql.util.PSQLException: FATAL: password authentication failed for user "postgres"
	at liquibase.integration.spring.SpringLiquibase.afterPropertiesSet(SpringLiquibase.java:286)
	at org.springframework.beans.factory.support.AbstractAutowireCapableBeanFactory.invokeInitMethods(AbstractAutowireCapableBeanFactory.java:1873)
	at org.springframework.beans.factory.support.AbstractAutowireCapableBeanFactory.initializeBean(AbstractAutowireCapableBeanFactory.java:1822)
	... 102 common frames omitted
Caused by: org.postgresql.util.PSQLException: FATAL: password authentication failed for user "postgres"
	at org.postgresql.core.v3.ConnectionFactoryImpl.doAuthentication(ConnectionFactoryImpl.java:777)
	at org.postgresql.core.v3.ConnectionFactoryImpl.tryConnect(ConnectionFactoryImpl.java:234)
	at org.postgresql.core.v3.ConnectionFactoryImpl.openConnectionImpl(ConnectionFactoryImpl.java:289)
	at org.postgresql.core.ConnectionFactory.openConnection(ConnectionFactory.java:57)
	at org.postgresql.jdbc.PgConnection.<init>(PgConnection.java:277)
	at org.postgresql.Driver.makeConnection(Driver.java:448)
	at org.postgresql.Driver.connect(Driver.java:298)
	at com.zaxxer.hikari.util.DriverDataSource.getConnection(DriverDataSource.java:144)
	at com.zaxxer.hikari.pool.PoolBase.newConnection(PoolBase.java:370)
	at com.zaxxer.hikari.pool.PoolBase.newPoolEntry(PoolBase.java:207)
	at com.zaxxer.hikari.pool.HikariPool.createPoolEntry(HikariPool.java:488)
	at com.zaxxer.hikari.pool.HikariPool.checkFailFast(HikariPool.java:576)
	at com.zaxxer.hikari.pool.HikariPool.<init>(HikariPool.java:97)
	at com.zaxxer.hikari.HikariDataSource.getConnection(HikariDataSource.java:111)
	at liquibase.integration.spring.SpringLiquibase.afterPropertiesSet(SpringLiquibase.java:281)
	... 104 common frames omitted
2025-10-09 16:31:54,626 INFO  AnnotationConfigContextLoaderUtils [AnnotationConfigContextLoaderUtils.java:83] Could not detect default configuration classes for test class [com.example.logistics.LogisticsApplicationTests]: LogisticsApplicationTests does not declare any static, non-private, non-final, nested classes annotated with @Configuration.
2025-10-09 16:31:54,726 INFO  SpringBootTestContextBootstrapper [SpringBootTestContextBootstrapper.java:234] Found @SpringBootConfiguration com.example.logistics.LogisticsApplication for test class com.example.logistics.LogisticsApplicationTests
2025-10-09 16:31:55,029 INFO  Version [Version.java:21] HV000001: Hibernate Validator 8.0.3.Final
2025-10-09 16:31:55,069 INFO  LogisticsApplicationTests [StartupInfoLogger.java:53] Starting LogisticsApplicationTests using Java 17.0.5 with PID 18680 (started by 1 in C:\Users\1\Desktop\LOGISTICS\logistics)
2025-10-09 16:31:55,071 INFO  LogisticsApplicationTests [SpringApplication.java:652] No active profile set, falling back to 1 default profile: "default"
2025-10-09 16:31:55,705 INFO  RepositoryConfigurationDelegate [RepositoryConfigurationDelegate.java:145] Bootstrapping Spring Data JPA repositories in DEFAULT mode.
2025-10-09 16:31:55,773 INFO  RepositoryConfigurationDelegate [RepositoryConfigurationDelegate.java:213] Finished Spring Data repository scanning in 57 ms. Found 7 JPA repository interfaces.
2025-10-09 16:31:56,222 INFO  HikariDataSource [HikariDataSource.java:109] HikariPool-1 - Starting...
2025-10-09 16:31:57,345 WARN  GenericWebApplicationContext [AbstractApplicationContext.java:635] Exception encountered during context initialization - cancelling refresh attempt: org.springframework.beans.factory.BeanCreationException: Error creating bean with name 'entityManagerFactory' defined in class path resource [org/springframework/boot/autoconfigure/orm/jpa/HibernateJpaConfiguration.class]: Failed to initialize dependency 'liquibase' of LoadTimeWeaverAware bean 'entityManagerFactory': Error creating bean with name 'liquibase' defined in class path resource [org/springframework/boot/autoconfigure/liquibase/LiquibaseAutoConfiguration$LiquibaseConfiguration.class]: org.postgresql.util.PSQLException: Подсоединение по адресу localhost:5432 отклонено. Проверьте что хост и порт указаны правильно и что postmaster принимает TCP/IP-подсоединения.
2025-10-09 16:31:57,368 INFO  ConditionEvaluationReportLogger [ConditionEvaluationReportLogger.java:82] 

Error starting ApplicationContext. To display the condition evaluation report re-run your application with 'debug' enabled.
2025-10-09 16:31:57,386 ERROR SpringApplication [SpringApplication.java:857] Application run failed
org.springframework.beans.factory.BeanCreationException: Error creating bean with name 'entityManagerFactory' defined in class path resource [org/springframework/boot/autoconfigure/orm/jpa/HibernateJpaConfiguration.class]: Failed to initialize dependency 'liquibase' of LoadTimeWeaverAware bean 'entityManagerFactory': Error creating bean with name 'liquibase' defined in class path resource [org/springframework/boot/autoconfigure/liquibase/LiquibaseAutoConfiguration$LiquibaseConfiguration.class]: org.postgresql.util.PSQLException: Подсоединение по адресу localhost:5432 отклонено. Проверьте что хост и порт указаны правильно и что postmaster принимает TCP/IP-подсоединения.
	at org.springframework.beans.factory.support.AbstractBeanFactory.doGetBean(AbstractBeanFactory.java:328)
	at org.springframework.beans.factory.support.AbstractBeanFactory.getBean(AbstractBeanFactory.java:207)
	at org.springframework.context.support.AbstractApplicationContext.finishBeanFactoryInitialization(AbstractApplicationContext.java:970)
	at org.springframework.context.support.AbstractApplicationContext.refresh(AbstractApplicationContext.java:627)
	at org.springframework.boot.SpringApplication.refresh(SpringApplication.java:752)
	at org.springframework.boot.SpringApplication.refreshContext(SpringApplication.java:439)
	at org.springframework.boot.SpringApplication.run(SpringApplication.java:318)
	at org.springframework.boot.test.context.SpringBootContextLoader.lambda$loadContext$3(SpringBootContextLoader.java:144)
	at org.springframework.util.function.ThrowingSupplier.get(ThrowingSupplier.java:58)
	at org.springframework.util.function.ThrowingSupplier.get(ThrowingSupplier.java:46)
	at org.springframework.boot.SpringApplication.withHook(SpringApplication.java:1461)
	at org.springframework.boot.test.context.SpringBootContextLoader$ContextLoaderHook.run(SpringBootContextLoader.java:563)
	at org.springframework.boot.test.context.SpringBootContextLoader.loadContext(SpringBootContextLoader.java:144)
	at org.springframework.boot.test.context.SpringBootContextLoader.loadContext(SpringBootContextLoader.java:110)
	at org.springframework.test.context.cache.DefaultCacheAwareContextLoaderDelegate.loadContextInternal(DefaultCacheAwareContextLoaderDelegate.java:225)
	at org.springframework.test.context.cache.DefaultCacheAwareContextLoaderDelegate.loadContext(DefaultCacheAwareContextLoaderDelegate.java:152)
	at org.springframework.test.context.support.DefaultTestContext.getApplicationContext(DefaultTestContext.java:130)
	at org.springframework.test.context.web.ServletTestExecutionListener.setUpRequestContextIfNecessary(ServletTestExecutionListener.java:200)
	at org.springframework.test.context.web.ServletTestExecutionListener.prepareTestInstance(ServletTestExecutionListener.java:139)
	at org.springframework.test.context.TestContextManager.prepareTestInstance(TestContextManager.java:260)
	at org.springframework.test.context.junit.jupiter.SpringExtension.postProcessTestInstance(SpringExtension.java:159)
	at org.junit.jupiter.engine.descriptor.ClassBasedTestDescriptor.lambda$invokeTestInstancePostProcessors$10(ClassBasedTestDescriptor.java:383)
	at org.junit.jupiter.engine.descriptor.ClassBasedTestDescriptor.executeAndMaskThrowable(ClassBasedTestDescriptor.java:388)
	at org.junit.jupiter.engine.descriptor.ClassBasedTestDescriptor.lambda$invokeTestInstancePostProcessors$11(ClassBasedTestDescriptor.java:382)
	at java.base/java.util.stream.ForEachOps$ForEachOp$OfRef.accept(ForEachOps.java:183)
	at java.base/java.util.stream.ReferencePipeline$3$1.accept(ReferencePipeline.java:197)
	at java.base/java.util.stream.ReferencePipeline$2$1.accept(ReferencePipeline.java:179)
	at java.base/java.util.stream.ReferencePipeline$3$1.accept(ReferencePipeline.java:197)
	at java.base/java.util.ArrayList$ArrayListSpliterator.forEachRemaining(ArrayList.java:1625)
	at java.base/java.util.stream.AbstractPipeline.copyInto(AbstractPipeline.java:509)
	at java.base/java.util.stream.AbstractPipeline.wrapAndCopyInto(AbstractPipeline.java:499)
	at java.base/java.util.stream.ForEachOps$ForEachOp.evaluateSequential(ForEachOps.java:150)
	at java.base/java.util.stream.ForEachOps$ForEachOp$OfRef.evaluateSequential(ForEachOps.java:173)
	at java.base/java.util.stream.AbstractPipeline.evaluate(AbstractPipeline.java:234)
	at java.base/java.util.stream.ReferencePipeline.forEach(ReferencePipeline.java:596)
	at org.junit.jupiter.engine.descriptor.ClassBasedTestDescriptor.invokeTestInstancePostProcessors(ClassBasedTestDescriptor.java:382)
	at org.junit.jupiter.engine.descriptor.ClassBasedTestDescriptor.lambda$instantiateAndPostProcessTestInstance$6(ClassBasedTestDescriptor.java:293)
	at org.junit.platform.engine.support.hierarchical.ThrowableCollector.execute(ThrowableCollector.java:73)
	at org.junit.jupiter.engine.descriptor.ClassBasedTestDescriptor.instantiateAndPostProcessTestInstance(ClassBasedTestDescriptor.java:292)
	at org.junit.jupiter.engine.descriptor.ClassBasedTestDescriptor.lambda$testInstancesProvider$4(ClassBasedTestDescriptor.java:281)
	at java.base/java.util.Optional.orElseGet(Optional.java:364)
	at org.junit.jupiter.engine.descriptor.ClassBasedTestDescriptor.lambda$testInstancesProvider$5(ClassBasedTestDescriptor.java:280)
	at org.junit.jupiter.engine.execution.TestInstancesProvider.getTestInstances(TestInstancesProvider.java:27)
	at org.junit.jupiter.engine.descriptor.TestMethodTestDescriptor.lambda$prepare$0(TestMethodTestDescriptor.java:112)
	at org.junit.platform.engine.support.hierarchical.ThrowableCollector.execute(ThrowableCollector.java:73)
	at org.junit.jupiter.engine.descriptor.TestMethodTestDescriptor.prepare(TestMethodTestDescriptor.java:111)
	at org.junit.jupiter.engine.descriptor.TestMethodTestDescriptor.prepare(TestMethodTestDescriptor.java:69)
	at org.junit.platform.engine.support.hierarchical.NodeTestTask.lambda$prepare$2(NodeTestTask.java:128)
	at org.junit.platform.engine.support.hierarchical.ThrowableCollector.execute(ThrowableCollector.java:73)
	at org.junit.platform.engine.support.hierarchical.NodeTestTask.prepare(NodeTestTask.java:128)
	at org.junit.platform.engine.support.hierarchical.NodeTestTask.execute(NodeTestTask.java:95)
	at java.base/java.util.ArrayList.forEach(ArrayList.java:1511)
	at org.junit.platform.engine.support.hierarchical.SameThreadHierarchicalTestExecutorService.invokeAll(SameThreadHierarchicalTestExecutorService.java:41)
	at org.junit.platform.engine.support.hierarchical.NodeTestTask.lambda$executeRecursively$6(NodeTestTask.java:160)
	at org.junit.platform.engine.support.hierarchical.ThrowableCollector.execute(ThrowableCollector.java:73)
	at org.junit.platform.engine.support.hierarchical.NodeTestTask.lambda$executeRecursively$8(NodeTestTask.java:146)
	at org.junit.platform.engine.support.hierarchical.Node.around(Node.java:137)
	at org.junit.platform.engine.support.hierarchical.NodeTestTask.lambda$executeRecursively$9(NodeTestTask.java:144)
	at org.junit.platform.engine.support.hierarchical.ThrowableCollector.execute(ThrowableCollector.java:73)
	at org.junit.platform.engine.support.hierarchical.NodeTestTask.executeRecursively(NodeTestTask.java:143)
	at org.junit.platform.engine.support.hierarchical.NodeTestTask.execute(NodeTestTask.java:100)
	at java.base/java.util.ArrayList.forEach(ArrayList.java:1511)
	at org.junit.platform.engine.support.hierarchical.SameThreadHierarchicalTestExecutorService.invokeAll(SameThreadHierarchicalTestExecutorService.java:41)
	at org.junit.platform.engine.support.hierarchical.NodeTestTask.lambda$executeRecursively$6(NodeTestTask.java:160)
	at org.junit.platform.engine.support.hierarchical.ThrowableCollector.execute(ThrowableCollector.java:73)
	at org.junit.platform.engine.support.hierarchical.NodeTestTask.lambda$executeRecursively$8(NodeTestTask.java:146)
	at org.junit.platform.engine.support.hierarchical.Node.around(Node.java:137)
	at org.junit.platform.engine.support.hierarchical.NodeTestTask.lambda$executeRecursively$9(NodeTestTask.java:144)
	at org.junit.platform.engine.support.hierarchical.ThrowableCollector.execute(ThrowableCollector.java:73)
	at org.junit.platform.engine.support.hierarchical.NodeTestTask.executeRecursively(NodeTestTask.java:143)
	at org.junit.platform.engine.support.hierarchical.NodeTestTask.execute(NodeTestTask.java:100)
	at org.junit.platform.engine.support.hierarchical.SameThreadHierarchicalTestExecutorService.submit(SameThreadHierarchicalTestExecutorService.java:35)
	at org.junit.platform.engine.support.hierarchical.HierarchicalTestExecutor.execute(HierarchicalTestExecutor.java:57)
	at org.junit.platform.engine.support.hierarchical.HierarchicalTestEngine.execute(HierarchicalTestEngine.java:54)
	at org.junit.platform.launcher.core.EngineExecutionOrchestrator.execute(EngineExecutionOrchestrator.java:201)
	at org.junit.platform.launcher.core.EngineExecutionOrchestrator.execute(EngineExecutionOrchestrator.java:170)
	at org.junit.platform.launcher.core.EngineExecutionOrchestrator.execute(EngineExecutionOrchestrator.java:94)
	at org.junit.platform.launcher.core.EngineExecutionOrchestrator.lambda$execute$0(EngineExecutionOrchestrator.java:59)
	at org.junit.platform.launcher.core.EngineExecutionOrchestrator.withInterceptedStreams(EngineExecutionOrchestrator.java:142)
	at org.junit.platform.launcher.core.EngineExecutionOrchestrator.execute(EngineExecutionOrchestrator.java:58)
	at org.junit.platform.launcher.core.DefaultLauncher.execute(DefaultLauncher.java:103)
	at org.junit.platform.launcher.core.DefaultLauncher.execute(DefaultLauncher.java:85)
	at org.junit.platform.launcher.core.DelegatingLauncher.execute(DelegatingLauncher.java:47)
	at org.junit.platform.launcher.core.InterceptingLauncher.lambda$execute$1(InterceptingLauncher.java:39)
	at org.junit.platform.launcher.core.ClasspathAlignmentCheckingLauncherInterceptor.intercept(ClasspathAlignmentCheckingLauncherInterceptor.java:25)
	at org.junit.platform.launcher.core.InterceptingLauncher.execute(InterceptingLauncher.java:38)
	at org.junit.platform.launcher.core.DelegatingLauncher.execute(DelegatingLauncher.java:47)
	at org.apache.maven.surefire.junitplatform.LauncherAdapter.executeWithoutCancellationToken(LauncherAdapter.java:60)
	at org.apache.maven.surefire.junitplatform.LauncherAdapter.execute(LauncherAdapter.java:52)
	at org.apache.maven.surefire.junitplatform.JUnitPlatformProvider.execute(JUnitPlatformProvider.java:203)
	at org.apache.maven.surefire.junitplatform.JUnitPlatformProvider.invokeAllTests(JUnitPlatformProvider.java:168)
	at org.apache.maven.surefire.junitplatform.JUnitPlatformProvider.invoke(JUnitPlatformProvider.java:136)
	at org.apache.maven.surefire.booter.ForkedBooter.runSuitesInProcess(ForkedBooter.java:385)
	at org.apache.maven.surefire.booter.ForkedBooter.execute(ForkedBooter.java:162)
	at org.apache.maven.surefire.booter.ForkedBooter.run(ForkedBooter.java:507)
	at org.apache.maven.surefire.booter.ForkedBooter.main(ForkedBooter.java:495)
Caused by: org.springframework.beans.factory.BeanCreationException: Error creating bean with name 'liquibase' defined in class path resource [org/springframework/boot/autoconfigure/liquibase/LiquibaseAutoConfiguration$LiquibaseConfiguration.class]: org.postgresql.util.PSQLException: Подсоединение по адресу localhost:5432 отклонено. Проверьте что хост и порт указаны правильно и что postmaster принимает TCP/IP-подсоединения.
	at org.springframework.beans.factory.support.AbstractAutowireCapableBeanFactory.initializeBean(AbstractAutowireCapableBeanFactory.java:1826)
	at org.springframework.beans.factory.support.AbstractAutowireCapableBeanFactory.doCreateBean(AbstractAutowireCapableBeanFactory.java:607)
	at org.springframework.beans.factory.support.AbstractAutowireCapableBeanFactory.createBean(AbstractAutowireCapableBeanFactory.java:529)
	at org.springframework.beans.factory.support.AbstractBeanFactory.lambda$doGetBean$0(AbstractBeanFactory.java:339)
	at org.springframework.beans.factory.support.DefaultSingletonBeanRegistry.getSingleton(DefaultSingletonBeanRegistry.java:373)
	at org.springframework.beans.factory.support.AbstractBeanFactory.doGetBean(AbstractBeanFactory.java:337)
	at org.springframework.beans.factory.support.AbstractBeanFactory.getBean(AbstractBeanFactory.java:202)
	at org.springframework.beans.factory.support.AbstractBeanFactory.doGetBean(AbstractBeanFactory.java:315)
	... 95 common frames omitted
Caused by: liquibase.exception.DatabaseException: org.postgresql.util.PSQLException: Подсоединение по адресу localhost:5432 отклонено. Проверьте что хост и порт указаны правильно и что postmaster принимает TCP/IP-подсоединения.
	at liquibase.integration.spring.SpringLiquibase.afterPropertiesSet(SpringLiquibase.java:286)
	at org.springframework.beans.factory.support.AbstractAutowireCapableBeanFactory.invokeInitMethods(AbstractAutowireCapableBeanFactory.java:1873)
	at org.springframework.beans.factory.support.AbstractAutowireCapableBeanFactory.initializeBean(AbstractAutowireCapableBeanFactory.java:1822)
	... 102 common frames omitted
Caused by: org.postgresql.util.PSQLException: Подсоединение по адресу localhost:5432 отклонено. Проверьте что хост и порт указаны правильно и что postmaster принимает TCP/IP-подсоединения.
	at org.postgresql.core.v3.ConnectionFactoryImpl.openConnectionImpl(ConnectionFactoryImpl.java:373)
	at org.postgresql.core.ConnectionFactory.openConnection(ConnectionFactory.java:57)
	at org.postgresql.jdbc.PgConnection.<init>(PgConnection.java:277)
	at org.postgresql.Driver.makeConnection(Driver.java:448)
	at org.postgresql.Driver.connect(Driver.java:298)
	at com.zaxxer.hikari.util.DriverDataSource.getConnection(DriverDataSource.java:144)
	at com.zaxxer.hikari.pool.PoolBase.newConnection(PoolBase.java:370)
	at com.zaxxer.hikari.pool.PoolBase.newPoolEntry(PoolBase.java:207)
	at com.zaxxer.hikari.pool.HikariPool.createPoolEntry(HikariPool.java:488)
	at com.zaxxer.hikari.pool.HikariPool.checkFailFast(HikariPool.java:576)
	at com.zaxxer.hikari.pool.HikariPool.<init>(HikariPool.java:97)
	at com.zaxxer.hikari.HikariDataSource.getConnection(HikariDataSource.java:111)
	at liquibase.integration.spring.SpringLiquibase.afterPropertiesSet(SpringLiquibase.java:281)
	... 104 common frames omitted
Caused by: java.net.ConnectException: Connection refused: no further information
	at java.base/sun.nio.ch.Net.pollConnect(Native Method)
	at java.base/sun.nio.ch.Net.pollConnectNow(Net.java:672)
	at java.base/sun.nio.ch.NioSocketImpl.timedFinishConnect(NioSocketImpl.java:542)
	at java.base/sun.nio.ch.NioSocketImpl.connect(NioSocketImpl.java:597)
	at java.base/java.net.SocksSocketImpl.connect(SocksSocketImpl.java:327)
	at java.base/java.net.Socket.connect(Socket.java:633)
	at org.postgresql.core.PGStream.createSocket(PGStream.java:261)
	at org.postgresql.core.PGStream.<init>(PGStream.java:122)
	at org.postgresql.core.v3.ConnectionFactoryImpl.tryConnect(ConnectionFactoryImpl.java:146)
	at org.postgresql.core.v3.ConnectionFactoryImpl.openConnectionImpl(ConnectionFactoryImpl.java:289)
	... 116 common frames omitted
2025-10-09 16:31:57,395 WARN  TestContextManager [TestContextManager.java:272] Caught exception while allowing TestExecutionListener [org.springframework.test.context.web.ServletTestExecutionListener] to prepare test instance [com.example.logistics.LogisticsApplicationTests@2fd1ad8a]
java.lang.IllegalStateException: Failed to load ApplicationContext for [WebMergedContextConfiguration@3b11620a testClass = com.example.logistics.LogisticsApplicationTests, locations = [], classes = [com.example.logistics.LogisticsApplication], contextInitializerClasses = [], activeProfiles = [], propertySourceDescriptors = [], propertySourceProperties = ["org.springframework.boot.test.context.SpringBootTestContextBootstrapper=true"], contextCustomizers = [org.springframework.boot.test.context.filter.ExcludeFilterContextCustomizer@4b41e4dd, org.springframework.boot.test.json.DuplicateJsonObjectContextCustomizerFactory$DuplicateJsonObjectContextCustomizer@1f6c9cd8, org.springframework.boot.test.mock.mockito.MockitoContextCustomizer@0, org.springframework.boot.test.web.client.TestRestTemplateContextCustomizer@59252cb6, org.springframework.boot.test.web.reactor.netty.DisableReactorResourceFactoryGlobalResourcesContextCustomizerFactory$DisableReactorResourceFactoryGlobalResourcesContextCustomizerCustomizer@613a8ee1, org.springframework.boot.test.autoconfigure.OnFailureConditionReportContextCustomizerFactory$OnFailureConditionReportContextCustomizer@1b765a2c, org.springframework.boot.test.autoconfigure.actuate.observability.ObservabilityContextCustomizerFactory$DisableObservabilityContextCustomizer@1f, org.springframework.boot.test.autoconfigure.properties.PropertyMappingContextCustomizer@0, org.springframework.boot.test.autoconfigure.web.servlet.WebDriverContextCustomizer@2f17e30d, org.springframework.test.context.support.DynamicPropertiesContextCustomizer@0, org.springframework.boot.test.context.SpringBootTestAnnotation@28000246], resourceBasePath = "src/main/webapp", contextLoader = org.springframework.boot.test.context.SpringBootContextLoader, parent = null]
	at org.springframework.test.context.cache.DefaultCacheAwareContextLoaderDelegate.loadContext(DefaultCacheAwareContextLoaderDelegate.java:180)
	at org.springframework.test.context.support.DefaultTestContext.getApplicationContext(DefaultTestContext.java:130)
	at org.springframework.test.context.web.ServletTestExecutionListener.setUpRequestContextIfNecessary(ServletTestExecutionListener.java:200)
	at org.springframework.test.context.web.ServletTestExecutionListener.prepareTestInstance(ServletTestExecutionListener.java:139)
	at org.springframework.test.context.TestContextManager.prepareTestInstance(TestContextManager.java:260)
	at org.springframework.test.context.junit.jupiter.SpringExtension.postProcessTestInstance(SpringExtension.java:159)
	at org.junit.jupiter.engine.descriptor.ClassBasedTestDescriptor.lambda$invokeTestInstancePostProcessors$10(ClassBasedTestDescriptor.java:383)
	at org.junit.jupiter.engine.descriptor.ClassBasedTestDescriptor.executeAndMaskThrowable(ClassBasedTestDescriptor.java:388)
	at org.junit.jupiter.engine.descriptor.ClassBasedTestDescriptor.lambda$invokeTestInstancePostProcessors$11(ClassBasedTestDescriptor.java:382)
	at java.base/java.util.stream.ForEachOps$ForEachOp$OfRef.accept(ForEachOps.java:183)
	at java.base/java.util.stream.ReferencePipeline$3$1.accept(ReferencePipeline.java:197)
	at java.base/java.util.stream.ReferencePipeline$2$1.accept(ReferencePipeline.java:179)
	at java.base/java.util.stream.ReferencePipeline$3$1.accept(ReferencePipeline.java:197)
	at java.base/java.util.ArrayList$ArrayListSpliterator.forEachRemaining(ArrayList.java:1625)
	at java.base/java.util.stream.AbstractPipeline.copyInto(AbstractPipeline.java:509)
	at java.base/java.util.stream.AbstractPipeline.wrapAndCopyInto(AbstractPipeline.java:499)
	at java.base/java.util.stream.ForEachOps$ForEachOp.evaluateSequential(ForEachOps.java:150)
	at java.base/java.util.stream.ForEachOps$ForEachOp$OfRef.evaluateSequential(ForEachOps.java:173)
	at java.base/java.util.stream.AbstractPipeline.evaluate(AbstractPipeline.java:234)
	at java.base/java.util.stream.ReferencePipeline.forEach(ReferencePipeline.java:596)
	at org.junit.jupiter.engine.descriptor.ClassBasedTestDescriptor.invokeTestInstancePostProcessors(ClassBasedTestDescriptor.java:382)
	at org.junit.jupiter.engine.descriptor.ClassBasedTestDescriptor.lambda$instantiateAndPostProcessTestInstance$6(ClassBasedTestDescriptor.java:293)
	at org.junit.platform.engine.support.hierarchical.ThrowableCollector.execute(ThrowableCollector.java:73)
	at org.junit.jupiter.engine.descriptor.ClassBasedTestDescriptor.instantiateAndPostProcessTestInstance(ClassBasedTestDescriptor.java:292)
	at org.junit.jupiter.engine.descriptor.ClassBasedTestDescriptor.lambda$testInstancesProvider$4(ClassBasedTestDescriptor.java:281)
	at java.base/java.util.Optional.orElseGet(Optional.java:364)
	at org.junit.jupiter.engine.descriptor.ClassBasedTestDescriptor.lambda$testInstancesProvider$5(ClassBasedTestDescriptor.java:280)
	at org.junit.jupiter.engine.execution.TestInstancesProvider.getTestInstances(TestInstancesProvider.java:27)
	at org.junit.jupiter.engine.descriptor.TestMethodTestDescriptor.lambda$prepare$0(TestMethodTestDescriptor.java:112)
	at org.junit.platform.engine.support.hierarchical.ThrowableCollector.execute(ThrowableCollector.java:73)
	at org.junit.jupiter.engine.descriptor.TestMethodTestDescriptor.prepare(TestMethodTestDescriptor.java:111)
	at org.junit.jupiter.engine.descriptor.TestMethodTestDescriptor.prepare(TestMethodTestDescriptor.java:69)
	at org.junit.platform.engine.support.hierarchical.NodeTestTask.lambda$prepare$2(NodeTestTask.java:128)
	at org.junit.platform.engine.support.hierarchical.ThrowableCollector.execute(ThrowableCollector.java:73)
	at org.junit.platform.engine.support.hierarchical.NodeTestTask.prepare(NodeTestTask.java:128)
	at org.junit.platform.engine.support.hierarchical.NodeTestTask.execute(NodeTestTask.java:95)
	at java.base/java.util.ArrayList.forEach(ArrayList.java:1511)
	at org.junit.platform.engine.support.hierarchical.SameThreadHierarchicalTestExecutorService.invokeAll(SameThreadHierarchicalTestExecutorService.java:41)
	at org.junit.platform.engine.support.hierarchical.NodeTestTask.lambda$executeRecursively$6(NodeTestTask.java:160)
	at org.junit.platform.engine.support.hierarchical.ThrowableCollector.execute(ThrowableCollector.java:73)
	at org.junit.platform.engine.support.hierarchical.NodeTestTask.lambda$executeRecursively$8(NodeTestTask.java:146)
	at org.junit.platform.engine.support.hierarchical.Node.around(Node.java:137)
	at org.junit.platform.engine.support.hierarchical.NodeTestTask.lambda$executeRecursively$9(NodeTestTask.java:144)
	at org.junit.platform.engine.support.hierarchical.ThrowableCollector.execute(ThrowableCollector.java:73)
	at org.junit.platform.engine.support.hierarchical.NodeTestTask.executeRecursively(NodeTestTask.java:143)
	at org.junit.platform.engine.support.hierarchical.NodeTestTask.execute(NodeTestTask.java:100)
	at java.base/java.util.ArrayList.forEach(ArrayList.java:1511)
	at org.junit.platform.engine.support.hierarchical.SameThreadHierarchicalTestExecutorService.invokeAll(SameThreadHierarchicalTestExecutorService.java:41)
	at org.junit.platform.engine.support.hierarchical.NodeTestTask.lambda$executeRecursively$6(NodeTestTask.java:160)
	at org.junit.platform.engine.support.hierarchical.ThrowableCollector.execute(ThrowableCollector.java:73)
	at org.junit.platform.engine.support.hierarchical.NodeTestTask.lambda$executeRecursively$8(NodeTestTask.java:146)
	at org.junit.platform.engine.support.hierarchical.Node.around(Node.java:137)
	at org.junit.platform.engine.support.hierarchical.NodeTestTask.lambda$executeRecursively$9(NodeTestTask.java:144)
	at org.junit.platform.engine.support.hierarchical.ThrowableCollector.execute(ThrowableCollector.java:73)
	at org.junit.platform.engine.support.hierarchical.NodeTestTask.executeRecursively(NodeTestTask.java:143)
	at org.junit.platform.engine.support.hierarchical.NodeTestTask.execute(NodeTestTask.java:100)
	at org.junit.platform.engine.support.hierarchical.SameThreadHierarchicalTestExecutorService.submit(SameThreadHierarchicalTestExecutorService.java:35)
	at org.junit.platform.engine.support.hierarchical.HierarchicalTestExecutor.execute(HierarchicalTestExecutor.java:57)
	at org.junit.platform.engine.support.hierarchical.HierarchicalTestEngine.execute(HierarchicalTestEngine.java:54)
	at org.junit.platform.launcher.core.EngineExecutionOrchestrator.execute(EngineExecutionOrchestrator.java:201)
	at org.junit.platform.launcher.core.EngineExecutionOrchestrator.execute(EngineExecutionOrchestrator.java:170)
	at org.junit.platform.launcher.core.EngineExecutionOrchestrator.execute(EngineExecutionOrchestrator.java:94)
	at org.junit.platform.launcher.core.EngineExecutionOrchestrator.lambda$execute$0(EngineExecutionOrchestrator.java:59)
	at org.junit.platform.launcher.core.EngineExecutionOrchestrator.withInterceptedStreams(EngineExecutionOrchestrator.java:142)
	at org.junit.platform.launcher.core.EngineExecutionOrchestrator.execute(EngineExecutionOrchestrator.java:58)
	at org.junit.platform.launcher.core.DefaultLauncher.execute(DefaultLauncher.java:103)
	at org.junit.platform.launcher.core.DefaultLauncher.execute(DefaultLauncher.java:85)
	at org.junit.platform.launcher.core.DelegatingLauncher.execute(DelegatingLauncher.java:47)
	at org.junit.platform.launcher.core.InterceptingLauncher.lambda$execute$1(InterceptingLauncher.java:39)
	at org.junit.platform.launcher.core.ClasspathAlignmentCheckingLauncherInterceptor.intercept(ClasspathAlignmentCheckingLauncherInterceptor.java:25)
	at org.junit.platform.launcher.core.InterceptingLauncher.execute(InterceptingLauncher.java:38)
	at org.junit.platform.launcher.core.DelegatingLauncher.execute(DelegatingLauncher.java:47)
	at org.apache.maven.surefire.junitplatform.LauncherAdapter.executeWithoutCancellationToken(LauncherAdapter.java:60)
	at org.apache.maven.surefire.junitplatform.LauncherAdapter.execute(LauncherAdapter.java:52)
	at org.apache.maven.surefire.junitplatform.JUnitPlatformProvider.execute(JUnitPlatformProvider.java:203)
	at org.apache.maven.surefire.junitplatform.JUnitPlatformProvider.invokeAllTests(JUnitPlatformProvider.java:168)
	at org.apache.maven.surefire.junitplatform.JUnitPlatformProvider.invoke(JUnitPlatformProvider.java:136)
	at org.apache.maven.surefire.booter.ForkedBooter.runSuitesInProcess(ForkedBooter.java:385)
	at org.apache.maven.surefire.booter.ForkedBooter.execute(ForkedBooter.java:162)
	at org.apache.maven.surefire.booter.ForkedBooter.run(ForkedBooter.java:507)
	at org.apache.maven.surefire.booter.ForkedBooter.main(ForkedBooter.java:495)
Caused by: org.springframework.beans.factory.BeanCreationException: Error creating bean with name 'entityManagerFactory' defined in class path resource [org/springframework/boot/autoconfigure/orm/jpa/HibernateJpaConfiguration.class]: Failed to initialize dependency 'liquibase' of LoadTimeWeaverAware bean 'entityManagerFactory': Error creating bean with name 'liquibase' defined in class path resource [org/springframework/boot/autoconfigure/liquibase/LiquibaseAutoConfiguration$LiquibaseConfiguration.class]: org.postgresql.util.PSQLException: Подсоединение по адресу localhost:5432 отклонено. Проверьте что хост и порт указаны правильно и что postmaster принимает TCP/IP-подсоединения.
	at org.springframework.beans.factory.support.AbstractBeanFactory.doGetBean(AbstractBeanFactory.java:328)
	at org.springframework.beans.factory.support.AbstractBeanFactory.getBean(AbstractBeanFactory.java:207)
	at org.springframework.context.support.AbstractApplicationContext.finishBeanFactoryInitialization(AbstractApplicationContext.java:970)
	at org.springframework.context.support.AbstractApplicationContext.refresh(AbstractApplicationContext.java:627)
	at org.springframework.boot.SpringApplication.refresh(SpringApplication.java:752)
	at org.springframework.boot.SpringApplication.refreshContext(SpringApplication.java:439)
	at org.springframework.boot.SpringApplication.run(SpringApplication.java:318)
	at org.springframework.boot.test.context.SpringBootContextLoader.lambda$loadContext$3(SpringBootContextLoader.java:144)
	at org.springframework.util.function.ThrowingSupplier.get(ThrowingSupplier.java:58)
	at org.springframework.util.function.ThrowingSupplier.get(ThrowingSupplier.java:46)
	at org.springframework.boot.SpringApplication.withHook(SpringApplication.java:1461)
	at org.springframework.boot.test.context.SpringBootContextLoader$ContextLoaderHook.run(SpringBootContextLoader.java:563)
	at org.springframework.boot.test.context.SpringBootContextLoader.loadContext(SpringBootContextLoader.java:144)
	at org.springframework.boot.test.context.SpringBootContextLoader.loadContext(SpringBootContextLoader.java:110)
	at org.springframework.test.context.cache.DefaultCacheAwareContextLoaderDelegate.loadContextInternal(DefaultCacheAwareContextLoaderDelegate.java:225)
	at org.springframework.test.context.cache.DefaultCacheAwareContextLoaderDelegate.loadContext(DefaultCacheAwareContextLoaderDelegate.java:152)
	... 80 common frames omitted
Caused by: org.springframework.beans.factory.BeanCreationException: Error creating bean with name 'liquibase' defined in class path resource [org/springframework/boot/autoconfigure/liquibase/LiquibaseAutoConfiguration$LiquibaseConfiguration.class]: org.postgresql.util.PSQLException: Подсоединение по адресу localhost:5432 отклонено. Проверьте что хост и порт указаны правильно и что postmaster принимает TCP/IP-подсоединения.
	at org.springframework.beans.factory.support.AbstractAutowireCapableBeanFactory.initializeBean(AbstractAutowireCapableBeanFactory.java:1826)
	at org.springframework.beans.factory.support.AbstractAutowireCapableBeanFactory.doCreateBean(AbstractAutowireCapableBeanFactory.java:607)
	at org.springframework.beans.factory.support.AbstractAutowireCapableBeanFactory.createBean(AbstractAutowireCapableBeanFactory.java:529)
	at org.springframework.beans.factory.support.AbstractBeanFactory.lambda$doGetBean$0(AbstractBeanFactory.java:339)
	at org.springframework.beans.factory.support.DefaultSingletonBeanRegistry.getSingleton(DefaultSingletonBeanRegistry.java:373)
	at org.springframework.beans.factory.support.AbstractBeanFactory.doGetBean(AbstractBeanFactory.java:337)
	at org.springframework.beans.factory.support.AbstractBeanFactory.getBean(AbstractBeanFactory.java:202)
	at org.springframework.beans.factory.support.AbstractBeanFactory.doGetBean(AbstractBeanFactory.java:315)
	... 95 common frames omitted
Caused by: liquibase.exception.DatabaseException: org.postgresql.util.PSQLException: Подсоединение по адресу localhost:5432 отклонено. Проверьте что хост и порт указаны правильно и что postmaster принимает TCP/IP-подсоединения.
	at liquibase.integration.spring.SpringLiquibase.afterPropertiesSet(SpringLiquibase.java:286)
	at org.springframework.beans.factory.support.AbstractAutowireCapableBeanFactory.invokeInitMethods(AbstractAutowireCapableBeanFactory.java:1873)
	at org.springframework.beans.factory.support.AbstractAutowireCapableBeanFactory.initializeBean(AbstractAutowireCapableBeanFactory.java:1822)
	... 102 common frames omitted
Caused by: org.postgresql.util.PSQLException: Подсоединение по адресу localhost:5432 отклонено. Проверьте что хост и порт указаны правильно и что postmaster принимает TCP/IP-подсоединения.
	at org.postgresql.core.v3.ConnectionFactoryImpl.openConnectionImpl(ConnectionFactoryImpl.java:373)
	at org.postgresql.core.ConnectionFactory.openConnection(ConnectionFactory.java:57)
	at org.postgresql.jdbc.PgConnection.<init>(PgConnection.java:277)
	at org.postgresql.Driver.makeConnection(Driver.java:448)
	at org.postgresql.Driver.connect(Driver.java:298)
	at com.zaxxer.hikari.util.DriverDataSource.getConnection(DriverDataSource.java:144)
	at com.zaxxer.hikari.pool.PoolBase.newConnection(PoolBase.java:370)
	at com.zaxxer.hikari.pool.PoolBase.newPoolEntry(PoolBase.java:207)
	at com.zaxxer.hikari.pool.HikariPool.createPoolEntry(HikariPool.java:488)
	at com.zaxxer.hikari.pool.HikariPool.checkFailFast(HikariPool.java:576)
	at com.zaxxer.hikari.pool.HikariPool.<init>(HikariPool.java:97)
	at com.zaxxer.hikari.HikariDataSource.getConnection(HikariDataSource.java:111)
	at liquibase.integration.spring.SpringLiquibase.afterPropertiesSet(SpringLiquibase.java:281)
	... 104 common frames omitted
Caused by: java.net.ConnectException: Connection refused: no further information
	at java.base/sun.nio.ch.Net.pollConnect(Native Method)
	at java.base/sun.nio.ch.Net.pollConnectNow(Net.java:672)
	at java.base/sun.nio.ch.NioSocketImpl.timedFinishConnect(NioSocketImpl.java:542)
	at java.base/sun.nio.ch.NioSocketImpl.connect(NioSocketImpl.java:597)
	at java.base/java.net.SocksSocketImpl.connect(SocksSocketImpl.java:327)
	at java.base/java.net.Socket.connect(Socket.java:633)
	at org.postgresql.core.PGStream.createSocket(PGStream.java:261)
	at org.postgresql.core.PGStream.<init>(PGStream.java:122)
	at org.postgresql.core.v3.ConnectionFactoryImpl.tryConnect(ConnectionFactoryImpl.java:146)
	at org.postgresql.core.v3.ConnectionFactoryImpl.openConnectionImpl(ConnectionFactoryImpl.java:289)
	... 116 common frames omitted
2025-10-09 16:32:49,102 INFO  AnnotationConfigContextLoaderUtils [AnnotationConfigContextLoaderUtils.java:83] Could not detect default configuration classes for test class [com.example.logistics.LogisticsApplicationTests]: LogisticsApplicationTests does not declare any static, non-private, non-final, nested classes annotated with @Configuration.
2025-10-09 16:32:49,199 INFO  SpringBootTestContextBootstrapper [SpringBootTestContextBootstrapper.java:234] Found @SpringBootConfiguration com.example.logistics.LogisticsApplication for test class com.example.logistics.LogisticsApplicationTests
2025-10-09 16:32:49,508 INFO  Version [Version.java:21] HV000001: Hibernate Validator 8.0.3.Final
2025-10-09 16:32:49,542 INFO  LogisticsApplicationTests [StartupInfoLogger.java:53] Starting LogisticsApplicationTests using Java 17.0.5 with PID 11648 (started by 1 in C:\Users\1\Desktop\LOGISTICS\logistics)
2025-10-09 16:32:49,543 INFO  LogisticsApplicationTests [SpringApplication.java:652] No active profile set, falling back to 1 default profile: "default"
2025-10-09 16:32:50,189 INFO  RepositoryConfigurationDelegate [RepositoryConfigurationDelegate.java:145] Bootstrapping Spring Data JPA repositories in DEFAULT mode.
2025-10-09 16:32:50,253 INFO  RepositoryConfigurationDelegate [RepositoryConfigurationDelegate.java:213] Finished Spring Data repository scanning in 52 ms. Found 7 JPA repository interfaces.
2025-10-09 16:32:50,695 INFO  HikariDataSource [HikariDataSource.java:109] HikariPool-1 - Starting...
2025-10-09 16:32:50,969 INFO  HikariPool [HikariPool.java:580] HikariPool-1 - Added connection org.postgresql.jdbc.PgConnection@3815146b
2025-10-09 16:32:50,970 INFO  HikariDataSource [HikariDataSource.java:122] HikariPool-1 - Start completed.
2025-10-09 16:32:51,130 INFO  database [JavaLogger.java:37] Set default schema name to public
2025-10-09 16:32:51,773 INFO  changelog [JavaLogger.java:37] Reading from public.databasechangelog
2025-10-09 16:32:51,857 INFO  changelog [JavaLogger.java:37] Reading from public.databasechangelog
2025-10-09 16:32:51,867 INFO  util [JavaLogger.java:37] UPDATE SUMMARY
2025-10-09 16:32:51,867 INFO  util [JavaLogger.java:37] Run:                          0
2025-10-09 16:32:51,868 INFO  util [JavaLogger.java:37] Previously run:              22
2025-10-09 16:32:51,868 INFO  util [JavaLogger.java:37] Filtered out:                 0
2025-10-09 16:32:51,869 INFO  util [JavaLogger.java:37] -------------------------------
2025-10-09 16:32:51,869 INFO  util [JavaLogger.java:37] Total change sets:           22

2025-10-09 16:32:51,870 INFO  util [JavaLogger.java:37] Update summary generated
2025-10-09 16:32:51,894 INFO  lockservice [JavaLogger.java:37] Successfully released change log lock
2025-10-09 16:32:51,896 INFO  command [JavaLogger.java:37] Command execution complete
2025-10-09 16:32:52,103 INFO  LogHelper [LogHelper.java:31] HHH000204: Processing PersistenceUnitInfo [name: default]
2025-10-09 16:32:52,206 INFO  Version [Version.java:44] HHH000412: Hibernate ORM core version 6.6.29.Final
2025-10-09 16:32:52,250 INFO  RegionFactoryInitiator [RegionFactoryInitiator.java:50] HHH000026: Second-level cache disabled
2025-10-09 16:32:52,503 INFO  SpringPersistenceUnitInfo [SpringPersistenceUnitInfo.java:87] No LoadTimeWeaver setup: ignoring JPA class transformer
2025-10-09 16:32:52,552 WARN  deprecation [DialectFactoryImpl.java:153] HHH90000025: PostgreSQLDialect does not need to be specified explicitly using 'hibernate.dialect' (remove the property setting and it will be selected by default)
2025-10-09 16:32:52,570 INFO  pooling [JdbcEnvironmentInitiator.java:163] HHH10001005: Database info:
	Database JDBC URL [Connecting through datasource 'HikariDataSource (HikariPool-1)']
	Database driver: undefined/unknown
	Database version: 14.5
	Autocommit mode: undefined/unknown
	Isolation level: undefined/unknown
	Minimum pool size: undefined/unknown
	Maximum pool size: undefined/unknown
2025-10-09 16:32:53,413 INFO  JtaPlatformInitiator [JtaPlatformInitiator.java:59] HHH000489: No JTA platform available (set 'hibernate.transaction.jta.platform' to enable JTA platform integration)
2025-10-09 16:32:53,416 INFO  LocalContainerEntityManagerFactoryBean [AbstractEntityManagerFactoryBean.java:447] Initialized JPA EntityManagerFactory for persistence unit 'default'
2025-10-09 16:32:53,836 INFO  QueryEnhancerFactory [QueryEnhancerFactory.java:49] Hibernate is in classpath; If applicable, HQL parser will be used.
2025-10-09 16:32:54,606 WARN  JpaBaseConfiguration$JpaWebConfiguration [JpaBaseConfiguration.java:258] spring.jpa.open-in-view is enabled by default. Therefore, database queries may be performed during view rendering. Explicitly configure spring.jpa.open-in-view to disable this warning
2025-10-09 16:32:55,167 INFO  LogisticsApplicationTests [StartupInfoLogger.java:59] Started LogisticsApplicationTests in 5.846 seconds (process running for 6.711)
2025-10-09 16:32:55,575 INFO  LocalContainerEntityManagerFactoryBean [AbstractEntityManagerFactoryBean.java:660] Closing JPA EntityManagerFactory for persistence unit 'default'
2025-10-09 16:32:55,576 INFO  HikariDataSource [HikariDataSource.java:349] HikariPool-1 - Shutdown initiated...
2025-10-09 16:32:55,581 INFO  HikariDataSource [HikariDataSource.java:351] HikariPool-1 - Shutdown completed.
2025-10-15 15:22:28,632 INFO  AnnotationConfigContextLoaderUtils [AnnotationConfigContextLoaderUtils.java:83] Could not detect default configuration classes for test class [com.example.logistics.LogisticsApplicationTests]: LogisticsApplicationTests does not declare any static, non-private, non-final, nested classes annotated with @Configuration.
2025-10-15 15:22:28,740 INFO  SpringBootTestContextBootstrapper [SpringBootTestContextBootstrapper.java:234] Found @SpringBootConfiguration com.example.logistics.LogisticsApplication for test class com.example.logistics.LogisticsApplicationTests
2025-10-15 15:22:29,067 INFO  Version [Version.java:21] HV000001: Hibernate Validator 8.0.3.Final
2025-10-15 15:22:29,102 INFO  LogisticsApplicationTests [StartupInfoLogger.java:53] Starting LogisticsApplicationTests using Java 17.0.5 with PID 26456 (started by 1 in C:\Users\1\Desktop\LOGISTICS\logistics)
2025-10-15 15:22:29,103 INFO  LogisticsApplicationTests [SpringApplication.java:652] No active profile set, falling back to 1 default profile: "default"
2025-10-15 15:22:29,707 INFO  RepositoryConfigurationDelegate [RepositoryConfigurationDelegate.java:145] Bootstrapping Spring Data JPA repositories in DEFAULT mode.
2025-10-15 15:22:29,778 INFO  RepositoryConfigurationDelegate [RepositoryConfigurationDelegate.java:213] Finished Spring Data repository scanning in 57 ms. Found 7 JPA repository interfaces.
2025-10-15 15:22:30,212 INFO  HikariDataSource [HikariDataSource.java:109] HikariPool-1 - Starting...
2025-10-15 15:22:31,403 WARN  GenericWebApplicationContext [AbstractApplicationContext.java:635] Exception encountered during context initialization - cancelling refresh attempt: org.springframework.beans.factory.BeanCreationException: Error creating bean with name 'entityManagerFactory' defined in class path resource [org/springframework/boot/autoconfigure/orm/jpa/HibernateJpaConfiguration.class]: Failed to initialize dependency 'liquibase' of LoadTimeWeaverAware bean 'entityManagerFactory': Error creating bean with name 'liquibase' defined in class path resource [org/springframework/boot/autoconfigure/liquibase/LiquibaseAutoConfiguration$LiquibaseConfiguration.class]: org.postgresql.util.PSQLException: FATAL: password authentication failed for user "postgres"
2025-10-15 15:22:31,425 INFO  ConditionEvaluationReportLogger [ConditionEvaluationReportLogger.java:82] 

Error starting ApplicationContext. To display the condition evaluation report re-run your application with 'debug' enabled.
2025-10-15 15:22:31,447 ERROR SpringApplication [SpringApplication.java:857] Application run failed
org.springframework.beans.factory.BeanCreationException: Error creating bean with name 'entityManagerFactory' defined in class path resource [org/springframework/boot/autoconfigure/orm/jpa/HibernateJpaConfiguration.class]: Failed to initialize dependency 'liquibase' of LoadTimeWeaverAware bean 'entityManagerFactory': Error creating bean with name 'liquibase' defined in class path resource [org/springframework/boot/autoconfigure/liquibase/LiquibaseAutoConfiguration$LiquibaseConfiguration.class]: org.postgresql.util.PSQLException: FATAL: password authentication failed for user "postgres"
	at org.springframework.beans.factory.support.AbstractBeanFactory.doGetBean(AbstractBeanFactory.java:328)
	at org.springframework.beans.factory.support.AbstractBeanFactory.getBean(AbstractBeanFactory.java:207)
	at org.springframework.context.support.AbstractApplicationContext.finishBeanFactoryInitialization(AbstractApplicationContext.java:970)
	at org.springframework.context.support.AbstractApplicationContext.refresh(AbstractApplicationContext.java:627)
	at org.springframework.boot.SpringApplication.refresh(SpringApplication.java:752)
	at org.springframework.boot.SpringApplication.refreshContext(SpringApplication.java:439)
	at org.springframework.boot.SpringApplication.run(SpringApplication.java:318)
	at org.springframework.boot.test.context.SpringBootContextLoader.lambda$loadContext$3(SpringBootContextLoader.java:144)
	at org.springframework.util.function.ThrowingSupplier.get(ThrowingSupplier.java:58)
	at org.springframework.util.function.ThrowingSupplier.get(ThrowingSupplier.java:46)
	at org.springframework.boot.SpringApplication.withHook(SpringApplication.java:1461)
	at org.springframework.boot.test.context.SpringBootContextLoader$ContextLoaderHook.run(SpringBootContextLoader.java:563)
	at org.springframework.boot.test.context.SpringBootContextLoader.loadContext(SpringBootContextLoader.java:144)
	at org.springframework.boot.test.context.SpringBootContextLoader.loadContext(SpringBootContextLoader.java:110)
	at org.springframework.test.context.cache.DefaultCacheAwareContextLoaderDelegate.loadContextInternal(DefaultCacheAwareContextLoaderDelegate.java:225)
	at org.springframework.test.context.cache.DefaultCacheAwareContextLoaderDelegate.loadContext(DefaultCacheAwareContextLoaderDelegate.java:152)
	at org.springframework.test.context.support.DefaultTestContext.getApplicationContext(DefaultTestContext.java:130)
	at org.springframework.test.context.web.ServletTestExecutionListener.setUpRequestContextIfNecessary(ServletTestExecutionListener.java:200)
	at org.springframework.test.context.web.ServletTestExecutionListener.prepareTestInstance(ServletTestExecutionListener.java:139)
	at org.springframework.test.context.TestContextManager.prepareTestInstance(TestContextManager.java:260)
	at org.springframework.test.context.junit.jupiter.SpringExtension.postProcessTestInstance(SpringExtension.java:159)
	at org.junit.jupiter.engine.descriptor.ClassBasedTestDescriptor.lambda$invokeTestInstancePostProcessors$10(ClassBasedTestDescriptor.java:383)
	at org.junit.jupiter.engine.descriptor.ClassBasedTestDescriptor.executeAndMaskThrowable(ClassBasedTestDescriptor.java:388)
	at org.junit.jupiter.engine.descriptor.ClassBasedTestDescriptor.lambda$invokeTestInstancePostProcessors$11(ClassBasedTestDescriptor.java:382)
	at java.base/java.util.stream.ForEachOps$ForEachOp$OfRef.accept(ForEachOps.java:183)
	at java.base/java.util.stream.ReferencePipeline$3$1.accept(ReferencePipeline.java:197)
	at java.base/java.util.stream.ReferencePipeline$2$1.accept(ReferencePipeline.java:179)
	at java.base/java.util.stream.ReferencePipeline$3$1.accept(ReferencePipeline.java:197)
	at java.base/java.util.ArrayList$ArrayListSpliterator.forEachRemaining(ArrayList.java:1625)
	at java.base/java.util.stream.AbstractPipeline.copyInto(AbstractPipeline.java:509)
	at java.base/java.util.stream.AbstractPipeline.wrapAndCopyInto(AbstractPipeline.java:499)
	at java.base/java.util.stream.ForEachOps$ForEachOp.evaluateSequential(ForEachOps.java:150)
	at java.base/java.util.stream.ForEachOps$ForEachOp$OfRef.evaluateSequential(ForEachOps.java:173)
	at java.base/java.util.stream.AbstractPipeline.evaluate(AbstractPipeline.java:234)
	at java.base/java.util.stream.ReferencePipeline.forEach(ReferencePipeline.java:596)
	at org.junit.jupiter.engine.descriptor.ClassBasedTestDescriptor.invokeTestInstancePostProcessors(ClassBasedTestDescriptor.java:382)
	at org.junit.jupiter.engine.descriptor.ClassBasedTestDescriptor.lambda$instantiateAndPostProcessTestInstance$6(ClassBasedTestDescriptor.java:293)
	at org.junit.platform.engine.support.hierarchical.ThrowableCollector.execute(ThrowableCollector.java:73)
	at org.junit.jupiter.engine.descriptor.ClassBasedTestDescriptor.instantiateAndPostProcessTestInstance(ClassBasedTestDescriptor.java:292)
	at org.junit.jupiter.engine.descriptor.ClassBasedTestDescriptor.lambda$testInstancesProvider$4(ClassBasedTestDescriptor.java:281)
	at java.base/java.util.Optional.orElseGet(Optional.java:364)
	at org.junit.jupiter.engine.descriptor.ClassBasedTestDescriptor.lambda$testInstancesProvider$5(ClassBasedTestDescriptor.java:280)
	at org.junit.jupiter.engine.execution.TestInstancesProvider.getTestInstances(TestInstancesProvider.java:27)
	at org.junit.jupiter.engine.descriptor.TestMethodTestDescriptor.lambda$prepare$0(TestMethodTestDescriptor.java:112)
	at org.junit.platform.engine.support.hierarchical.ThrowableCollector.execute(ThrowableCollector.java:73)
	at org.junit.jupiter.engine.descriptor.TestMethodTestDescriptor.prepare(TestMethodTestDescriptor.java:111)
	at org.junit.jupiter.engine.descriptor.TestMethodTestDescriptor.prepare(TestMethodTestDescriptor.java:69)
	at org.junit.platform.engine.support.hierarchical.NodeTestTask.lambda$prepare$2(NodeTestTask.java:128)
	at org.junit.platform.engine.support.hierarchical.ThrowableCollector.execute(ThrowableCollector.java:73)
	at org.junit.platform.engine.support.hierarchical.NodeTestTask.prepare(NodeTestTask.java:128)
	at org.junit.platform.engine.support.hierarchical.NodeTestTask.execute(NodeTestTask.java:95)
	at java.base/java.util.ArrayList.forEach(ArrayList.java:1511)
	at org.junit.platform.engine.support.hierarchical.SameThreadHierarchicalTestExecutorService.invokeAll(SameThreadHierarchicalTestExecutorService.java:41)
	at org.junit.platform.engine.support.hierarchical.NodeTestTask.lambda$executeRecursively$6(NodeTestTask.java:160)
	at org.junit.platform.engine.support.hierarchical.ThrowableCollector.execute(ThrowableCollector.java:73)
	at org.junit.platform.engine.support.hierarchical.NodeTestTask.lambda$executeRecursively$8(NodeTestTask.java:146)
	at org.junit.platform.engine.support.hierarchical.Node.around(Node.java:137)
	at org.junit.platform.engine.support.hierarchical.NodeTestTask.lambda$executeRecursively$9(NodeTestTask.java:144)
	at org.junit.platform.engine.support.hierarchical.ThrowableCollector.execute(ThrowableCollector.java:73)
	at org.junit.platform.engine.support.hierarchical.NodeTestTask.executeRecursively(NodeTestTask.java:143)
	at org.junit.platform.engine.support.hierarchical.NodeTestTask.execute(NodeTestTask.java:100)
	at java.base/java.util.ArrayList.forEach(ArrayList.java:1511)
	at org.junit.platform.engine.support.hierarchical.SameThreadHierarchicalTestExecutorService.invokeAll(SameThreadHierarchicalTestExecutorService.java:41)
	at org.junit.platform.engine.support.hierarchical.NodeTestTask.lambda$executeRecursively$6(NodeTestTask.java:160)
	at org.junit.platform.engine.support.hierarchical.ThrowableCollector.execute(ThrowableCollector.java:73)
	at org.junit.platform.engine.support.hierarchical.NodeTestTask.lambda$executeRecursively$8(NodeTestTask.java:146)
	at org.junit.platform.engine.support.hierarchical.Node.around(Node.java:137)
	at org.junit.platform.engine.support.hierarchical.NodeTestTask.lambda$executeRecursively$9(NodeTestTask.java:144)
	at org.junit.platform.engine.support.hierarchical.ThrowableCollector.execute(ThrowableCollector.java:73)
	at org.junit.platform.engine.support.hierarchical.NodeTestTask.executeRecursively(NodeTestTask.java:143)
	at org.junit.platform.engine.support.hierarchical.NodeTestTask.execute(NodeTestTask.java:100)
	at org.junit.platform.engine.support.hierarchical.SameThreadHierarchicalTestExecutorService.submit(SameThreadHierarchicalTestExecutorService.java:35)
	at org.junit.platform.engine.support.hierarchical.HierarchicalTestExecutor.execute(HierarchicalTestExecutor.java:57)
	at org.junit.platform.engine.support.hierarchical.HierarchicalTestEngine.execute(HierarchicalTestEngine.java:54)
	at org.junit.platform.launcher.core.EngineExecutionOrchestrator.execute(EngineExecutionOrchestrator.java:201)
	at org.junit.platform.launcher.core.EngineExecutionOrchestrator.execute(EngineExecutionOrchestrator.java:170)
	at org.junit.platform.launcher.core.EngineExecutionOrchestrator.execute(EngineExecutionOrchestrator.java:94)
	at org.junit.platform.launcher.core.EngineExecutionOrchestrator.lambda$execute$0(EngineExecutionOrchestrator.java:59)
	at org.junit.platform.launcher.core.EngineExecutionOrchestrator.withInterceptedStreams(EngineExecutionOrchestrator.java:142)
	at org.junit.platform.launcher.core.EngineExecutionOrchestrator.execute(EngineExecutionOrchestrator.java:58)
	at org.junit.platform.launcher.core.DefaultLauncher.execute(DefaultLauncher.java:103)
	at org.junit.platform.launcher.core.DefaultLauncher.execute(DefaultLauncher.java:85)
	at org.junit.platform.launcher.core.DelegatingLauncher.execute(DelegatingLauncher.java:47)
	at org.junit.platform.launcher.core.InterceptingLauncher.lambda$execute$1(InterceptingLauncher.java:39)
	at org.junit.platform.launcher.core.ClasspathAlignmentCheckingLauncherInterceptor.intercept(ClasspathAlignmentCheckingLauncherInterceptor.java:25)
	at org.junit.platform.launcher.core.InterceptingLauncher.execute(InterceptingLauncher.java:38)
	at org.junit.platform.launcher.core.DelegatingLauncher.execute(DelegatingLauncher.java:47)
	at org.apache.maven.surefire.junitplatform.LauncherAdapter.executeWithoutCancellationToken(LauncherAdapter.java:60)
	at org.apache.maven.surefire.junitplatform.LauncherAdapter.execute(LauncherAdapter.java:52)
	at org.apache.maven.surefire.junitplatform.JUnitPlatformProvider.execute(JUnitPlatformProvider.java:203)
	at org.apache.maven.surefire.junitplatform.JUnitPlatformProvider.invokeAllTests(JUnitPlatformProvider.java:168)
	at org.apache.maven.surefire.junitplatform.JUnitPlatformProvider.invoke(JUnitPlatformProvider.java:136)
	at org.apache.maven.surefire.booter.ForkedBooter.runSuitesInProcess(ForkedBooter.java:385)
	at org.apache.maven.surefire.booter.ForkedBooter.execute(ForkedBooter.java:162)
	at org.apache.maven.surefire.booter.ForkedBooter.run(ForkedBooter.java:507)
	at org.apache.maven.surefire.booter.ForkedBooter.main(ForkedBooter.java:495)
Caused by: org.springframework.beans.factory.BeanCreationException: Error creating bean with name 'liquibase' defined in class path resource [org/springframework/boot/autoconfigure/liquibase/LiquibaseAutoConfiguration$LiquibaseConfiguration.class]: org.postgresql.util.PSQLException: FATAL: password authentication failed for user "postgres"
	at org.springframework.beans.factory.support.AbstractAutowireCapableBeanFactory.initializeBean(AbstractAutowireCapableBeanFactory.java:1826)
	at org.springframework.beans.factory.support.AbstractAutowireCapableBeanFactory.doCreateBean(AbstractAutowireCapableBeanFactory.java:607)
	at org.springframework.beans.factory.support.AbstractAutowireCapableBeanFactory.createBean(AbstractAutowireCapableBeanFactory.java:529)
	at org.springframework.beans.factory.support.AbstractBeanFactory.lambda$doGetBean$0(AbstractBeanFactory.java:339)
	at org.springframework.beans.factory.support.DefaultSingletonBeanRegistry.getSingleton(DefaultSingletonBeanRegistry.java:373)
	at org.springframework.beans.factory.support.AbstractBeanFactory.doGetBean(AbstractBeanFactory.java:337)
	at org.springframework.beans.factory.support.AbstractBeanFactory.getBean(AbstractBeanFactory.java:202)
	at org.springframework.beans.factory.support.AbstractBeanFactory.doGetBean(AbstractBeanFactory.java:315)
	... 95 common frames omitted
Caused by: liquibase.exception.DatabaseException: org.postgresql.util.PSQLException: FATAL: password authentication failed for user "postgres"
	at liquibase.integration.spring.SpringLiquibase.afterPropertiesSet(SpringLiquibase.java:286)
	at org.springframework.beans.factory.support.AbstractAutowireCapableBeanFactory.invokeInitMethods(AbstractAutowireCapableBeanFactory.java:1873)
	at org.springframework.beans.factory.support.AbstractAutowireCapableBeanFactory.initializeBean(AbstractAutowireCapableBeanFactory.java:1822)
	... 102 common frames omitted
Caused by: org.postgresql.util.PSQLException: FATAL: password authentication failed for user "postgres"
	at org.postgresql.core.v3.ConnectionFactoryImpl.doAuthentication(ConnectionFactoryImpl.java:777)
	at org.postgresql.core.v3.ConnectionFactoryImpl.tryConnect(ConnectionFactoryImpl.java:234)
	at org.postgresql.core.v3.ConnectionFactoryImpl.openConnectionImpl(ConnectionFactoryImpl.java:289)
	at org.postgresql.core.ConnectionFactory.openConnection(ConnectionFactory.java:57)
	at org.postgresql.jdbc.PgConnection.<init>(PgConnection.java:277)
	at org.postgresql.Driver.makeConnection(Driver.java:448)
	at org.postgresql.Driver.connect(Driver.java:298)
	at com.zaxxer.hikari.util.DriverDataSource.getConnection(DriverDataSource.java:144)
	at com.zaxxer.hikari.pool.PoolBase.newConnection(PoolBase.java:370)
	at com.zaxxer.hikari.pool.PoolBase.newPoolEntry(PoolBase.java:207)
	at com.zaxxer.hikari.pool.HikariPool.createPoolEntry(HikariPool.java:488)
	at com.zaxxer.hikari.pool.HikariPool.checkFailFast(HikariPool.java:576)
	at com.zaxxer.hikari.pool.HikariPool.<init>(HikariPool.java:97)
	at com.zaxxer.hikari.HikariDataSource.getConnection(HikariDataSource.java:111)
	at liquibase.integration.spring.SpringLiquibase.afterPropertiesSet(SpringLiquibase.java:281)
	... 104 common frames omitted
2025-10-15 15:22:31,453 WARN  TestContextManager [TestContextManager.java:272] Caught exception while allowing TestExecutionListener [org.springframework.test.context.web.ServletTestExecutionListener] to prepare test instance [com.example.logistics.LogisticsApplicationTests@71936a92]
java.lang.IllegalStateException: Failed to load ApplicationContext for [WebMergedContextConfiguration@27a9f025 testClass = com.example.logistics.LogisticsApplicationTests, locations = [], classes = [com.example.logistics.LogisticsApplication], contextInitializerClasses = [], activeProfiles = [], propertySourceDescriptors = [], propertySourceProperties = ["org.springframework.boot.test.context.SpringBootTestContextBootstrapper=true"], contextCustomizers = [org.springframework.boot.test.context.filter.ExcludeFilterContextCustomizer@4b41e4dd, org.springframework.boot.test.json.DuplicateJsonObjectContextCustomizerFactory$DuplicateJsonObjectContextCustomizer@1f6c9cd8, org.springframework.boot.test.mock.mockito.MockitoContextCustomizer@0, org.springframework.boot.test.web.client.TestRestTemplateContextCustomizer@59252cb6, org.springframework.boot.test.web.reactor.netty.DisableReactorResourceFactoryGlobalResourcesContextCustomizerFactory$DisableReactorResourceFactoryGlobalResourcesContextCustomizerCustomizer@613a8ee1, org.springframework.boot.test.autoconfigure.OnFailureConditionReportContextCustomizerFactory$OnFailureConditionReportContextCustomizer@1b765a2c, org.springframework.boot.test.autoconfigure.actuate.observability.ObservabilityContextCustomizerFactory$DisableObservabilityContextCustomizer@1f, org.springframework.boot.test.autoconfigure.properties.PropertyMappingContextCustomizer@0, org.springframework.boot.test.autoconfigure.web.servlet.WebDriverContextCustomizer@2f17e30d, org.springframework.test.context.support.DynamicPropertiesContextCustomizer@0, org.springframework.boot.test.context.SpringBootTestAnnotation@28000246], resourceBasePath = "src/main/webapp", contextLoader = org.springframework.boot.test.context.SpringBootContextLoader, parent = null]
	at org.springframework.test.context.cache.DefaultCacheAwareContextLoaderDelegate.loadContext(DefaultCacheAwareContextLoaderDelegate.java:180)
	at org.springframework.test.context.support.DefaultTestContext.getApplicationContext(DefaultTestContext.java:130)
	at org.springframework.test.context.web.ServletTestExecutionListener.setUpRequestContextIfNecessary(ServletTestExecutionListener.java:200)
	at org.springframework.test.context.web.ServletTestExecutionListener.prepareTestInstance(ServletTestExecutionListener.java:139)
	at org.springframework.test.context.TestContextManager.prepareTestInstance(TestContextManager.java:260)
	at org.springframework.test.context.junit.jupiter.SpringExtension.postProcessTestInstance(SpringExtension.java:159)
	at org.junit.jupiter.engine.descriptor.ClassBasedTestDescriptor.lambda$invokeTestInstancePostProcessors$10(ClassBasedTestDescriptor.java:383)
	at org.junit.jupiter.engine.descriptor.ClassBasedTestDescriptor.executeAndMaskThrowable(ClassBasedTestDescriptor.java:388)
	at org.junit.jupiter.engine.descriptor.ClassBasedTestDescriptor.lambda$invokeTestInstancePostProcessors$11(ClassBasedTestDescriptor.java:382)
	at java.base/java.util.stream.ForEachOps$ForEachOp$OfRef.accept(ForEachOps.java:183)
	at java.base/java.util.stream.ReferencePipeline$3$1.accept(ReferencePipeline.java:197)
	at java.base/java.util.stream.ReferencePipeline$2$1.accept(ReferencePipeline.java:179)
	at java.base/java.util.stream.ReferencePipeline$3$1.accept(ReferencePipeline.java:197)
	at java.base/java.util.ArrayList$ArrayListSpliterator.forEachRemaining(ArrayList.java:1625)
	at java.base/java.util.stream.AbstractPipeline.copyInto(AbstractPipeline.java:509)
	at java.base/java.util.stream.AbstractPipeline.wrapAndCopyInto(AbstractPipeline.java:499)
	at java.base/java.util.stream.ForEachOps$ForEachOp.evaluateSequential(ForEachOps.java:150)
	at java.base/java.util.stream.ForEachOps$ForEachOp$OfRef.evaluateSequential(ForEachOps.java:173)
	at java.base/java.util.stream.AbstractPipeline.evaluate(AbstractPipeline.java:234)
	at java.base/java.util.stream.ReferencePipeline.forEach(ReferencePipeline.java:596)
	at org.junit.jupiter.engine.descriptor.ClassBasedTestDescriptor.invokeTestInstancePostProcessors(ClassBasedTestDescriptor.java:382)
	at org.junit.jupiter.engine.descriptor.ClassBasedTestDescriptor.lambda$instantiateAndPostProcessTestInstance$6(ClassBasedTestDescriptor.java:293)
	at org.junit.platform.engine.support.hierarchical.ThrowableCollector.execute(ThrowableCollector.java:73)
	at org.junit.jupiter.engine.descriptor.ClassBasedTestDescriptor.instantiateAndPostProcessTestInstance(ClassBasedTestDescriptor.java:292)
	at org.junit.jupiter.engine.descriptor.ClassBasedTestDescriptor.lambda$testInstancesProvider$4(ClassBasedTestDescriptor.java:281)
	at java.base/java.util.Optional.orElseGet(Optional.java:364)
	at org.junit.jupiter.engine.descriptor.ClassBasedTestDescriptor.lambda$testInstancesProvider$5(ClassBasedTestDescriptor.java:280)
	at org.junit.jupiter.engine.execution.TestInstancesProvider.getTestInstances(TestInstancesProvider.java:27)
	at org.junit.jupiter.engine.descriptor.TestMethodTestDescriptor.lambda$prepare$0(TestMethodTestDescriptor.java:112)
	at org.junit.platform.engine.support.hierarchical.ThrowableCollector.execute(ThrowableCollector.java:73)
	at org.junit.jupiter.engine.descriptor.TestMethodTestDescriptor.prepare(TestMethodTestDescriptor.java:111)
	at org.junit.jupiter.engine.descriptor.TestMethodTestDescriptor.prepare(TestMethodTestDescriptor.java:69)
	at org.junit.platform.engine.support.hierarchical.NodeTestTask.lambda$prepare$2(NodeTestTask.java:128)
	at org.junit.platform.engine.support.hierarchical.ThrowableCollector.execute(ThrowableCollector.java:73)
	at org.junit.platform.engine.support.hierarchical.NodeTestTask.prepare(NodeTestTask.java:128)
	at org.junit.platform.engine.support.hierarchical.NodeTestTask.execute(NodeTestTask.java:95)
	at java.base/java.util.ArrayList.forEach(ArrayList.java:1511)
	at org.junit.platform.engine.support.hierarchical.SameThreadHierarchicalTestExecutorService.invokeAll(SameThreadHierarchicalTestExecutorService.java:41)
	at org.junit.platform.engine.support.hierarchical.NodeTestTask.lambda$executeRecursively$6(NodeTestTask.java:160)
	at org.junit.platform.engine.support.hierarchical.ThrowableCollector.execute(ThrowableCollector.java:73)
	at org.junit.platform.engine.support.hierarchical.NodeTestTask.lambda$executeRecursively$8(NodeTestTask.java:146)
	at org.junit.platform.engine.support.hierarchical.Node.around(Node.java:137)
	at org.junit.platform.engine.support.hierarchical.NodeTestTask.lambda$executeRecursively$9(NodeTestTask.java:144)
	at org.junit.platform.engine.support.hierarchical.ThrowableCollector.execute(ThrowableCollector.java:73)
	at org.junit.platform.engine.support.hierarchical.NodeTestTask.executeRecursively(NodeTestTask.java:143)
	at org.junit.platform.engine.support.hierarchical.NodeTestTask.execute(NodeTestTask.java:100)
	at java.base/java.util.ArrayList.forEach(ArrayList.java:1511)
	at org.junit.platform.engine.support.hierarchical.SameThreadHierarchicalTestExecutorService.invokeAll(SameThreadHierarchicalTestExecutorService.java:41)
	at org.junit.platform.engine.support.hierarchical.NodeTestTask.lambda$executeRecursively$6(NodeTestTask.java:160)
	at org.junit.platform.engine.support.hierarchical.ThrowableCollector.execute(ThrowableCollector.java:73)
	at org.junit.platform.engine.support.hierarchical.NodeTestTask.lambda$executeRecursively$8(NodeTestTask.java:146)
	at org.junit.platform.engine.support.hierarchical.Node.around(Node.java:137)
	at org.junit.platform.engine.support.hierarchical.NodeTestTask.lambda$executeRecursively$9(NodeTestTask.java:144)
	at org.junit.platform.engine.support.hierarchical.ThrowableCollector.execute(ThrowableCollector.java:73)
	at org.junit.platform.engine.support.hierarchical.NodeTestTask.executeRecursively(NodeTestTask.java:143)
	at org.junit.platform.engine.support.hierarchical.NodeTestTask.execute(NodeTestTask.java:100)
	at org.junit.platform.engine.support.hierarchical.SameThreadHierarchicalTestExecutorService.submit(SameThreadHierarchicalTestExecutorService.java:35)
	at org.junit.platform.engine.support.hierarchical.HierarchicalTestExecutor.execute(HierarchicalTestExecutor.java:57)
	at org.junit.platform.engine.support.hierarchical.HierarchicalTestEngine.execute(HierarchicalTestEngine.java:54)
	at org.junit.platform.launcher.core.EngineExecutionOrchestrator.execute(EngineExecutionOrchestrator.java:201)
	at org.junit.platform.launcher.core.EngineExecutionOrchestrator.execute(EngineExecutionOrchestrator.java:170)
	at org.junit.platform.launcher.core.EngineExecutionOrchestrator.execute(EngineExecutionOrchestrator.java:94)
	at org.junit.platform.launcher.core.EngineExecutionOrchestrator.lambda$execute$0(EngineExecutionOrchestrator.java:59)
	at org.junit.platform.launcher.core.EngineExecutionOrchestrator.withInterceptedStreams(EngineExecutionOrchestrator.java:142)
	at org.junit.platform.launcher.core.EngineExecutionOrchestrator.execute(EngineExecutionOrchestrator.java:58)
	at org.junit.platform.launcher.core.DefaultLauncher.execute(DefaultLauncher.java:103)
	at org.junit.platform.launcher.core.DefaultLauncher.execute(DefaultLauncher.java:85)
	at org.junit.platform.launcher.core.DelegatingLauncher.execute(DelegatingLauncher.java:47)
	at org.junit.platform.launcher.core.InterceptingLauncher.lambda$execute$1(InterceptingLauncher.java:39)
	at org.junit.platform.launcher.core.ClasspathAlignmentCheckingLauncherInterceptor.intercept(ClasspathAlignmentCheckingLauncherInterceptor.java:25)
	at org.junit.platform.launcher.core.InterceptingLauncher.execute(InterceptingLauncher.java:38)
	at org.junit.platform.launcher.core.DelegatingLauncher.execute(DelegatingLauncher.java:47)
	at org.apache.maven.surefire.junitplatform.LauncherAdapter.executeWithoutCancellationToken(LauncherAdapter.java:60)
	at org.apache.maven.surefire.junitplatform.LauncherAdapter.execute(LauncherAdapter.java:52)
	at org.apache.maven.surefire.junitplatform.JUnitPlatformProvider.execute(JUnitPlatformProvider.java:203)
	at org.apache.maven.surefire.junitplatform.JUnitPlatformProvider.invokeAllTests(JUnitPlatformProvider.java:168)
	at org.apache.maven.surefire.junitplatform.JUnitPlatformProvider.invoke(JUnitPlatformProvider.java:136)
	at org.apache.maven.surefire.booter.ForkedBooter.runSuitesInProcess(ForkedBooter.java:385)
	at org.apache.maven.surefire.booter.ForkedBooter.execute(ForkedBooter.java:162)
	at org.apache.maven.surefire.booter.ForkedBooter.run(ForkedBooter.java:507)
	at org.apache.maven.surefire.booter.ForkedBooter.main(ForkedBooter.java:495)
Caused by: org.springframework.beans.factory.BeanCreationException: Error creating bean with name 'entityManagerFactory' defined in class path resource [org/springframework/boot/autoconfigure/orm/jpa/HibernateJpaConfiguration.class]: Failed to initialize dependency 'liquibase' of LoadTimeWeaverAware bean 'entityManagerFactory': Error creating bean with name 'liquibase' defined in class path resource [org/springframework/boot/autoconfigure/liquibase/LiquibaseAutoConfiguration$LiquibaseConfiguration.class]: org.postgresql.util.PSQLException: FATAL: password authentication failed for user "postgres"
	at org.springframework.beans.factory.support.AbstractBeanFactory.doGetBean(AbstractBeanFactory.java:328)
	at org.springframework.beans.factory.support.AbstractBeanFactory.getBean(AbstractBeanFactory.java:207)
	at org.springframework.context.support.AbstractApplicationContext.finishBeanFactoryInitialization(AbstractApplicationContext.java:970)
	at org.springframework.context.support.AbstractApplicationContext.refresh(AbstractApplicationContext.java:627)
	at org.springframework.boot.SpringApplication.refresh(SpringApplication.java:752)
	at org.springframework.boot.SpringApplication.refreshContext(SpringApplication.java:439)
	at org.springframework.boot.SpringApplication.run(SpringApplication.java:318)
	at org.springframework.boot.test.context.SpringBootContextLoader.lambda$loadContext$3(SpringBootContextLoader.java:144)
	at org.springframework.util.function.ThrowingSupplier.get(ThrowingSupplier.java:58)
	at org.springframework.util.function.ThrowingSupplier.get(ThrowingSupplier.java:46)
	at org.springframework.boot.SpringApplication.withHook(SpringApplication.java:1461)
	at org.springframework.boot.test.context.SpringBootContextLoader$ContextLoaderHook.run(SpringBootContextLoader.java:563)
	at org.springframework.boot.test.context.SpringBootContextLoader.loadContext(SpringBootContextLoader.java:144)
	at org.springframework.boot.test.context.SpringBootContextLoader.loadContext(SpringBootContextLoader.java:110)
	at org.springframework.test.context.cache.DefaultCacheAwareContextLoaderDelegate.loadContextInternal(DefaultCacheAwareContextLoaderDelegate.java:225)
	at org.springframework.test.context.cache.DefaultCacheAwareContextLoaderDelegate.loadContext(DefaultCacheAwareContextLoaderDelegate.java:152)
	... 80 common frames omitted
Caused by: org.springframework.beans.factory.BeanCreationException: Error creating bean with name 'liquibase' defined in class path resource [org/springframework/boot/autoconfigure/liquibase/LiquibaseAutoConfiguration$LiquibaseConfiguration.class]: org.postgresql.util.PSQLException: FATAL: password authentication failed for user "postgres"
	at org.springframework.beans.factory.support.AbstractAutowireCapableBeanFactory.initializeBean(AbstractAutowireCapableBeanFactory.java:1826)
	at org.springframework.beans.factory.support.AbstractAutowireCapableBeanFactory.doCreateBean(AbstractAutowireCapableBeanFactory.java:607)
	at org.springframework.beans.factory.support.AbstractAutowireCapableBeanFactory.createBean(AbstractAutowireCapableBeanFactory.java:529)
	at org.springframework.beans.factory.support.AbstractBeanFactory.lambda$doGetBean$0(AbstractBeanFactory.java:339)
	at org.springframework.beans.factory.support.DefaultSingletonBeanRegistry.getSingleton(DefaultSingletonBeanRegistry.java:373)
	at org.springframework.beans.factory.support.AbstractBeanFactory.doGetBean(AbstractBeanFactory.java:337)
	at org.springframework.beans.factory.support.AbstractBeanFactory.getBean(AbstractBeanFactory.java:202)
	at org.springframework.beans.factory.support.AbstractBeanFactory.doGetBean(AbstractBeanFactory.java:315)
	... 95 common frames omitted
Caused by: liquibase.exception.DatabaseException: org.postgresql.util.PSQLException: FATAL: password authentication failed for user "postgres"
	at liquibase.integration.spring.SpringLiquibase.afterPropertiesSet(SpringLiquibase.java:286)
	at org.springframework.beans.factory.support.AbstractAutowireCapableBeanFactory.invokeInitMethods(AbstractAutowireCapableBeanFactory.java:1873)
	at org.springframework.beans.factory.support.AbstractAutowireCapableBeanFactory.initializeBean(AbstractAutowireCapableBeanFactory.java:1822)
	... 102 common frames omitted
Caused by: org.postgresql.util.PSQLException: FATAL: password authentication failed for user "postgres"
	at org.postgresql.core.v3.ConnectionFactoryImpl.doAuthentication(ConnectionFactoryImpl.java:777)
	at org.postgresql.core.v3.ConnectionFactoryImpl.tryConnect(ConnectionFactoryImpl.java:234)
	at org.postgresql.core.v3.ConnectionFactoryImpl.openConnectionImpl(ConnectionFactoryImpl.java:289)
	at org.postgresql.core.ConnectionFactory.openConnection(ConnectionFactory.java:57)
	at org.postgresql.jdbc.PgConnection.<init>(PgConnection.java:277)
	at org.postgresql.Driver.makeConnection(Driver.java:448)
	at org.postgresql.Driver.connect(Driver.java:298)
	at com.zaxxer.hikari.util.DriverDataSource.getConnection(DriverDataSource.java:144)
	at com.zaxxer.hikari.pool.PoolBase.newConnection(PoolBase.java:370)
	at com.zaxxer.hikari.pool.PoolBase.newPoolEntry(PoolBase.java:207)
	at com.zaxxer.hikari.pool.HikariPool.createPoolEntry(HikariPool.java:488)
	at com.zaxxer.hikari.pool.HikariPool.checkFailFast(HikariPool.java:576)
	at com.zaxxer.hikari.pool.HikariPool.<init>(HikariPool.java:97)
	at com.zaxxer.hikari.HikariDataSource.getConnection(HikariDataSource.java:111)
	at liquibase.integration.spring.SpringLiquibase.afterPropertiesSet(SpringLiquibase.java:281)
	... 104 common frames omitted
2025-10-15 15:23:08,189 INFO  AnnotationConfigContextLoaderUtils [AnnotationConfigContextLoaderUtils.java:83] Could not detect default configuration classes for test class [com.example.logistics.LogisticsApplicationTests]: LogisticsApplicationTests does not declare any static, non-private, non-final, nested classes annotated with @Configuration.
2025-10-15 15:23:08,284 INFO  SpringBootTestContextBootstrapper [SpringBootTestContextBootstrapper.java:234] Found @SpringBootConfiguration com.example.logistics.LogisticsApplication for test class com.example.logistics.LogisticsApplicationTests
2025-10-15 15:23:08,577 INFO  Version [Version.java:21] HV000001: Hibernate Validator 8.0.3.Final
2025-10-15 15:23:08,607 INFO  LogisticsApplicationTests [StartupInfoLogger.java:53] Starting LogisticsApplicationTests using Java 17.0.5 with PID 23908 (started by 1 in C:\Users\1\Desktop\LOGISTICS\logistics)
2025-10-15 15:23:08,609 INFO  LogisticsApplicationTests [SpringApplication.java:652] No active profile set, falling back to 1 default profile: "default"
2025-10-15 15:23:09,243 INFO  RepositoryConfigurationDelegate [RepositoryConfigurationDelegate.java:145] Bootstrapping Spring Data JPA repositories in DEFAULT mode.
2025-10-15 15:23:09,323 INFO  RepositoryConfigurationDelegate [RepositoryConfigurationDelegate.java:213] Finished Spring Data repository scanning in 64 ms. Found 7 JPA repository interfaces.
2025-10-15 15:23:09,805 INFO  HikariDataSource [HikariDataSource.java:109] HikariPool-1 - Starting...
2025-10-15 15:23:11,017 WARN  GenericWebApplicationContext [AbstractApplicationContext.java:635] Exception encountered during context initialization - cancelling refresh attempt: org.springframework.beans.factory.BeanCreationException: Error creating bean with name 'entityManagerFactory' defined in class path resource [org/springframework/boot/autoconfigure/orm/jpa/HibernateJpaConfiguration.class]: Failed to initialize dependency 'liquibase' of LoadTimeWeaverAware bean 'entityManagerFactory': Error creating bean with name 'liquibase' defined in class path resource [org/springframework/boot/autoconfigure/liquibase/LiquibaseAutoConfiguration$LiquibaseConfiguration.class]: org.postgresql.util.PSQLException: FATAL: password authentication failed for user "postgres"
2025-10-15 15:23:11,041 INFO  ConditionEvaluationReportLogger [ConditionEvaluationReportLogger.java:82] 

Error starting ApplicationContext. To display the condition evaluation report re-run your application with 'debug' enabled.
2025-10-15 15:23:11,067 ERROR SpringApplication [SpringApplication.java:857] Application run failed
org.springframework.beans.factory.BeanCreationException: Error creating bean with name 'entityManagerFactory' defined in class path resource [org/springframework/boot/autoconfigure/orm/jpa/HibernateJpaConfiguration.class]: Failed to initialize dependency 'liquibase' of LoadTimeWeaverAware bean 'entityManagerFactory': Error creating bean with name 'liquibase' defined in class path resource [org/springframework/boot/autoconfigure/liquibase/LiquibaseAutoConfiguration$LiquibaseConfiguration.class]: org.postgresql.util.PSQLException: FATAL: password authentication failed for user "postgres"
	at org.springframework.beans.factory.support.AbstractBeanFactory.doGetBean(AbstractBeanFactory.java:328)
	at org.springframework.beans.factory.support.AbstractBeanFactory.getBean(AbstractBeanFactory.java:207)
	at org.springframework.context.support.AbstractApplicationContext.finishBeanFactoryInitialization(AbstractApplicationContext.java:970)
	at org.springframework.context.support.AbstractApplicationContext.refresh(AbstractApplicationContext.java:627)
	at org.springframework.boot.SpringApplication.refresh(SpringApplication.java:752)
	at org.springframework.boot.SpringApplication.refreshContext(SpringApplication.java:439)
	at org.springframework.boot.SpringApplication.run(SpringApplication.java:318)
	at org.springframework.boot.test.context.SpringBootContextLoader.lambda$loadContext$3(SpringBootContextLoader.java:144)
	at org.springframework.util.function.ThrowingSupplier.get(ThrowingSupplier.java:58)
	at org.springframework.util.function.ThrowingSupplier.get(ThrowingSupplier.java:46)
	at org.springframework.boot.SpringApplication.withHook(SpringApplication.java:1461)
	at org.springframework.boot.test.context.SpringBootContextLoader$ContextLoaderHook.run(SpringBootContextLoader.java:563)
	at org.springframework.boot.test.context.SpringBootContextLoader.loadContext(SpringBootContextLoader.java:144)
	at org.springframework.boot.test.context.SpringBootContextLoader.loadContext(SpringBootContextLoader.java:110)
	at org.springframework.test.context.cache.DefaultCacheAwareContextLoaderDelegate.loadContextInternal(DefaultCacheAwareContextLoaderDelegate.java:225)
	at org.springframework.test.context.cache.DefaultCacheAwareContextLoaderDelegate.loadContext(DefaultCacheAwareContextLoaderDelegate.java:152)
	at org.springframework.test.context.support.DefaultTestContext.getApplicationContext(DefaultTestContext.java:130)
	at org.springframework.test.context.web.ServletTestExecutionListener.setUpRequestContextIfNecessary(ServletTestExecutionListener.java:200)
	at org.springframework.test.context.web.ServletTestExecutionListener.prepareTestInstance(ServletTestExecutionListener.java:139)
	at org.springframework.test.context.TestContextManager.prepareTestInstance(TestContextManager.java:260)
	at org.springframework.test.context.junit.jupiter.SpringExtension.postProcessTestInstance(SpringExtension.java:159)
	at org.junit.jupiter.engine.descriptor.ClassBasedTestDescriptor.lambda$invokeTestInstancePostProcessors$10(ClassBasedTestDescriptor.java:383)
	at org.junit.jupiter.engine.descriptor.ClassBasedTestDescriptor.executeAndMaskThrowable(ClassBasedTestDescriptor.java:388)
	at org.junit.jupiter.engine.descriptor.ClassBasedTestDescriptor.lambda$invokeTestInstancePostProcessors$11(ClassBasedTestDescriptor.java:382)
	at java.base/java.util.stream.ForEachOps$ForEachOp$OfRef.accept(ForEachOps.java:183)
	at java.base/java.util.stream.ReferencePipeline$3$1.accept(ReferencePipeline.java:197)
	at java.base/java.util.stream.ReferencePipeline$2$1.accept(ReferencePipeline.java:179)
	at java.base/java.util.stream.ReferencePipeline$3$1.accept(ReferencePipeline.java:197)
	at java.base/java.util.ArrayList$ArrayListSpliterator.forEachRemaining(ArrayList.java:1625)
	at java.base/java.util.stream.AbstractPipeline.copyInto(AbstractPipeline.java:509)
	at java.base/java.util.stream.AbstractPipeline.wrapAndCopyInto(AbstractPipeline.java:499)
	at java.base/java.util.stream.ForEachOps$ForEachOp.evaluateSequential(ForEachOps.java:150)
	at java.base/java.util.stream.ForEachOps$ForEachOp$OfRef.evaluateSequential(ForEachOps.java:173)
	at java.base/java.util.stream.AbstractPipeline.evaluate(AbstractPipeline.java:234)
	at java.base/java.util.stream.ReferencePipeline.forEach(ReferencePipeline.java:596)
	at org.junit.jupiter.engine.descriptor.ClassBasedTestDescriptor.invokeTestInstancePostProcessors(ClassBasedTestDescriptor.java:382)
	at org.junit.jupiter.engine.descriptor.ClassBasedTestDescriptor.lambda$instantiateAndPostProcessTestInstance$6(ClassBasedTestDescriptor.java:293)
	at org.junit.platform.engine.support.hierarchical.ThrowableCollector.execute(ThrowableCollector.java:73)
	at org.junit.jupiter.engine.descriptor.ClassBasedTestDescriptor.instantiateAndPostProcessTestInstance(ClassBasedTestDescriptor.java:292)
	at org.junit.jupiter.engine.descriptor.ClassBasedTestDescriptor.lambda$testInstancesProvider$4(ClassBasedTestDescriptor.java:281)
	at java.base/java.util.Optional.orElseGet(Optional.java:364)
	at org.junit.jupiter.engine.descriptor.ClassBasedTestDescriptor.lambda$testInstancesProvider$5(ClassBasedTestDescriptor.java:280)
	at org.junit.jupiter.engine.execution.TestInstancesProvider.getTestInstances(TestInstancesProvider.java:27)
	at org.junit.jupiter.engine.descriptor.TestMethodTestDescriptor.lambda$prepare$0(TestMethodTestDescriptor.java:112)
	at org.junit.platform.engine.support.hierarchical.ThrowableCollector.execute(ThrowableCollector.java:73)
	at org.junit.jupiter.engine.descriptor.TestMethodTestDescriptor.prepare(TestMethodTestDescriptor.java:111)
	at org.junit.jupiter.engine.descriptor.TestMethodTestDescriptor.prepare(TestMethodTestDescriptor.java:69)
	at org.junit.platform.engine.support.hierarchical.NodeTestTask.lambda$prepare$2(NodeTestTask.java:128)
	at org.junit.platform.engine.support.hierarchical.ThrowableCollector.execute(ThrowableCollector.java:73)
	at org.junit.platform.engine.support.hierarchical.NodeTestTask.prepare(NodeTestTask.java:128)
	at org.junit.platform.engine.support.hierarchical.NodeTestTask.execute(NodeTestTask.java:95)
	at java.base/java.util.ArrayList.forEach(ArrayList.java:1511)
	at org.junit.platform.engine.support.hierarchical.SameThreadHierarchicalTestExecutorService.invokeAll(SameThreadHierarchicalTestExecutorService.java:41)
	at org.junit.platform.engine.support.hierarchical.NodeTestTask.lambda$executeRecursively$6(NodeTestTask.java:160)
	at org.junit.platform.engine.support.hierarchical.ThrowableCollector.execute(ThrowableCollector.java:73)
	at org.junit.platform.engine.support.hierarchical.NodeTestTask.lambda$executeRecursively$8(NodeTestTask.java:146)
	at org.junit.platform.engine.support.hierarchical.Node.around(Node.java:137)
	at org.junit.platform.engine.support.hierarchical.NodeTestTask.lambda$executeRecursively$9(NodeTestTask.java:144)
	at org.junit.platform.engine.support.hierarchical.ThrowableCollector.execute(ThrowableCollector.java:73)
	at org.junit.platform.engine.support.hierarchical.NodeTestTask.executeRecursively(NodeTestTask.java:143)
	at org.junit.platform.engine.support.hierarchical.NodeTestTask.execute(NodeTestTask.java:100)
	at java.base/java.util.ArrayList.forEach(ArrayList.java:1511)
	at org.junit.platform.engine.support.hierarchical.SameThreadHierarchicalTestExecutorService.invokeAll(SameThreadHierarchicalTestExecutorService.java:41)
	at org.junit.platform.engine.support.hierarchical.NodeTestTask.lambda$executeRecursively$6(NodeTestTask.java:160)
	at org.junit.platform.engine.support.hierarchical.ThrowableCollector.execute(ThrowableCollector.java:73)
	at org.junit.platform.engine.support.hierarchical.NodeTestTask.lambda$executeRecursively$8(NodeTestTask.java:146)
	at org.junit.platform.engine.support.hierarchical.Node.around(Node.java:137)
	at org.junit.platform.engine.support.hierarchical.NodeTestTask.lambda$executeRecursively$9(NodeTestTask.java:144)
	at org.junit.platform.engine.support.hierarchical.ThrowableCollector.execute(ThrowableCollector.java:73)
	at org.junit.platform.engine.support.hierarchical.NodeTestTask.executeRecursively(NodeTestTask.java:143)
	at org.junit.platform.engine.support.hierarchical.NodeTestTask.execute(NodeTestTask.java:100)
	at org.junit.platform.engine.support.hierarchical.SameThreadHierarchicalTestExecutorService.submit(SameThreadHierarchicalTestExecutorService.java:35)
	at org.junit.platform.engine.support.hierarchical.HierarchicalTestExecutor.execute(HierarchicalTestExecutor.java:57)
	at org.junit.platform.engine.support.hierarchical.HierarchicalTestEngine.execute(HierarchicalTestEngine.java:54)
	at org.junit.platform.launcher.core.EngineExecutionOrchestrator.execute(EngineExecutionOrchestrator.java:201)
	at org.junit.platform.launcher.core.EngineExecutionOrchestrator.execute(EngineExecutionOrchestrator.java:170)
	at org.junit.platform.launcher.core.EngineExecutionOrchestrator.execute(EngineExecutionOrchestrator.java:94)
	at org.junit.platform.launcher.core.EngineExecutionOrchestrator.lambda$execute$0(EngineExecutionOrchestrator.java:59)
	at org.junit.platform.launcher.core.EngineExecutionOrchestrator.withInterceptedStreams(EngineExecutionOrchestrator.java:142)
	at org.junit.platform.launcher.core.EngineExecutionOrchestrator.execute(EngineExecutionOrchestrator.java:58)
	at org.junit.platform.launcher.core.DefaultLauncher.execute(DefaultLauncher.java:103)
	at org.junit.platform.launcher.core.DefaultLauncher.execute(DefaultLauncher.java:85)
	at org.junit.platform.launcher.core.DelegatingLauncher.execute(DelegatingLauncher.java:47)
	at org.junit.platform.launcher.core.InterceptingLauncher.lambda$execute$1(InterceptingLauncher.java:39)
	at org.junit.platform.launcher.core.ClasspathAlignmentCheckingLauncherInterceptor.intercept(ClasspathAlignmentCheckingLauncherInterceptor.java:25)
	at org.junit.platform.launcher.core.InterceptingLauncher.execute(InterceptingLauncher.java:38)
	at org.junit.platform.launcher.core.DelegatingLauncher.execute(DelegatingLauncher.java:47)
	at org.apache.maven.surefire.junitplatform.LauncherAdapter.executeWithoutCancellationToken(LauncherAdapter.java:60)
	at org.apache.maven.surefire.junitplatform.LauncherAdapter.execute(LauncherAdapter.java:52)
	at org.apache.maven.surefire.junitplatform.JUnitPlatformProvider.execute(JUnitPlatformProvider.java:203)
	at org.apache.maven.surefire.junitplatform.JUnitPlatformProvider.invokeAllTests(JUnitPlatformProvider.java:168)
	at org.apache.maven.surefire.junitplatform.JUnitPlatformProvider.invoke(JUnitPlatformProvider.java:136)
	at org.apache.maven.surefire.booter.ForkedBooter.runSuitesInProcess(ForkedBooter.java:385)
	at org.apache.maven.surefire.booter.ForkedBooter.execute(ForkedBooter.java:162)
	at org.apache.maven.surefire.booter.ForkedBooter.run(ForkedBooter.java:507)
	at org.apache.maven.surefire.booter.ForkedBooter.main(ForkedBooter.java:495)
Caused by: org.springframework.beans.factory.BeanCreationException: Error creating bean with name 'liquibase' defined in class path resource [org/springframework/boot/autoconfigure/liquibase/LiquibaseAutoConfiguration$LiquibaseConfiguration.class]: org.postgresql.util.PSQLException: FATAL: password authentication failed for user "postgres"
	at org.springframework.beans.factory.support.AbstractAutowireCapableBeanFactory.initializeBean(AbstractAutowireCapableBeanFactory.java:1826)
	at org.springframework.beans.factory.support.AbstractAutowireCapableBeanFactory.doCreateBean(AbstractAutowireCapableBeanFactory.java:607)
	at org.springframework.beans.factory.support.AbstractAutowireCapableBeanFactory.createBean(AbstractAutowireCapableBeanFactory.java:529)
	at org.springframework.beans.factory.support.AbstractBeanFactory.lambda$doGetBean$0(AbstractBeanFactory.java:339)
	at org.springframework.beans.factory.support.DefaultSingletonBeanRegistry.getSingleton(DefaultSingletonBeanRegistry.java:373)
	at org.springframework.beans.factory.support.AbstractBeanFactory.doGetBean(AbstractBeanFactory.java:337)
	at org.springframework.beans.factory.support.AbstractBeanFactory.getBean(AbstractBeanFactory.java:202)
	at org.springframework.beans.factory.support.AbstractBeanFactory.doGetBean(AbstractBeanFactory.java:315)
	... 95 common frames omitted
Caused by: liquibase.exception.DatabaseException: org.postgresql.util.PSQLException: FATAL: password authentication failed for user "postgres"
	at liquibase.integration.spring.SpringLiquibase.afterPropertiesSet(SpringLiquibase.java:286)
	at org.springframework.beans.factory.support.AbstractAutowireCapableBeanFactory.invokeInitMethods(AbstractAutowireCapableBeanFactory.java:1873)
	at org.springframework.beans.factory.support.AbstractAutowireCapableBeanFactory.initializeBean(AbstractAutowireCapableBeanFactory.java:1822)
	... 102 common frames omitted
Caused by: org.postgresql.util.PSQLException: FATAL: password authentication failed for user "postgres"
	at org.postgresql.core.v3.ConnectionFactoryImpl.doAuthentication(ConnectionFactoryImpl.java:777)
	at org.postgresql.core.v3.ConnectionFactoryImpl.tryConnect(ConnectionFactoryImpl.java:234)
	at org.postgresql.core.v3.ConnectionFactoryImpl.openConnectionImpl(ConnectionFactoryImpl.java:289)
	at org.postgresql.core.ConnectionFactory.openConnection(ConnectionFactory.java:57)
	at org.postgresql.jdbc.PgConnection.<init>(PgConnection.java:277)
	at org.postgresql.Driver.makeConnection(Driver.java:448)
	at org.postgresql.Driver.connect(Driver.java:298)
	at com.zaxxer.hikari.util.DriverDataSource.getConnection(DriverDataSource.java:144)
	at com.zaxxer.hikari.pool.PoolBase.newConnection(PoolBase.java:370)
	at com.zaxxer.hikari.pool.PoolBase.newPoolEntry(PoolBase.java:207)
	at com.zaxxer.hikari.pool.HikariPool.createPoolEntry(HikariPool.java:488)
	at com.zaxxer.hikari.pool.HikariPool.checkFailFast(HikariPool.java:576)
	at com.zaxxer.hikari.pool.HikariPool.<init>(HikariPool.java:97)
	at com.zaxxer.hikari.HikariDataSource.getConnection(HikariDataSource.java:111)
	at liquibase.integration.spring.SpringLiquibase.afterPropertiesSet(SpringLiquibase.java:281)
	... 104 common frames omitted
2025-10-15 15:23:11,074 WARN  TestContextManager [TestContextManager.java:272] Caught exception while allowing TestExecutionListener [org.springframework.test.context.web.ServletTestExecutionListener] to prepare test instance [com.example.logistics.LogisticsApplicationTests@61359e87]
java.lang.IllegalStateException: Failed to load ApplicationContext for [WebMergedContextConfiguration@71936a92 testClass = com.example.logistics.LogisticsApplicationTests, locations = [], classes = [com.example.logistics.LogisticsApplication], contextInitializerClasses = [], activeProfiles = [], propertySourceDescriptors = [], propertySourceProperties = ["org.springframework.boot.test.context.SpringBootTestContextBootstrapper=true"], contextCustomizers = [org.springframework.boot.test.context.filter.ExcludeFilterContextCustomizer@4b41e4dd, org.springframework.boot.test.json.DuplicateJsonObjectContextCustomizerFactory$DuplicateJsonObjectContextCustomizer@1f6c9cd8, org.springframework.boot.test.mock.mockito.MockitoContextCustomizer@0, org.springframework.boot.test.web.client.TestRestTemplateContextCustomizer@59252cb6, org.springframework.boot.test.web.reactor.netty.DisableReactorResourceFactoryGlobalResourcesContextCustomizerFactory$DisableReactorResourceFactoryGlobalResourcesContextCustomizerCustomizer@613a8ee1, org.springframework.boot.test.autoconfigure.OnFailureConditionReportContextCustomizerFactory$OnFailureConditionReportContextCustomizer@1b765a2c, org.springframework.boot.test.autoconfigure.actuate.observability.ObservabilityContextCustomizerFactory$DisableObservabilityContextCustomizer@1f, org.springframework.boot.test.autoconfigure.properties.PropertyMappingContextCustomizer@0, org.springframework.boot.test.autoconfigure.web.servlet.WebDriverContextCustomizer@2f17e30d, org.springframework.test.context.support.DynamicPropertiesContextCustomizer@0, org.springframework.boot.test.context.SpringBootTestAnnotation@28000246], resourceBasePath = "src/main/webapp", contextLoader = org.springframework.boot.test.context.SpringBootContextLoader, parent = null]
	at org.springframework.test.context.cache.DefaultCacheAwareContextLoaderDelegate.loadContext(DefaultCacheAwareContextLoaderDelegate.java:180)
	at org.springframework.test.context.support.DefaultTestContext.getApplicationContext(DefaultTestContext.java:130)
	at org.springframework.test.context.web.ServletTestExecutionListener.setUpRequestContextIfNecessary(ServletTestExecutionListener.java:200)
	at org.springframework.test.context.web.ServletTestExecutionListener.prepareTestInstance(ServletTestExecutionListener.java:139)
	at org.springframework.test.context.TestContextManager.prepareTestInstance(TestContextManager.java:260)
	at org.springframework.test.context.junit.jupiter.SpringExtension.postProcessTestInstance(SpringExtension.java:159)
	at org.junit.jupiter.engine.descriptor.ClassBasedTestDescriptor.lambda$invokeTestInstancePostProcessors$10(ClassBasedTestDescriptor.java:383)
	at org.junit.jupiter.engine.descriptor.ClassBasedTestDescriptor.executeAndMaskThrowable(ClassBasedTestDescriptor.java:388)
	at org.junit.jupiter.engine.descriptor.ClassBasedTestDescriptor.lambda$invokeTestInstancePostProcessors$11(ClassBasedTestDescriptor.java:382)
	at java.base/java.util.stream.ForEachOps$ForEachOp$OfRef.accept(ForEachOps.java:183)
	at java.base/java.util.stream.ReferencePipeline$3$1.accept(ReferencePipeline.java:197)
	at java.base/java.util.stream.ReferencePipeline$2$1.accept(ReferencePipeline.java:179)
	at java.base/java.util.stream.ReferencePipeline$3$1.accept(ReferencePipeline.java:197)
	at java.base/java.util.ArrayList$ArrayListSpliterator.forEachRemaining(ArrayList.java:1625)
	at java.base/java.util.stream.AbstractPipeline.copyInto(AbstractPipeline.java:509)
	at java.base/java.util.stream.AbstractPipeline.wrapAndCopyInto(AbstractPipeline.java:499)
	at java.base/java.util.stream.ForEachOps$ForEachOp.evaluateSequential(ForEachOps.java:150)
	at java.base/java.util.stream.ForEachOps$ForEachOp$OfRef.evaluateSequential(ForEachOps.java:173)
	at java.base/java.util.stream.AbstractPipeline.evaluate(AbstractPipeline.java:234)
	at java.base/java.util.stream.ReferencePipeline.forEach(ReferencePipeline.java:596)
	at org.junit.jupiter.engine.descriptor.ClassBasedTestDescriptor.invokeTestInstancePostProcessors(ClassBasedTestDescriptor.java:382)
	at org.junit.jupiter.engine.descriptor.ClassBasedTestDescriptor.lambda$instantiateAndPostProcessTestInstance$6(ClassBasedTestDescriptor.java:293)
	at org.junit.platform.engine.support.hierarchical.ThrowableCollector.execute(ThrowableCollector.java:73)
	at org.junit.jupiter.engine.descriptor.ClassBasedTestDescriptor.instantiateAndPostProcessTestInstance(ClassBasedTestDescriptor.java:292)
	at org.junit.jupiter.engine.descriptor.ClassBasedTestDescriptor.lambda$testInstancesProvider$4(ClassBasedTestDescriptor.java:281)
	at java.base/java.util.Optional.orElseGet(Optional.java:364)
	at org.junit.jupiter.engine.descriptor.ClassBasedTestDescriptor.lambda$testInstancesProvider$5(ClassBasedTestDescriptor.java:280)
	at org.junit.jupiter.engine.execution.TestInstancesProvider.getTestInstances(TestInstancesProvider.java:27)
	at org.junit.jupiter.engine.descriptor.TestMethodTestDescriptor.lambda$prepare$0(TestMethodTestDescriptor.java:112)
	at org.junit.platform.engine.support.hierarchical.ThrowableCollector.execute(ThrowableCollector.java:73)
	at org.junit.jupiter.engine.descriptor.TestMethodTestDescriptor.prepare(TestMethodTestDescriptor.java:111)
	at org.junit.jupiter.engine.descriptor.TestMethodTestDescriptor.prepare(TestMethodTestDescriptor.java:69)
	at org.junit.platform.engine.support.hierarchical.NodeTestTask.lambda$prepare$2(NodeTestTask.java:128)
	at org.junit.platform.engine.support.hierarchical.ThrowableCollector.execute(ThrowableCollector.java:73)
	at org.junit.platform.engine.support.hierarchical.NodeTestTask.prepare(NodeTestTask.java:128)
	at org.junit.platform.engine.support.hierarchical.NodeTestTask.execute(NodeTestTask.java:95)
	at java.base/java.util.ArrayList.forEach(ArrayList.java:1511)
	at org.junit.platform.engine.support.hierarchical.SameThreadHierarchicalTestExecutorService.invokeAll(SameThreadHierarchicalTestExecutorService.java:41)
	at org.junit.platform.engine.support.hierarchical.NodeTestTask.lambda$executeRecursively$6(NodeTestTask.java:160)
	at org.junit.platform.engine.support.hierarchical.ThrowableCollector.execute(ThrowableCollector.java:73)
	at org.junit.platform.engine.support.hierarchical.NodeTestTask.lambda$executeRecursively$8(NodeTestTask.java:146)
	at org.junit.platform.engine.support.hierarchical.Node.around(Node.java:137)
	at org.junit.platform.engine.support.hierarchical.NodeTestTask.lambda$executeRecursively$9(NodeTestTask.java:144)
	at org.junit.platform.engine.support.hierarchical.ThrowableCollector.execute(ThrowableCollector.java:73)
	at org.junit.platform.engine.support.hierarchical.NodeTestTask.executeRecursively(NodeTestTask.java:143)
	at org.junit.platform.engine.support.hierarchical.NodeTestTask.execute(NodeTestTask.java:100)
	at java.base/java.util.ArrayList.forEach(ArrayList.java:1511)
	at org.junit.platform.engine.support.hierarchical.SameThreadHierarchicalTestExecutorService.invokeAll(SameThreadHierarchicalTestExecutorService.java:41)
	at org.junit.platform.engine.support.hierarchical.NodeTestTask.lambda$executeRecursively$6(NodeTestTask.java:160)
	at org.junit.platform.engine.support.hierarchical.ThrowableCollector.execute(ThrowableCollector.java:73)
	at org.junit.platform.engine.support.hierarchical.NodeTestTask.lambda$executeRecursively$8(NodeTestTask.java:146)
	at org.junit.platform.engine.support.hierarchical.Node.around(Node.java:137)
	at org.junit.platform.engine.support.hierarchical.NodeTestTask.lambda$executeRecursively$9(NodeTestTask.java:144)
	at org.junit.platform.engine.support.hierarchical.ThrowableCollector.execute(ThrowableCollector.java:73)
	at org.junit.platform.engine.support.hierarchical.NodeTestTask.executeRecursively(NodeTestTask.java:143)
	at org.junit.platform.engine.support.hierarchical.NodeTestTask.execute(NodeTestTask.java:100)
	at org.junit.platform.engine.support.hierarchical.SameThreadHierarchicalTestExecutorService.submit(SameThreadHierarchicalTestExecutorService.java:35)
	at org.junit.platform.engine.support.hierarchical.HierarchicalTestExecutor.execute(HierarchicalTestExecutor.java:57)
	at org.junit.platform.engine.support.hierarchical.HierarchicalTestEngine.execute(HierarchicalTestEngine.java:54)
	at org.junit.platform.launcher.core.EngineExecutionOrchestrator.execute(EngineExecutionOrchestrator.java:201)
	at org.junit.platform.launcher.core.EngineExecutionOrchestrator.execute(EngineExecutionOrchestrator.java:170)
	at org.junit.platform.launcher.core.EngineExecutionOrchestrator.execute(EngineExecutionOrchestrator.java:94)
	at org.junit.platform.launcher.core.EngineExecutionOrchestrator.lambda$execute$0(EngineExecutionOrchestrator.java:59)
	at org.junit.platform.launcher.core.EngineExecutionOrchestrator.withInterceptedStreams(EngineExecutionOrchestrator.java:142)
	at org.junit.platform.launcher.core.EngineExecutionOrchestrator.execute(EngineExecutionOrchestrator.java:58)
	at org.junit.platform.launcher.core.DefaultLauncher.execute(DefaultLauncher.java:103)
	at org.junit.platform.launcher.core.DefaultLauncher.execute(DefaultLauncher.java:85)
	at org.junit.platform.launcher.core.DelegatingLauncher.execute(DelegatingLauncher.java:47)
	at org.junit.platform.launcher.core.InterceptingLauncher.lambda$execute$1(InterceptingLauncher.java:39)
	at org.junit.platform.launcher.core.ClasspathAlignmentCheckingLauncherInterceptor.intercept(ClasspathAlignmentCheckingLauncherInterceptor.java:25)
	at org.junit.platform.launcher.core.InterceptingLauncher.execute(InterceptingLauncher.java:38)
	at org.junit.platform.launcher.core.DelegatingLauncher.execute(DelegatingLauncher.java:47)
	at org.apache.maven.surefire.junitplatform.LauncherAdapter.executeWithoutCancellationToken(LauncherAdapter.java:60)
	at org.apache.maven.surefire.junitplatform.LauncherAdapter.execute(LauncherAdapter.java:52)
	at org.apache.maven.surefire.junitplatform.JUnitPlatformProvider.execute(JUnitPlatformProvider.java:203)
	at org.apache.maven.surefire.junitplatform.JUnitPlatformProvider.invokeAllTests(JUnitPlatformProvider.java:168)
	at org.apache.maven.surefire.junitplatform.JUnitPlatformProvider.invoke(JUnitPlatformProvider.java:136)
	at org.apache.maven.surefire.booter.ForkedBooter.runSuitesInProcess(ForkedBooter.java:385)
	at org.apache.maven.surefire.booter.ForkedBooter.execute(ForkedBooter.java:162)
	at org.apache.maven.surefire.booter.ForkedBooter.run(ForkedBooter.java:507)
	at org.apache.maven.surefire.booter.ForkedBooter.main(ForkedBooter.java:495)
Caused by: org.springframework.beans.factory.BeanCreationException: Error creating bean with name 'entityManagerFactory' defined in class path resource [org/springframework/boot/autoconfigure/orm/jpa/HibernateJpaConfiguration.class]: Failed to initialize dependency 'liquibase' of LoadTimeWeaverAware bean 'entityManagerFactory': Error creating bean with name 'liquibase' defined in class path resource [org/springframework/boot/autoconfigure/liquibase/LiquibaseAutoConfiguration$LiquibaseConfiguration.class]: org.postgresql.util.PSQLException: FATAL: password authentication failed for user "postgres"
	at org.springframework.beans.factory.support.AbstractBeanFactory.doGetBean(AbstractBeanFactory.java:328)
	at org.springframework.beans.factory.support.AbstractBeanFactory.getBean(AbstractBeanFactory.java:207)
	at org.springframework.context.support.AbstractApplicationContext.finishBeanFactoryInitialization(AbstractApplicationContext.java:970)
	at org.springframework.context.support.AbstractApplicationContext.refresh(AbstractApplicationContext.java:627)
	at org.springframework.boot.SpringApplication.refresh(SpringApplication.java:752)
	at org.springframework.boot.SpringApplication.refreshContext(SpringApplication.java:439)
	at org.springframework.boot.SpringApplication.run(SpringApplication.java:318)
	at org.springframework.boot.test.context.SpringBootContextLoader.lambda$loadContext$3(SpringBootContextLoader.java:144)
	at org.springframework.util.function.ThrowingSupplier.get(ThrowingSupplier.java:58)
	at org.springframework.util.function.ThrowingSupplier.get(ThrowingSupplier.java:46)
	at org.springframework.boot.SpringApplication.withHook(SpringApplication.java:1461)
	at org.springframework.boot.test.context.SpringBootContextLoader$ContextLoaderHook.run(SpringBootContextLoader.java:563)
	at org.springframework.boot.test.context.SpringBootContextLoader.loadContext(SpringBootContextLoader.java:144)
	at org.springframework.boot.test.context.SpringBootContextLoader.loadContext(SpringBootContextLoader.java:110)
	at org.springframework.test.context.cache.DefaultCacheAwareContextLoaderDelegate.loadContextInternal(DefaultCacheAwareContextLoaderDelegate.java:225)
	at org.springframework.test.context.cache.DefaultCacheAwareContextLoaderDelegate.loadContext(DefaultCacheAwareContextLoaderDelegate.java:152)
	... 80 common frames omitted
Caused by: org.springframework.beans.factory.BeanCreationException: Error creating bean with name 'liquibase' defined in class path resource [org/springframework/boot/autoconfigure/liquibase/LiquibaseAutoConfiguration$LiquibaseConfiguration.class]: org.postgresql.util.PSQLException: FATAL: password authentication failed for user "postgres"
	at org.springframework.beans.factory.support.AbstractAutowireCapableBeanFactory.initializeBean(AbstractAutowireCapableBeanFactory.java:1826)
	at org.springframework.beans.factory.support.AbstractAutowireCapableBeanFactory.doCreateBean(AbstractAutowireCapableBeanFactory.java:607)
	at org.springframework.beans.factory.support.AbstractAutowireCapableBeanFactory.createBean(AbstractAutowireCapableBeanFactory.java:529)
	at org.springframework.beans.factory.support.AbstractBeanFactory.lambda$doGetBean$0(AbstractBeanFactory.java:339)
	at org.springframework.beans.factory.support.DefaultSingletonBeanRegistry.getSingleton(DefaultSingletonBeanRegistry.java:373)
	at org.springframework.beans.factory.support.AbstractBeanFactory.doGetBean(AbstractBeanFactory.java:337)
	at org.springframework.beans.factory.support.AbstractBeanFactory.getBean(AbstractBeanFactory.java:202)
	at org.springframework.beans.factory.support.AbstractBeanFactory.doGetBean(AbstractBeanFactory.java:315)
	... 95 common frames omitted
Caused by: liquibase.exception.DatabaseException: org.postgresql.util.PSQLException: FATAL: password authentication failed for user "postgres"
	at liquibase.integration.spring.SpringLiquibase.afterPropertiesSet(SpringLiquibase.java:286)
	at org.springframework.beans.factory.support.AbstractAutowireCapableBeanFactory.invokeInitMethods(AbstractAutowireCapableBeanFactory.java:1873)
	at org.springframework.beans.factory.support.AbstractAutowireCapableBeanFactory.initializeBean(AbstractAutowireCapableBeanFactory.java:1822)
	... 102 common frames omitted
Caused by: org.postgresql.util.PSQLException: FATAL: password authentication failed for user "postgres"
	at org.postgresql.core.v3.ConnectionFactoryImpl.doAuthentication(ConnectionFactoryImpl.java:777)
	at org.postgresql.core.v3.ConnectionFactoryImpl.tryConnect(ConnectionFactoryImpl.java:234)
	at org.postgresql.core.v3.ConnectionFactoryImpl.openConnectionImpl(ConnectionFactoryImpl.java:289)
	at org.postgresql.core.ConnectionFactory.openConnection(ConnectionFactory.java:57)
	at org.postgresql.jdbc.PgConnection.<init>(PgConnection.java:277)
	at org.postgresql.Driver.makeConnection(Driver.java:448)
	at org.postgresql.Driver.connect(Driver.java:298)
	at com.zaxxer.hikari.util.DriverDataSource.getConnection(DriverDataSource.java:144)
	at com.zaxxer.hikari.pool.PoolBase.newConnection(PoolBase.java:370)
	at com.zaxxer.hikari.pool.PoolBase.newPoolEntry(PoolBase.java:207)
	at com.zaxxer.hikari.pool.HikariPool.createPoolEntry(HikariPool.java:488)
	at com.zaxxer.hikari.pool.HikariPool.checkFailFast(HikariPool.java:576)
	at com.zaxxer.hikari.pool.HikariPool.<init>(HikariPool.java:97)
	at com.zaxxer.hikari.HikariDataSource.getConnection(HikariDataSource.java:111)
	at liquibase.integration.spring.SpringLiquibase.afterPropertiesSet(SpringLiquibase.java:281)
	... 104 common frames omitted
